prompt,occasion,formality,constraint,color_tone
"going to my ex's wedding as a guest, need to look stunning but not try-hard",wedding,semi-formal,understated,soft
"y2k party outfit that screams early 2000s vibes but make it fashion",party,casual,bold,bright
"new job first week fits, corporate girlie era but still me",office,semi-formal,formal,neutral
"first date at a rooftop bar, cool but effortless not trying too hard",date,semi-formal,no_constraint,neutral
"something to wear to a rave that's also an outfit and not just a bra",party,casual,bold,dark
"capsule wardrobe for a girl who wears all black everything",casual,casual,understated,dark
"garden party guest dress that isn't giving mother of the bride",party,semi-formal,no_constraint,soft
"soft launch date outfit, coffee shop, don't wanna look like I tried",date,casual,understated,neutral
"something to wear clubbing in Berlin, no dress code, anything goes",party,casual,bold,dark
"office summer outfit that's still professional but won't die in the heat",office,semi-formal,formal,soft
"wedding guest look that won't upstage the bride but still looks amazing",wedding,semi-formal,formal,soft
"going out top for a bachelorette party that's fun but not embarrassing in photos",party,casual,no_constraint,bright
"date night at a fancy restaurant, classic and chic, no crop tops",date,semi-formal,understated,neutral
"quiet luxury office looks that say I'm very senior without saying it",office,semi-formal,understated,neutral
"something to wear to a music festival that's actually practical",party,casual,no_constraint,bright
"coastal grandmother vibes but make it wearable for a 23 year old",casual,casual,understated,soft
"date fit for a guy who takes you to an art gallery, very that girl",date,semi-formal,understated,neutral
"bridesmaid dress that doesn't look like a bridesmaid dress",wedding,formal,no_constraint,soft
"office party outfit you can wear from desk to drinks",office,semi-formal,no_constraint,neutral
"going to a themed 70s disco party, need full outfit not just vibes",party,casual,bold,bright
"something cute to wear to my boyfriend's family dinner, sweet but not basic",date,semi-formal,understated,soft
"back to office fall look that doesn't make me look like a LinkedIn post",office,formal,formal,dark
"summer wedding guest in the middle of a heat wave, midi length please",wedding,semi-formal,understated,bright
"going to a friend's birthday dinner at a trendy restaurant, something Instagram worthy",party,semi-formal,bold,bright
"daytime casual look for hanging with friends, comfy but make it fashion",casual,casual,no_constraint,neutral
"hot girl walk outfit that's actually warm because it's winter",casual,casual,bold,dark
"anniversary dinner outfit, romantic and feminine, little black dress alternative",date,formal,no_constraint,dark
"what to wear to a black tie wedding as a guest if I hate formal dresses",wedding,formal,bold,dark
"presentation day work outfit, need to feel powerful and confident",office,formal,bold,neutral
"grunge aesthetic going out fit for a dive bar, not a costume just vibes",party,casual,bold,dark
"picnic date look, cottagecore light but still cute if we end up somewhere nice",date,casual,no_constraint,soft
"sister's baby shower outfit, sweet and put together, not too much",party,semi-formal,understated,soft
"fall casual OOTD that's basically a cozy hug you can wear outside",casual,casual,understated,neutral
"office look inspired by The Row but on a realistic budget",office,formal,formal,neutral
"New Year's Eve party dress that's timeless not costume-y",party,semi-formal,bold,bright
"casual Sunday look for brunch that still looks like I have my life together",casual,casual,understated,soft
"first date to a bowling alley, cute but can actually move around",date,casual,no_constraint,bright
"spring wedding guest dress, floral but not in a basic way",wedding,semi-formal,no_constraint,soft
"editorial going out look, something a fashion girl would wear not just anyone",party,semi-formal,bold,dark
"work from home outfits that still make me feel like I'm not giving up on myself",office,casual,understated,soft
"something to wear to an outdoor concert, not muddy, not boring",casual,casual,bold,bright
"what to wear to a rooftop wedding with a dress code of garden chic",wedding,semi-formal,no_constraint,bright
"third date energy, we're going to a jazz bar, sophisticated but fun",date,semi-formal,no_constraint,dark
"birthday going out outfit, it's my birthday and I want to look iconic",party,semi-formal,bold,bright
"something to wear to a gallery opening that doesn't scream art hoe but appreciates it",party,semi-formal,understated,dark
"workwear that fits my aesthetic, I dress like I listen to indie music not corporate",office,semi-formal,no_constraint,dark
"beach to bar outfit for a summer holiday, minimal effort maximum looks",casual,casual,no_constraint,bright
"date afternoon at a farmer's market, relaxed and feminine, no trying too hard",date,casual,understated,soft
"party look that works in both freezing cold outside and sweaty hot club inside",party,casual,no_constraint,dark
"wedding guest dress code says smart casual, what does that even mean help",wedding,semi-formal,understated,neutral
"street style fall look, layered and intentional, not messy layering",casual,casual,bold,neutral
"office look that doesn't make me feel like I'm wearing a costume",office,formal,no_constraint,neutral
"something to wear to a Halloween party that isn't a lazy costume",party,casual,bold,dark
"dinner date outfit, he's taking me somewhere nice but I don't know where",date,semi-formal,no_constraint,neutral
"winter wedding guest look that's warm but still dressy enough",wedding,formal,understated,dark
"what do I wear to a Beyoncé concert that's a full fit not just a tee",party,casual,bold,bright
"hyper-feminine date night look, very Sofia Richie but younger and more fun",date,semi-formal,understated,soft
"transitional office looks for when it's between seasons and nothing works",office,formal,formal,neutral
"something to wear to a Korean BBQ date that won't smell like smoke but also cute",date,casual,no_constraint,bright
"Christmas party work outfit that's festive but professional not tacky",office,semi-formal,no_constraint,bright
"going to a brunch hen party, pastels and fun but still grown up",party,casual,no_constraint,soft
"cute travel outfit for a long haul flight that still looks put together on arrival",casual,casual,understated,neutral
"something edgy to wear to a punk-inspired exhibition",casual,casual,bold,dark
"spring date walk in the park, light and breezy, no mini skirt it's cold",date,casual,understated,soft
"outdoor summer wedding dress code tropical smart, what does that mean",wedding,semi-formal,bold,bright
"what to wear to a work conference when you want to be remembered",office,formal,bold,neutral
"night out in London, effortlessly cool, not trendy in an obvious way",party,semi-formal,understated,dark
"cute at-home loungewear that looks intentional not lazy",casual,casual,understated,soft
"something to wear to watch the rugby with his friends, casual but still pretty",casual,casual,no_constraint,neutral
"job interview outfit that says I'm creative but I can also be professional",office,formal,bold,neutral
"going to see a Taylor Swift tribute band, not cringe but still fun",party,casual,no_constraint,soft
"date to a museum, sophisticated casual, a bit preppy but not stuffy",date,semi-formal,understated,neutral
"something that reads office appropriate but also going out straight after works",office,semi-formal,no_constraint,dark
"Italian summer vacation outfits, classy and European not tourist-y",casual,casual,understated,bright
"autumn wedding guest, jewel tones and drama but not over the top",wedding,formal,bold,dark
"going to a house party, not trying too hard but definitely didn't just roll out of bed",party,casual,no_constraint,neutral
"biker-meets-feminine aesthetic everyday outfit",casual,casual,bold,dark
"date at an escape room, cute but can crouch, run, and problem solve",date,casual,no_constraint,neutral
"summer office looks, no linen because I always look wrinkled",office,formal,understated,soft
"something to wear to my cousin's Italian wedding, dress code is elegant casual",wedding,semi-formal,understated,bright
"ultra feminine spring looks that aren't just pink and floral",casual,casual,no_constraint,soft
"what to wear for a Pilates class then brunch, seamless transition outfit",casual,casual,understated,soft
"something sexy for a speed dating event but not trying too hard",date,semi-formal,bold,dark
"smart look for a client lunch that also goes with a coffee in the morning",office,semi-formal,understated,neutral
"Ibiza holiday looks, colourful and fun, not basic influencer aesthetic",party,casual,bold,bright
"minimalist work capsule wardrobe, five pieces, loads of outfits",office,formal,understated,neutral
"something to wear to a baby shower that isn't too formal but also not jeans",party,semi-formal,understated,soft
"date night pub quiz look, casual and fun but still obviously made an effort",date,casual,no_constraint,neutral
"something to wear to a black and white themed party, not just a tux",party,semi-formal,bold,dark
"autumn casual looks that actually use autumn colours not just beige",casual,casual,no_constraint,dark
"what to wear to a destination beach wedding as a guest",wedding,semi-formal,no_constraint,bright
"power suit moment but make it wearable for my body type, I hate boxy fits",office,formal,bold,dark
"winter date outfit that's still cute even with a massive coat over it",date,semi-formal,understated,dark
"something to wear to a pop up market on a weekend, effortless and artistic",casual,casual,no_constraint,bright
"what to wear to a concert that starts at 7pm so part office part gig",party,semi-formal,no_constraint,neutral
"girls trip to Amsterdam looks, walkable cute, club ready by night",casual,casual,bold,bright
"soft feminine date look, meeting his friends for the first time",date,casual,understated,soft
"sustainable fashion going out look, thrifted energy but actually stylish",party,casual,no_constraint,neutral
"something to wear to a rooftop party in summer, breezy but still a look",party,casual,bold,bright
"going to a winter formal but it's at a venue that's always freezing, still want to look good",wedding,formal,formal,dark
"outdoor vineyard wedding guest look, breezy and feminine, nothing stiff",wedding,casual,formal,bright
"something flowy and pale for a daytime wedding, not white obviously",wedding,casual,formal,soft
"blush tones for a wedding guest outfit that feels effortless and put together",wedding,casual,formal,soft
"casual wedding vibe but still formal enough for the ceremony and dinner",wedding,casual,formal,soft
"dusty rose wedding guest dress that works in photos and real life",wedding,casual,formal,bright
"soft pastel moment for a beach wedding, midi or maxi, no stilettos",wedding,casual,formal,soft
"something in lavender or sage for a relaxed garden wedding",wedding,casual,formal,soft
"wedding guest look that feels soft and feminine without being too costume-y",wedding,casual,formal,soft
"pale blue dress for a summer wedding that's formal but breathable",wedding,casual,formal,soft
"floaty chiffon guest look for an afternoon wedding, light and airy",wedding,casual,formal,soft
"something romantic and soft for a wedding that's not evening dress formal",wedding,casual,formal,soft
"cream or ivory adjacent guest dress that isn't confused with the bride",wedding,casual,formal,soft
"soft peach wedding guest outfit, relaxed but elevated",wedding,casual,formal,soft
"maxi dress in muted tones for a countryside wedding, casual but dressy",wedding,casual,formal,soft
"blush pink long dress for a wedding that says put together without trying",wedding,casual,formal,soft
"what to wear to a morning wedding ceremony that's chic but not over the top",wedding,casual,formal,soft
"something in powder blue or mint for a sweet relaxed wedding",wedding,casual,formal,soft
"soft floral midi for a wedding that has no strict dress code",wedding,casual,formal,soft
"understated wedding guest look, muted palette, let the bride shine",wedding,casual,formal,soft
"sage green guest dress that's casual enough for an outdoor wedding",wedding,casual,formal,soft
"what to wear as a guest to a whimsical woodland wedding, soft and dreamy",wedding,casual,formal,soft
"pale pink wrap dress for a wedding, classic but modern, not fussy",wedding,casual,formal,soft
"soft toned outfit for a morning wedding followed by a relaxed garden party",wedding,casual,formal,soft
"something in dusty blue for a wedding that's casual but still feels special",wedding,casual,formal,soft
"wedding guest look in soft neutrals that transitions from ceremony to reception",wedding,casual,formal,soft
"floral print in muted pastels for a spring wedding, not trying too hard",wedding,casual,formal,soft
"pastel yellow midi dress for a wedding, cheerful but sophisticated",wedding,casual,formal,soft
"light and romantic guest look for a winery wedding at golden hour",wedding,casual,formal,soft
"something barely-there pink for a minimalist bride's very soft aesthetic wedding",wedding,casual,formal,soft
"soft cotton or linen wedding guest look that's formal enough but won't wrinkle badly",wedding,casual,formal,soft
"feminine and flowy for a destination wedding in a warm country, not a beach coverup",wedding,casual,formal,soft
"look for a casual morning wedding where the dress code is garden party chic",wedding,casual,formal,soft
"muted floral guest dress for an intimate wedding that's small and personal",wedding,casual,formal,soft
"soft tulle skirt moment for a wedding guest who wants to be a little dreamy",wedding,casual,formal,soft
"what to wear to a friend's elopement celebration dinner, soft and sentimental",wedding,casual,formal,soft
"pale lavender formal-ish dress that's still comfortable enough for a long wedding day",wedding,casual,formal,soft
"something in blush or nude that reads formal but feels like you barely tried",wedding,casual,formal,soft
"soft champagne guest dress that doesn't read too bridal but is still special",wedding,casual,formal,soft
"romantic wedding guest look inspired by cottagecore but still wedding-appropriate",wedding,casual,formal,soft
"black tie party look that's actually wearable and not just a costume",party,formal,understated,soft
"elevated going out dress for a fancy birthday dinner party, old money vibes",party,formal,understated,bright
"formal party fit that works for a charity gala in your twenties",party,formal,formal,dark
"something polished for a cocktail party that isn't your mum's idea of cocktail attire",party,semi-formal,formal,neutral
"red carpet energy for a formal party but make it Gen Z not Hollywood",party,formal,bold,soft
"statement gown for a black tie party that's daring but still tasteful",party,formal,bold,bright
"dramatic formal party look, full glam, no playing it safe tonight",party,formal,bold,dark
"bold suit moment for a formal party where everyone else will be in dresses",party,formal,bold,neutral
"formal party look where I want to stand out but not look try-hard",party,formal,no_constraint,soft
"something for a fancy work awards night that's festive and formal",party,formal,no_constraint,bright
"formal evening party look that feels like me not like a dress-up doll",party,formal,no_constraint,dark
"cocktail party look, I want to look expensive without spending a lot",party,formal,no_constraint,neutral
"going to a semi-formal rooftop party, upscale but not black tie",party,semi-formal,understated,soft
"birthday dinner at a nice restaurant, semi-formal but still fun energy",party,semi-formal,understated,bright
"semi-formal house party where the host always overdresses everyone else",party,semi-formal,understated,dark
"elevated but not stiff look for a cocktail hour before a wedding after-party",party,semi-formal,understated,neutral
"semi-formal masquerade party look, dramatic but wearable",party,semi-formal,bold,soft
"going out dress for a semi-formal birthday party, fun and attention-grabbing",party,semi-formal,bold,bright
"semi-formal Halloween party, scary but make it chic",party,semi-formal,bold,dark
"bold co-ord set for a fancy friend group dinner that counts as a party",party,semi-formal,bold,neutral
"something for an art gallery party that's semi-formal and actually interesting",party,semi-formal,no_constraint,soft
"going to a charity auction party, not too serious but smart enough",party,semi-formal,no_constraint,bright
"semi-formal leaving drinks look, memorable but not over the top",party,semi-formal,no_constraint,dark
"something for a friend's engagement party that's celebratory but understated",party,semi-formal,no_constraint,neutral
"rave-ready casual look that's still a whole outfit not just underwear",party,casual,understated,soft
"low-key birthday house party look, cute but like I didn't overthink it",party,casual,understated,bright
"casual going out look for a warehouse party, comfy shoes mandatory",party,casual,understated,dark
"something casual for a daytime garden party, not a dress not just jeans",party,casual,understated,neutral
"festival outfit that's bold and colourful but actually practical to wear all day",party,casual,bold,soft
"something to wear to a themed party that's committed but not embarrassing",party,casual,bold,bright
"casual but attention-grabbing look for a friend's birthday pub crawl",party,casual,bold,dark
"going out look for a dive bar birthday, casual but clearly made an effort",party,casual,bold,neutral
"hen party casual look that's fun without a sash or anything cringey",party,casual,no_constraint,soft
"what to wear to an outdoor day party when it might rain but you still want to look good",party,casual,no_constraint,bright
"casual house party look, arrived looking cute not like I came from the gym",party,casual,no_constraint,dark
"something for a low-key birthday picnic party that's still Instagram-worthy",party,casual,no_constraint,neutral
"formal wedding guest look that's polished but still has personality",wedding,formal,understated,soft
"formal afternoon wedding, something in a warm tone that photographs beautifully",wedding,formal,understated,bright
"black tie optional wedding, I want to dress up but not be the only one in a gown",wedding,formal,understated,dark
"winter formal wedding, need something warm but still wedding-level dressy",wedding,formal,understated,neutral
"bold formal wedding guest look, I want to be remembered but not for wrong reasons",wedding,formal,bold,soft
"wearing a maximalist formal gown to a wedding, lots of texture and detail",wedding,formal,bold,bright
"dramatic dark formal look for a winter wedding, jewel tones and structure",wedding,formal,bold,dark
"statement trouser suit for a formal wedding as a guest who hates dresses",wedding,formal,bold,neutral
"formal evening wedding look that feels effortless not stiff",wedding,formal,no_constraint,soft
"what to wear to a formal Indian wedding as a non-Indian guest",wedding,formal,no_constraint,bright
"formal wedding in a church, need something that covers shoulders but still looks good",wedding,formal,no_constraint,dark
"formal winter wedding guest look, monochrome but not boring",wedding,formal,no_constraint,neutral
"semi-formal wedding on a farm, chic but heels would sink into the grass",wedding,semi-formal,understated,soft
"semi-formal destination wedding abroad, lightweight and pretty",wedding,semi-formal,understated,bright
"semi-formal autumn wedding, something in deep tones that isn't too dark",wedding,semi-formal,understated,dark
"semi-formal city wedding, sleek and modern not fussy or ruffly",wedding,semi-formal,understated,neutral
"semi-formal wedding guest look that's a bit fashion-forward but still appropriate",wedding,semi-formal,bold,soft
"colourful semi-formal wedding look, I want to be bold but not upstage the bride",wedding,semi-formal,bold,bright
"semi-formal gothic wedding aesthetic as a guest, dark but celebratory",wedding,semi-formal,bold,dark
"bold print dress for a semi-formal outdoor summer wedding",wedding,semi-formal,bold,neutral
"semi-formal boho wedding look, floaty and free but still put together",wedding,semi-formal,no_constraint,soft
"what to wear to a semi-formal rooftop wedding, breezy but elevated",wedding,semi-formal,no_constraint,bright
"semi-formal wedding where everyone will be overdressed, still want to fit in",wedding,semi-formal,no_constraint,dark
"something for a semi-formal elopement celebration that's joyful and relaxed",wedding,semi-formal,no_constraint,neutral
"casual beach wedding guest look, barefoot optional but still pretty",wedding,casual,understated,soft
"casual outdoor picnic wedding, something that works on grass and in photos",wedding,casual,understated,bright
"casual wedding celebration in a pub garden, not a dress code but still want to look nice",wedding,casual,understated,dark
"relaxed casual wedding in someone's backyard, sundress energy but thoughtful",wedding,casual,understated,neutral
"bold casual wedding guest look, I don't want to blend into the background",wedding,casual,bold,soft
"bright and bold casual wedding look, it's a colourful celebration",wedding,casual,bold,bright
"edgy casual wedding guest fit, the couple has alternative style so I can too",wedding,casual,bold,dark
"casual wedding with a bold co-ord set, not a dress but still festive",wedding,casual,bold,neutral
"casual wedding look that's relaxed but still says I respect the occasion",wedding,casual,no_constraint,soft
"something for a casual afternoon wedding in summer, nothing too structured",wedding,casual,no_constraint,bright
"laid-back wedding in a brewery, casual but still a step above normal clothes",wedding,casual,no_constraint,dark
"relaxed wedding dress code says wear what you want, panicking slightly",wedding,casual,no_constraint,neutral
"formal office look that commands respect in a boardroom full of older men",office,formal,understated,soft
"classic formal workwear in soft tones that never goes out of style",office,formal,understated,soft
"office formal look inspired by old money, nothing trendy just quality",office,formal,understated,bright
"bright formal office look, I want colour in my workwear not just navy and grey",office,formal,understated,bright
"dark formal office looks for winter, sleek and serious without being gloomy",office,formal,understated,dark
"all-dark formal workwear capsule, I only wear dark colours to the office",office,formal,understated,dark
"neutral formal office wardrobe that mixes and matches easily",office,formal,understated,neutral
"understated formal office look, no logos, no trends, just great tailoring",office,formal,understated,neutral
"bold formal workwear, I want to wear colour and not apologise for it",office,formal,bold,soft
"power dressing in soft tones, feminine but clearly in charge",office,formal,bold,bright
"making a statement in the office with a bold formal look, not costume just confidence",office,formal,bold,dark
"corporate girl bold look, formal but clearly has opinions about fashion",office,formal,bold,neutral
"formal office look that has no rules, just needs to look professional",office,formal,no_constraint,soft
"something for a formal work event that isn't stuffy or boring",office,formal,no_constraint,bright
"formal office look with a fashion edge, I work in a creative industry",office,formal,no_constraint,dark
"formal workwear that doesn't erase my personality",office,formal,no_constraint,neutral
"semi-formal office look for a Friday that still looks intentional",office,semi-formal,understated,soft
"business casual in pastel tones, still professional but less rigid",office,semi-formal,understated,bright
"semi-formal dark work outfit that's polished but not uptight",office,semi-formal,understated,dark
"smart casual office look, the dress code is vague and I'm stressed",office,semi-formal,understated,neutral
"bold semi-formal work look that breaks the beige office aesthetic",office,semi-formal,bold,soft
"semi-formal office outfit with a pop of colour that still looks intentional",office,semi-formal,bold,bright
"semi-formal dark office look with interesting texture or detail",office,semi-formal,bold,dark
"making a statement in business casual, bold accessories and a strong outfit",office,semi-formal,bold,neutral
"semi-formal office look I can wear to an external meeting and feel confident",office,semi-formal,no_constraint,soft
"business casual summer look, light enough for the heat professional enough for meetings",office,semi-formal,no_constraint,bright
"semi-formal winter work outfit, layered and interesting not just a jumper",office,semi-formal,no_constraint,dark
"smart casual office look that works for video calls and in-person days",office,semi-formal,no_constraint,neutral
"casual work from home outfit that still makes me feel like a professional",office,casual,understated,soft
"casual Friday office look that's still polished not just jeans and a tee",office,casual,understated,bright
"casual work outfit in dark tones that's comfortable but still looks intentional",office,casual,understated,dark
"relaxed work day outfit, neutral and easy but clearly not lazy",office,casual,understated,neutral
"bold casual workwear, I want to wear something fun even on a low-key day",office,casual,bold,soft
"casual office day but make it fashion, bright colours and interesting shapes",office,casual,bold,bright
"casual dark office look with an edge, not corporate but still appropriate",office,casual,bold,dark
"casual Friday bold look, I'm dressing for myself not the dress code",office,casual,bold,neutral
"casual work outfit where literally anything goes, startup culture dress code",office,casual,no_constraint,soft
"no dress code office outfit, how do I look professional without rules",office,casual,no_constraint,bright
"casual work day, dark colours, comfortable, still looks like I tried",office,casual,no_constraint,dark
"relaxed office day look with no constraints, comfortable and cute",office,casual,no_constraint,neutral
"everyday casual look in soft tones, something I'd actually reach for daily",casual,formal,understated,soft
"formal casual contradiction, elevated everyday clothes in muted tones",casual,formal,understated,bright
"dark toned formal-ish everyday look for someone who dresses up even on days off",casual,formal,understated,dark
"neutral toned casual look that feels intentional and put together",casual,formal,understated,neutral
"bold everyday look in soft colours, feminine and confident",casual,formal,bold,soft
"bright bold casual outfit for a girl who makes every errand a fashion moment",casual,formal,bold,bright
"edgy everyday look in dark tones, I dress up even when I'm just going to the shops",casual,formal,bold,dark
"bold neutral casual look, statement pieces but in a quiet palette",casual,formal,bold,neutral
"elevated casual look with no rules, just want to look good running errands",casual,formal,no_constraint,soft
"bright and free casual look for a day off, no agenda just vibes",casual,formal,no_constraint,bright
"dark casual look with an editorial feel, I want to look like a photo even on a normal day",casual,formal,no_constraint,dark
"effortless casual look in neutrals, the kind of outfit that photographs well spontaneously",casual,formal,no_constraint,neutral
"soft and cosy semi-formal casual look for a lunch with friends at a nice cafe",casual,semi-formal,understated,soft
"bright semi-formal casual look for a daytime event that isn't quite a party",casual,semi-formal,understated,bright
"semi-formal dark casual outfit, dressed up but not going anywhere fancy",casual,semi-formal,understated,dark
"neutral semi-formal everyday look, looks like an outfit not just clothes",casual,semi-formal,understated,neutral
"bold soft tones for an elevated casual day out, I overdress for everything",casual,semi-formal,bold,soft
"bright bold semi-formal casual look, I dress like I'm always going somewhere",casual,semi-formal,bold,bright
"dark bold semi-formal casual outfit for someone with maximalist tendencies",casual,semi-formal,bold,dark
"bold neutral semi-formal casual look, understated drama",casual,semi-formal,bold,neutral
"semi-formal casual look with no dress code, just want to look elevated",casual,semi-formal,no_constraint,soft
"bright and breezy semi-formal casual look for an afternoon out",casual,semi-formal,no_constraint,bright
"dark and interesting semi-formal casual look, not going out just living my life",casual,semi-formal,no_constraint,dark
"effortless semi-formal casual outfit in neutral tones that looks expensive",casual,semi-formal,no_constraint,neutral
"soft toned truly casual outfit that's comfortable but not sloppy",casual,casual,understated,soft
"casual bright look for a fun day with friends, effortless and colourful",casual,casual,understated,bright
"dark casual everyday look that's cool without trying, my usual vibe",casual,casual,understated,dark
"truly casual neutral outfit that still has a point of view",casual,casual,understated,neutral
"bold and soft casual look, feminine and playful for a day off",casual,casual,bold,soft
"bold bright casual outfit for when I want to be noticed even at the supermarket",casual,casual,bold,bright
"dark bold casual look, my everyday style is kind of intense and I love it",casual,casual,bold,dark
"bold neutral casual outfit, I wear interesting pieces even casually",casual,casual,bold,neutral
"casual no rules soft look, comfortable and feminine and that's it",casual,casual,no_constraint,soft
"casual bright look with no agenda, just happy colours and comfy clothes",casual,casual,no_constraint,bright
"dark casual look, no rules, just vibes, I wear what I want",casual,casual,no_constraint,dark
"relaxed neutral casual look, clean and simple but still considered",casual,casual,no_constraint,neutral
"formal first date look in soft tones, romantic and elegant without overdressing",date,formal,understated,soft
"formal date look in warm bright tones, I want to glow not disappear",date,formal,understated,bright
"formal dark date look, moody and mysterious for a fancy dinner",date,formal,understated,dark
"formal neutral date look, classic and timeless, nothing too trendy",date,formal,understated,neutral
"bold soft toned formal date look, I want to feel feminine and powerful",date,formal,bold,soft
"bright bold formal date look, I'm going to a fancy dinner and want to turn heads",date,formal,bold,bright
"dark bold formal date look, drama and confidence for a high-stakes evening",date,formal,bold,dark
"bold neutral formal date look, strong tailoring and serious style energy",date,formal,bold,neutral
"formal date with no rules, something that feels right not just appropriate",date,formal,no_constraint,soft
"formal date look that's vibrant and joyful not stiff or stuffy",date,formal,no_constraint,bright
"formal dark date look with an unexpected twist, not just a little black dress",date,formal,no_constraint,dark
"formal date look in neutrals that feels personal and not generic",date,formal,no_constraint,neutral
"semi-formal date look in soft colours, pretty and approachable",date,semi-formal,understated,soft
"bright semi-formal date look, summery and flirty for an outdoor dinner",date,semi-formal,understated,bright
"semi-formal dark date outfit, going somewhere nice but not black tie",date,semi-formal,understated,dark
"semi-formal neutral date look, chic and effortless for a nice restaurant",date,semi-formal,understated,neutral
"bold soft semi-formal date look, I want to look romantic and intentional",date,semi-formal,bold,soft
"bright bold semi-formal date look, I dress for myself not just for the occasion",date,semi-formal,bold,bright
"dark bold semi-formal date look, a bit dramatic for a Thursday night but worth it",date,semi-formal,bold,dark
"bold neutral semi-formal date look, statement outfit for a memorable evening",date,semi-formal,bold,neutral
"semi-formal date look with no constraints, something I feel amazing in",date,semi-formal,no_constraint,soft
"semi-formal date look that's vibrant and free, second date energy",date,semi-formal,no_constraint,bright
"semi-formal dark date look, I want intrigue and elegance without full formality",date,semi-formal,no_constraint,dark
"semi-formal neutral date look that still feels like a special occasion",date,semi-formal,no_constraint,neutral
"casual soft date look, sweet and feminine for a relaxed afternoon date",date,casual,understated,soft
"casual bright date look, sunny and happy for a daytime date in the park",date,casual,understated,bright
"casual dark date look, cool and low-key for a record shop browse then coffee",date,casual,understated,dark
"casual neutral date look, effortless and genuine, not trying to be someone I'm not",date,casual,understated,neutral
"bold soft casual date look, pretty and playful for a chill first date",date,casual,bold,soft
"bold bright casual date look, I want to be memorable on a daytime date",date,casual,bold,bright
"bold dark casual date look, edgy and interesting for a guy who likes that",date,casual,bold,dark
"bold neutral casual date look, confident and cool without needing colour",date,casual,bold,neutral
"casual date look in soft tones with no rules, just want to feel like myself",date,casual,no_constraint,soft
"casual bright date look, colourful and fun for someone I actually like",date,casual,no_constraint,bright
"casual dark date look with no agenda, effortlessly cool without trying",date,casual,no_constraint,dark
"relaxed neutral casual date look, the kind of outfit that looks accidental but isn't",date,casual,no_constraint,neutral
"something for a formal house party where everyone dresses up, theatrical and fun",party,formal,understated,soft
"glamorous formal party look, I want to feel like a movie character not just a guest",party,formal,bold,bright
"formal NYE look that's timeless and won't look dated in photos years later",party,formal,no_constraint,dark
"high fashion formal party look, something editorial and unexpected",party,formal,understated,neutral
"formal wedding guest look that's architectural and structured, not just a pretty dress",wedding,formal,bold,soft
"formal wedding in a castle, I want to match the venue energy",wedding,formal,no_constraint,bright
"black tie wedding look that's feminine and dreamy not just a standard gown",wedding,formal,understated,dark
"formal outdoor evening wedding, need something that looks good in candlelight",wedding,formal,bold,neutral
"elevated casual day off look that feels formal even without an occasion",casual,formal,understated,soft
"casual formal contradiction, I dress formally even when I'm doing nothing",casual,formal,bold,bright
"formal-feeling everyday look for a girl who never underdresses",casual,formal,no_constraint,dark
"truly elevated casual look in neutrals, quiet luxury but for a day at home",casual,formal,understated,neutral
"formal first date energy, I want to look like I take this seriously",date,formal,bold,soft
"elevated formal date look that feels personal and not like a uniform",date,formal,no_constraint,bright
"formal date look for someone who wants to feel powerful and attractive simultaneously",date,formal,understated,dark
"formal evening date look with a sense of humour, not stiff just elevated",date,formal,bold,neutral
"party look for a winter ball that's glamorous but won't freeze me to death",party,formal,understated,soft
"upscale holiday party dress that doesn't scream office christmas party",party,formal,understated,bright
"something sleek and formal for a college formal that isn't a prom dress",party,formal,understated,dark
"classic formal party look for a gala that I can rewear to other events",party,formal,understated,neutral
"feminine power look for a fancy networking party where I want to be remembered",party,formal,bold,soft
"metallic formal party dress that's actually wearable not just shiny",party,formal,bold,bright
"dark dramatic formal party look, full fantasy no apologies",party,formal,bold,dark
"strong structured formal party look in neutral tones, zero fuss maximum impact",party,formal,bold,neutral
"formal party look that feels like art not just getting dressed up",party,formal,no_constraint,soft
"something for a formal launch party that looks like I belong there",party,formal,no_constraint,bright
"formal dinner party guest look, intimate setting so every detail matters",party,formal,no_constraint,dark
"formal party at a museum, I want to match the energy of the space",party,formal,no_constraint,neutral
"semi-formal graduation party look, celebrating but make it fashion",party,semi-formal,understated,soft
"something for a semi-formal summer solstice party, mystical but wearable",party,semi-formal,understated,bright
"semi-formal awards night look that's memorable but not distracting",party,semi-formal,understated,dark
"smart casual birthday party look that's elevated without being formal",party,semi-formal,understated,neutral
"semi-formal midsummer party look, romantic and a little dramatic",party,semi-formal,bold,soft
"something vibrant for a semi-formal Caribbean themed party",party,semi-formal,bold,bright
"semi-formal Halloween adjacent party where I want to look dark and cool not costumey",party,semi-formal,bold,dark
"bold co-ord for a semi-formal dinner party where I know everyone will be stylish",party,semi-formal,bold,neutral
"semi-formal book club party look, intellectual but still cute",party,semi-formal,no_constraint,soft
"what to wear to a semi-formal outdoor summer party at someone's villa",party,semi-formal,no_constraint,bright
"semi-formal leaving party look, I want people to remember how good I looked",party,semi-formal,no_constraint,dark
"something for a semi-formal surprise party where I'm a guest not the host",party,semi-formal,no_constraint,neutral
"casual birthday garden party look, pretty but prepared for the grass",party,casual,understated,soft
"something for an outdoor daytime party that won't look crumpled by noon",party,casual,understated,bright
"casual going out to a concert look, comfortable enough to stand for hours",party,casual,understated,dark
"easy casual party look for a very low effort Sunday afternoon gathering",party,casual,understated,neutral
"colourful bold casual party look for a friend's tropical themed birthday",party,casual,bold,soft
"something fun and bright for a casual beach party in summer",party,casual,bold,bright
"punk casual party look, my friends have chaotic taste and so do I",party,casual,bold,dark
"casual statement look for a party where I don't know many people so I want armour",party,casual,bold,neutral
"something for a casual pottery studio party, creative and cute",party,casual,no_constraint,soft
"daytime casual party look that still counts as an outfit when I post it",party,casual,no_constraint,bright
"going to a friend's flat party, no dress code, I just want to look effortlessly good",party,casual,no_constraint,dark
"casual birthday brunch outfit that's festive without looking like I'm trying",party,casual,no_constraint,neutral
"formal wedding in a cathedral, need something reverent but still stylish",wedding,formal,understated,soft
"pastel formal gown for a spring wedding that feels expensive and light",wedding,formal,understated,bright
"deep formal look for a December wedding where the venue is all candlelight",wedding,formal,understated,dark
"formal wedding guest look in greige or stone, quiet and elegant",wedding,formal,understated,neutral
"ruffled formal wedding guest dress in blush, I want to look like a painting",wedding,formal,bold,soft
"coral or tangerine formal wedding look, bold but still appropriate",wedding,formal,bold,bright
"velvet formal wedding guest look, dark and rich for a winter evening",wedding,formal,bold,dark
"wide-leg formal trouser look for a wedding, tailored and striking in neutrals",wedding,formal,bold,neutral
"formal wedding look for when I genuinely don't know the couple that well",wedding,formal,no_constraint,soft
"formal tropical wedding look, bright and celebratory but not beach casual",wedding,formal,no_constraint,bright
"formal autumn wedding where I want to wear something unexpected not just a gown",wedding,formal,no_constraint,dark
"something for a very formal Jewish wedding, covered shoulders but elegant",wedding,formal,no_constraint,neutral
"semi-formal lakeside wedding, serene and feminine, the water is in the background",wedding,semi-formal,understated,soft
"semi-formal barn wedding in summer, pretty but won't fight with the setting",wedding,semi-formal,understated,bright
"semi-formal moody autumn wedding in the woods, atmospheric and beautiful",wedding,semi-formal,understated,dark
"semi-formal city hall wedding followed by dinner, sleek and romantic",wedding,semi-formal,understated,neutral
"semi-formal Greek island wedding, the light there is golden and I want to match it",wedding,semi-formal,bold,soft
"bright statement dress for a semi-formal outdoor festival wedding",wedding,semi-formal,bold,bright
"semi-formal gothic manor wedding, I want to lean into the architecture",wedding,semi-formal,bold,dark
"something with print or texture for a semi-formal wedding that has personality",wedding,semi-formal,bold,neutral
"semi-formal garden wedding in spring, something that moves well in photos",wedding,semi-formal,no_constraint,soft
"semi-formal wedding on a boat, breezy and elegant, can't do spiky heels",wedding,semi-formal,no_constraint,bright
"semi-formal winter wedding, I don't want to be cold but I still want to look good",wedding,semi-formal,no_constraint,dark
"semi-formal wedding where the couple has great style and I want to honour that",wedding,semi-formal,no_constraint,neutral
"casual intimate wedding at a restaurant, 20 people max, soft and relaxed",wedding,casual,understated,soft
"casual daytime wedding in a park, sundress energy but considered",wedding,casual,understated,bright
"casual city wedding in a cool venue, artsy crowd, not a traditional crowd",wedding,casual,understated,dark
"simple casual wedding at a registry office followed by a pub, comfy but nice",wedding,casual,understated,neutral
"casual outdoor wedding where I want to be colourful and joyful",wedding,casual,bold,soft
"tropical prints for a casual beach side wedding, fun and appropriate",wedding,casual,bold,bright
"casual wedding with alternative dress code, I want to do something unexpected",wedding,casual,bold,dark
"casual but statement making wedding look, the couple is very cool and I respect that",wedding,casual,bold,neutral
"relaxed casual wedding where I still want to feel special even without a dress code",wedding,casual,no_constraint,soft
"casual afternoon outdoor wedding in summer, loose and lovely",wedding,casual,no_constraint,bright
"casual warehouse wedding, the venue is industrial and I want to match the vibe",wedding,casual,no_constraint,dark
"casual weekend wedding where I'm close enough to the couple to dress down a bit",wedding,casual,no_constraint,neutral
"office look for a day when I have back to back client calls and need to feel sharp",office,formal,understated,soft
"something formal for a day when I'm presenting to the exec team and need authority",office,formal,understated,bright
"formal work look that photographs well for my new LinkedIn headshot",office,formal,understated,dark
"clean and formal office day look, simple but clearly intentional",office,formal,understated,neutral
"formal work look that says I'm going places without saying it out loud",office,formal,bold,soft
"something bright and formal for a day when I need to feel energetic at work",office,formal,bold,bright
"formal dark office look with presence, I want to walk into the room and be noticed",office,formal,bold,dark
"bold neutral power look for a formal office day, structured and serious",office,formal,bold,neutral
"formal work outfit for a day where I genuinely have no idea what to wear",office,formal,no_constraint,soft
"something formal for a work trip to another city, polished and travel ready",office,formal,no_constraint,bright
"formal office look that works from morning standup to an evening client dinner",office,formal,no_constraint,dark
"formal workwear that feels like me even in a very corporate environment",office,formal,no_constraint,neutral
"semi-formal workday where I have a creative review and want to look the part",office,semi-formal,understated,soft
"smart casual office look for a day when I have a team lunch somewhere nice",office,semi-formal,understated,bright
"semi-formal work look for my first week at a new job when I'm still reading the room",office,semi-formal,understated,dark
"business casual look for a hybrid day, zoom in the morning real life in the afternoon",office,semi-formal,understated,neutral
"semi-formal work outfit with personality, I refuse to look like everyone else",office,semi-formal,bold,soft
"something semi-formal but expressive for a creative agency office environment",office,semi-formal,bold,bright
"semi-formal dark work look with texture and intention, not just a blazer",office,semi-formal,bold,dark
"bold smart casual office look that breaks the mould without breaking the dress code",office,semi-formal,bold,neutral
"semi-formal work look for an office with absolutely no dress code and too many options",office,semi-formal,no_constraint,soft
"smart casual office look when I'm going to a work event after and need it to transition",office,semi-formal,no_constraint,bright
"semi-formal office day look that feels polished on camera and comfortable in person",office,semi-formal,no_constraint,dark
"smart casual work look that doesn't make me feel like I'm wearing a uniform",office,semi-formal,no_constraint,neutral
"wfh outfit for a day of deep focus, no calls, just want to feel productive and calm",office,casual,understated,soft
"casual work day look that still makes me feel like I have my life together",office,casual,understated,bright
"work from home dark tones look, comfortable but still has a vibe",office,casual,understated,dark
"casual office look for a slow Friday, relaxed but not invisible",office,casual,understated,neutral
"bold casual work from home look, I dress up even when no one can see me",office,casual,bold,soft
"casual work day with a bold colour moment, I need something fun to get through the week",office,casual,bold,bright
"casual dark office look with edge, I work in tech but I still care about what I wear",office,casual,bold,dark
"casual work look with a statement piece, neutral base interesting addition",office,casual,bold,neutral
"casual office day with no rules, I just want to feel comfortable and confident",office,casual,no_constraint,soft
"casual Friday look that says I'm fun but still professional when it counts",office,casual,no_constraint,bright
"casual work from home look where I genuinely might not see anyone but still want to try",office,casual,no_constraint,dark
"relaxed casual workday look, comfortable and considered, not pyjamas but close",office,casual,no_constraint,neutral
"everyday soft look for a slow weekend morning that still feels intentional",casual,formal,understated,soft
"bright elevated casual look for a spontaneous day when anything could happen",casual,formal,understated,bright
"dark elevated everyday look, I dress like I have places to be even when I don't",casual,formal,understated,dark
"neutral elegant casual look for a girl who treats daily dressing as a ritual",casual,formal,understated,neutral
"soft bold casual look, playful and feminine for a girl who loves fashion",casual,formal,bold,soft
"bright bold casual look for someone who believes every day deserves a real outfit",casual,formal,bold,bright
"dark bold everyday look with a fashion edge, my casual is other people's going out",casual,formal,bold,dark
"bold neutral casual look for someone who takes personal style very seriously",casual,formal,bold,neutral
"soft elevated casual look with no agenda, just dressing for joy",casual,formal,no_constraint,soft
"bright open casual look for a day with no plans and good weather",casual,formal,no_constraint,bright
"dark elevated casual look, editorial feeling even while doing nothing",casual,formal,no_constraint,dark
"neutral elevated casual look, curated and considered for a regular Tuesday",casual,formal,no_constraint,neutral
"soft semi-formal casual look for a Sunday lunch at a nice local restaurant",casual,semi-formal,understated,soft
"bright semi-formal look for a daytime garden event that isn't quite a party",casual,semi-formal,understated,bright
"dark semi-formal casual look for a sophisticated afternoon out",casual,semi-formal,understated,dark
"neutral semi-formal casual look that works for both errands and an unexpected coffee date",casual,semi-formal,understated,neutral
"bold soft semi-formal everyday look for a girl who dresses like she has somewhere to be",casual,semi-formal,bold,soft
"bright bold semi-formal casual look for someone with unshakeable personal style",casual,semi-formal,bold,bright
"dark bold semi-formal casual outfit, interesting and layered even on a nothing day",casual,semi-formal,bold,dark
"bold neutral semi-formal everyday look, statement without drama",casual,semi-formal,bold,neutral
"semi-formal casual soft look that has no rules but still feels deliberate",casual,semi-formal,no_constraint,soft
"semi-formal casual bright look for a spontaneous summer afternoon adventure",casual,semi-formal,no_constraint,bright
"dark semi-formal casual look with no constraints, I dress how I feel",casual,semi-formal,no_constraint,dark
"neutral semi-formal casual look, refined and easy and completely mine",casual,semi-formal,no_constraint,neutral
"soft everyday casual look for a girl who's not trying to impress anyone",casual,casual,understated,soft
"bright everyday casual look for a girl who wears colour like it costs her nothing",casual,casual,understated,bright
"dark everyday casual look, always in black, it's a lifestyle not a phase",casual,casual,understated,dark
"neutral everyday casual look that's effortless and clean, no fuss",casual,casual,understated,neutral
"bold soft casual look, I like feminine colours and I'm not shy about it",casual,casual,bold,soft
"bright bold everyday casual look for someone who brings the energy",casual,casual,bold,bright
"dark bold everyday casual look for the girl who never tones it down",casual,casual,bold,dark
"bold neutral casual look, interesting shapes and textures in a quiet palette",casual,casual,bold,neutral
"casual no rules soft look for a girl who dresses for herself exclusively",casual,casual,no_constraint,soft
"bright casual look with zero agenda, I just want to feel alive in my clothes",casual,casual,no_constraint,bright
"dark casual no rules look, I wear what I want and it's always giving",casual,casual,no_constraint,dark
"neutral casual look with complete freedom, clean simple effortless",casual,casual,no_constraint,neutral
"formal first date to an opera, yes actually the opera, help",date,formal,understated,soft
"formal dinner date at a Michelin star restaurant, I want to look like I belong",date,formal,understated,bright
"formal date at a private members club, the dress code is strict and I panicked",date,formal,understated,dark
"formal date to a gala with someone I really like, pressure is immense",date,formal,understated,neutral
"bold romantic formal date look, I'm going all in and I want to look like I mean it",date,formal,bold,soft
"bright bold formal date look, I'm meeting someone exciting and I want to match",date,formal,bold,bright
"dramatic dark formal date look for someone who has extremely high standards",date,formal,bold,dark
"bold neutral formal date, the venue is very fancy and I want to look equal to it",date,formal,bold,neutral
"formal date look that's personal and interesting not just conventionally pretty",date,formal,no_constraint,soft
"formal date look that's bright and joyful, I want to feel radiant",date,formal,no_constraint,bright
"formal dark date look that's unconventional but still clearly dressed for the occasion",date,formal,no_constraint,dark
"formal date look in neutrals that feels like a signature not a safe choice",date,formal,no_constraint,neutral
"semi-formal date at a rooftop restaurant, I want to look city chic",date,semi-formal,understated,soft
"semi-formal spring date at a nice outdoor terrace, light and pretty",date,semi-formal,understated,bright
"semi-formal evening date, nice bar then dinner, dark and elegant",date,semi-formal,understated,dark
"semi-formal date where I want to look put together without looking like I planned it",date,semi-formal,understated,neutral
"semi-formal date look that's confident and bold and a little romantic",date,semi-formal,bold,soft
"bright bold semi-formal date look for a summer evening with serious potential",date,semi-formal,bold,bright
"dark bold semi-formal date, I want to look like a protagonist not a background character",date,semi-formal,bold,dark
"bold neutral semi-formal date, I'm dressing for confidence not for the occasion",date,semi-formal,bold,neutral
"semi-formal date look that feels completely natural and entirely me",date,semi-formal,no_constraint,soft
"semi-formal date look that's fresh and vibrant for a warm evening out",date,semi-formal,no_constraint,bright
"dark semi-formal date look with quiet intensity, I want to be interesting",date,semi-formal,no_constraint,dark
"semi-formal date in neutrals that feels elevated and considered",date,semi-formal,no_constraint,neutral
"casual date at a dog café, cute but relaxed, can't wear anything that'll get hairy",date,casual,understated,soft
"casual daytime date to a flower market, soft and pretty and practical",date,casual,understated,bright
"casual dark date look for going to see a film and getting food after",date,casual,understated,dark
"casual neutral date look for someone I've known a while but finally going on a proper date with",date,casual,understated,neutral
"bold casual date look in soft colours, I want to be remembered but also comfortable",date,casual,bold,soft
"bold bright casual date look, it's summer and I want to be unforgettable",date,casual,bold,bright
"bold dark casual date look, I dress like this normally and I want him to know it",date,casual,bold,dark
"bold neutral casual date look, I'm confident and I want my clothes to say it too",date,casual,bold,neutral
"casual date look with no rules, I just want to feel like the best version of myself",date,casual,no_constraint,soft
"bright casual date look, easy and colourful for someone I want to impress without trying",date,casual,no_constraint,bright
"dark casual date no rules look, I want to be effortlessly cool and that's it",date,casual,no_constraint,dark
"neutral casual date look that's so me it's almost a personal statement",date,casual,no_constraint,neutral
"formal warehouse rave turned upscale event, I don't know what to wear but it's a look",party,formal,understated,soft
"something for an exclusive formal rooftop party with a dress code I can't decode",party,semi-formal,bold,bright
"casual end of summer backyard sendoff party, nostalgic and cute",party,casual,no_constraint,dark
"semi-formal engagement party where both families will be there and I want to be liked",party,semi-formal,understated,neutral
"formal wedding anniversary party for my parents, respectful but still stylish",wedding,formal,bold,soft
"semi-formal wedding vow renewal celebration, joyful and light",wedding,semi-formal,no_constraint,bright
"casual outdoor wedding blessing ceremony, relaxed spiritual gathering",wedding,casual,understated,dark
"formal wedding weekend opening dinner, sets the tone for the whole trip",wedding,formal,understated,neutral
"formal office birthday surprise event after work, need to look great without warning",office,formal,no_constraint,soft
"semi-formal office farewell for a colleague I actually like, want to look memorable",office,semi-formal,understated,bright
"casual work from home day that suddenly has a very important video call",office,casual,bold,dark
"formal office look for an award ceremony where I'm being recognised",office,formal,bold,neutral
"casual date at a bookshop followed by a walk, intellectual and quietly pretty",casual,casual,understated,soft
"semi-formal casual look for a spontaneous day trip to the countryside",casual,semi-formal,no_constraint,bright
"elevated casual look for a lazy Saturday that has photo potential",casual,formal,understated,dark
"bold casual everyday look for a girl who never has a boring outfit day",casual,casual,bold,neutral
"formal date to a classical concert, I want to look like I belong in that world",date,formal,understated,soft
"semi-formal second date at a wine bar, building on last time",date,semi-formal,bold,bright
"casual date to a vintage market, relaxed and tactile and fun",date,casual,no_constraint,dark
"formal date to an exclusive restaurant he booked six weeks in advance, no pressure",date,formal,understated,neutral
something for a winter formal gala where the dress code says white tie and I'm panicking,party,formal,understated,soft
"formal fundraiser dinner look, I'm seated next to someone important and need to look it",party,formal,understated,bright
"going to an opera followed by a after party, need one look to do both",party,formal,understated,dark
"classic elegant formal party look, I want to look like I've always had great taste",party,formal,understated,neutral
"red gown energy for a formal awards party, I want to make an entrance",party,formal,bold,soft
"going to a formal launch event for a fashion brand, they'll judge what I wear",party,formal,bold,bright
"theatrical formal party look, maximalist and intentional not just decorated",party,formal,bold,dark
"power suit for a formal corporate party, I'm not wearing a dress and I won't be talked out of it",party,formal,bold,neutral
"formal dinner party at someone's private home, intimate and elegant",party,formal,no_constraint,soft
something for a formal charity event where the crowd is older and more traditional,party,formal,no_constraint,bright
"formal alumni dinner, want to look successful and put together",party,formal,no_constraint,dark
formal industry party where I'll be photographed and the photos will live online forever,party,formal,no_constraint,neutral
"semi-formal pre-drinks look before a big night, needs to transition to the club",party,semi-formal,understated,soft
"something for a semi-formal boat party in summer, glamorous but sea-worthy",party,semi-formal,understated,bright
"semi-formal work anniversary party, celebrating a milestone without going overboard",party,semi-formal,understated,dark
"elevated dinner party look, host is very stylish and I want to hold my own",party,semi-formal,understated,neutral
something for a 30th birthday party where the dress code is old Hollywood,party,semi-formal,bold,soft
neon party look that's bold and camp and completely intentional,party,semi-formal,bold,bright
"semi-formal murder mystery dinner party, dramatic and themed but genuinely chic",party,semi-formal,bold,dark
statement look for a semi-formal industry mixer where I need to be remembered,party,semi-formal,bold,neutral
"something for a semi-formal champagne tasting evening, sophisticated and relaxed",party,semi-formal,no_constraint,soft
"semi-formal summer party at a rooftop pool, not swimwear but still breezy",party,semi-formal,no_constraint,bright
something for a semi-formal dinner party where everyone will definitely compare outfits,party,semi-formal,no_constraint,dark
"semi-formal cocktail masterclass evening, fun and stylish without being overdressed",party,semi-formal,no_constraint,neutral
"casual games night that secretly became a whole thing, still need to look cute",party,casual,understated,soft
"outdoor summer casual party, comfortable shoes essential, cute everything else",party,casual,understated,bright
"going to a friend's leaving drinks at a pub, no effort required but I'm still me",party,casual,understated,dark
"low-key casual celebration for finishing exams, relief and joy in outfit form",party,casual,understated,neutral
bold playful casual party look for a friend group that's all very fashion aware,party,casual,bold,soft
bright casual birthday look for a girl who brings the sunshine wherever she goes,party,casual,bold,bright
casual going out look that's edgy enough for a gig but wearable enough for a pub,party,casual,bold,dark
casual party look where I want to stand out without looking like I planned it for days,party,casual,bold,neutral
"casual birthday afternoon out, nothing fancy, still want to look like I have a personality",party,casual,no_constraint,soft
"something for a casual cinema birthday party, comfy but considered",party,casual,no_constraint,bright
"going to a friend's housewarming, casual and relaxed but bringing good energy",party,casual,no_constraint,dark
"casual picnic celebration, we're calling it a party but it's really a vibe check",party,casual,no_constraint,neutral
formal party look for an exclusive members club event where the crowd is intimidatingly chic,party,formal,understated,soft
something for a formal gala where I'll be photographed on a step and repeat,party,formal,understated,bright
"formal farewell party for a colleague who was basically a mentor, want to look respectful and beautiful",party,formal,understated,dark
formal dinner party hosted by someone with extremely good taste,party,formal,understated,neutral
"dramatic bold gown for a formal themed party, the theme is Renaissance and I'm committing",party,formal,bold,soft
bold metallic look for a formal New Year's Eve party at a luxury venue,party,formal,bold,bright
dark dramatic formal party look that would photograph like a fashion editorial,party,formal,bold,dark
bold tailored formal look for a party where I want to be the most stylish person there,party,formal,bold,neutral
"formal party in a rooftop penthouse, the setting is glamorous and I want to be too",party,formal,no_constraint,soft
something for a formal book launch party where the author is a style icon,party,formal,no_constraint,bright
"formal private dinner that turned into a party, I was not prepared for this",party,formal,no_constraint,dark
"formal party at an embassy, I don't know the rules but I know the vibe",party,formal,no_constraint,neutral
"semi-formal retirement party for someone I really admire, want to honour the occasion",party,semi-formal,understated,soft
"semi-formal summer party at a vineyard, the grapes are ripening and so am I",party,semi-formal,understated,bright
semi-formal birthday dinner for a friend who is obsessed with fashion,party,semi-formal,understated,dark
elevated dinner party look for a very curated gathering,party,semi-formal,understated,neutral
bold semi-formal garden party look that matches the flowers without trying,party,semi-formal,bold,soft
bright bold look for a semi-formal tropical birthday party,party,semi-formal,bold,bright
"semi-formal Halloween cocktail party, chic and eerie and absolutely intentional",party,semi-formal,bold,dark
bold statement look for a semi-formal networking event that I'm actually excited about,party,semi-formal,bold,neutral
something for a semi-formal office party with a surprise dress code reveal,party,semi-formal,no_constraint,soft
"semi-formal outdoor party in the mountains, cool air and incredible scenery",party,semi-formal,no_constraint,bright
"semi-formal dark dinner party, very adult and somewhat mysterious",party,semi-formal,no_constraint,dark
something for a semi-formal party on a terrace that overlooks the sea,party,semi-formal,no_constraint,neutral
"formal winter wedding in a gothic church, the architecture is dramatic and I want to match",wedding,formal,understated,soft
"spring formal wedding in a glasshouse, everything is light and botanical",wedding,formal,understated,bright
"formal black tie wedding at a luxury hotel, classic and timeless, not trying too hard",wedding,formal,understated,dark
"formal wedding in Japan as a foreign guest, want to be respectful and beautiful",wedding,formal,understated,neutral
"bold formal wedding look, the couple told guests to go all out and I took it seriously",wedding,formal,bold,soft
"maximalist formal wedding guest look, the venue is grand and I want to be too",wedding,formal,bold,bright
"velvet and drama for a formal winter wedding, I want to feel like a character",wedding,formal,bold,dark
statement jumpsuits for a formal wedding guest who refuses to wear a dress ever,wedding,formal,bold,neutral
formal outdoor wedding where comfort matters as much as looking good,wedding,formal,no_constraint,soft
"formal summer wedding, the theme is garden party but the dress code is black tie",wedding,formal,no_constraint,bright
formal wedding where I genuinely want to look like the best dressed guest,wedding,formal,no_constraint,dark
"formal evening wedding reception, ceremony is over and the real night begins",wedding,formal,no_constraint,neutral
"semi-formal wedding at a surf club, the vibe is breezy and the crowd is relaxed",wedding,semi-formal,understated,soft
semi-formal spring wedding where all the colours are pastels and I want to blend beautifully,wedding,semi-formal,understated,bright
"semi-formal autumn wedding at a pub with a garden, rustic and warm",wedding,semi-formal,understated,dark
semi-formal wedding where the couple is very minimalist and I want to respect that,wedding,semi-formal,understated,neutral
"bold floral midi for a semi-formal garden wedding, I want to be part of the landscape",wedding,semi-formal,bold,soft
bold bright semi-formal wedding look that celebrates the day not just attends it,wedding,semi-formal,bold,bright
something with drama for a semi-formal wedding in a candlelit venue,wedding,semi-formal,bold,dark
"semi-formal wedding look with a fashion-forward edge, the couple met at a runway show",wedding,semi-formal,bold,neutral
"semi-formal morning wedding followed by a long afternoon, need to last all day",wedding,semi-formal,no_constraint,soft
semi-formal outdoor wedding where the photos will be in golden sunlight,wedding,semi-formal,no_constraint,bright
semi-formal wedding where the venue is a gallery and the guests are all creative,wedding,semi-formal,no_constraint,dark
"semi-formal countryside wedding, the fields are green and everything is pastoral",wedding,semi-formal,no_constraint,neutral
"casual wedding on a narrowboat, limited space and no heels possible",wedding,casual,understated,soft
"casual daytime wedding celebration in a beach town, everything is light and salty",wedding,casual,understated,bright
"casual urban wedding in a cool warehouse space, the dress code is come as you are",wedding,casual,understated,dark
"casual ceremony in a garden followed by a picnic reception, completely relaxed",wedding,casual,understated,neutral
bold casual wedding look because the couple said wear something that makes you happy,wedding,casual,bold,soft
"bright bold casual wedding look, I want to celebrate loudly and visually",wedding,casual,bold,bright
"casual wedding with a dark aesthetic, the couple loves the dramatic and so do I",wedding,casual,bold,dark
statement casual look for a very informal wedding that still deserves an outfit,wedding,casual,bold,neutral
"casual destination wedding on a Greek island, loose and luminous",wedding,casual,no_constraint,soft
casual outdoor wedding where the vibes are free and the dress code is joy,wedding,casual,no_constraint,bright
casual wedding in an unconventional venue like a skatepark or brewery,wedding,casual,no_constraint,dark
"casual intimate wedding with twelve guests, relaxed but the photos will last forever",wedding,casual,no_constraint,neutral
formal wedding for royalty adjacent guests where the photos will be historical documents,wedding,formal,understated,soft
"formal summer wedding on the Amalfi Coast, the backdrop is extraordinary",wedding,formal,understated,bright
"formal church wedding followed by a castle reception, the whole thing is cinematic",wedding,formal,understated,dark
formal wedding where I've been told the guest list is extremely well dressed,wedding,formal,understated,neutral
"dramatic floral formal wedding look, I want to look like a garden in a good way",wedding,formal,bold,soft
"bold coral or amber formal wedding look, warm and celebratory",wedding,formal,bold,bright
"velvet deep formal wedding look, the venue is a manor house and the season is winter",wedding,formal,bold,dark
bold tailored formal wedding look for a guest who would rather trousers than a dress,wedding,formal,bold,neutral
formal wedding look that works for both the outdoor ceremony and the indoor party,wedding,formal,no_constraint,soft
"formal tropical wedding, the heat is real and I still need to look incredible",wedding,formal,no_constraint,bright
formal dark look for an evening wedding that starts at 7pm and ends at midnight,wedding,formal,no_constraint,dark
formal wedding look for someone who is slightly obsessed with dressing well and this is their moment,wedding,formal,no_constraint,neutral
"semi-formal wedding in a converted barn, the hay bales are everywhere but the people are chic",wedding,semi-formal,understated,soft
"semi-formal spring wedding with a colour palette set by the bride, I'm working within it",wedding,semi-formal,understated,bright
"semi-formal rainy day wedding, I need a contingency look that still photographs",wedding,semi-formal,understated,dark
semi-formal wedding abroad in a country with a different dressing culture,wedding,semi-formal,understated,neutral
bold semi-formal wedding look that the couple specifically encouraged,wedding,semi-formal,bold,soft
bright bold semi-formal wedding guest look that celebrates life loudly,wedding,semi-formal,bold,bright
semi-formal gothic wedding where guests were told to dress accordingly,wedding,semi-formal,bold,dark
semi-formal wedding with a creative dress code that requires actual thought,wedding,semi-formal,bold,neutral
semi-formal outdoor morning wedding that goes all the way to an evening dinner,wedding,semi-formal,no_constraint,soft
"semi-formal wedding where I'm a guest and also doing a reading, dual role",wedding,semi-formal,no_constraint,bright
semi-formal winter wedding where the venue has incredible architecture,wedding,semi-formal,no_constraint,dark
semi-formal wedding where the dress code is cocktail but the venue is very grand,wedding,semi-formal,no_constraint,neutral
formal office look for a day I'm shadowing the CEO and need to look the part,office,formal,understated,soft
formal work look for a day I'm being introduced to a new team and first impressions matter,office,formal,understated,bright
something to wear for a formal board presentation where I'm the youngest in the room,office,formal,understated,dark
"formal office look that reads quietly expensive, not flashy just right",office,formal,understated,neutral
powerful formal office look that says I'm here and I have opinions,office,formal,bold,soft
bright formal work look for a day I need to bring maximum energy,office,formal,bold,bright
bold dark formal office look for a day I need to feel untouchable,office,formal,bold,dark
formal office look with a bold accessory that elevates a neutral base,office,formal,bold,neutral
formal workwear for a very conservative industry where dress code is unspoken but strict,office,formal,no_constraint,soft
something for a formal work event abroad where I need to represent myself well,office,formal,no_constraint,bright
formal office look that's creative enough for my industry and professional enough for clients,office,formal,no_constraint,dark
formal work look that I've worn a version of every day for two years and still love,office,formal,no_constraint,neutral
semi-formal work look for a day I have an external speaker coming in,office,semi-formal,understated,soft
smart casual office look for an open plan office where everyone can see what I'm wearing,office,semi-formal,understated,bright
semi-formal dark work look for a Monday when I need armour,office,semi-formal,understated,dark
business casual look for a co-working space where the vibe is creative but grown up,office,semi-formal,understated,neutral
semi-formal office look that says I care about style but I'm also very good at my job,office,semi-formal,bold,soft
bright semi-formal office look for a day I'm hosting a workshop and need presence,office,semi-formal,bold,bright
"semi-formal dark office look with something unexpected, a detail that people notice",office,semi-formal,bold,dark
bold semi-formal office look that makes me feel like a person not just an employee,office,semi-formal,bold,neutral
semi-formal work look I can walk to the office in and not look like I commuted,office,semi-formal,no_constraint,soft
smart casual work look for a startup where the dress code is genuinely whatever,office,semi-formal,no_constraint,bright
semi-formal office look that can go from a team lunch to an evening event,office,semi-formal,no_constraint,dark
business casual look for a job I like but where I still want to express myself,office,semi-formal,no_constraint,neutral
"casual wfh look for a week of deep work, no calls, just me and my tasks",office,casual,understated,soft
casual bright work day look for a creative studio where the energy is playful,office,casual,understated,bright
casual dark work look for a tech company that has no dress code and judges nothing,office,casual,understated,dark
casual Friday look that's still sharper than jeans and a hoodie,office,casual,understated,neutral
casual office look with a bold piece that makes the day feel less routine,office,casual,bold,soft
"bright and bold casual work look, I'm in a creative role and I dress the part",office,casual,bold,bright
bold dark casual office look for someone who takes their personal brand seriously even at work,office,casual,bold,dark
"casual office bold look, I want my outfit to spark a conversation today",office,casual,bold,neutral
"casual work day with absolutely no dress code, help",office,casual,no_constraint,soft
casual work look for a day that starts with coffee and ends with happy hour,office,casual,no_constraint,bright
"casual dark work look, comfortable and interesting, I work in a place that appreciates it",office,casual,no_constraint,dark
"relaxed work day look, it's just me in the office today and I'm dressing for myself",office,casual,no_constraint,neutral
formal office look that makes me feel like the main character of my own career,office,formal,understated,soft
"formal work look for a high stakes pitch day, I want the clothes to do some of the work",office,formal,understated,bright
formal office look for a day I'm meeting a client I've only ever seen on screen,office,formal,understated,dark
formal workwear for a day that will be long and I need to look good at 8am and 8pm,office,formal,understated,neutral
bold formal office look for a day I want to feel powerful,office,formal,bold,soft
"bright bold formal work look, the office is grey and I refuse to match it",office,formal,bold,bright
bold dark formal office look for a Monday when I need to remind people I'm serious,office,formal,bold,dark
"formal office look with one bold element, everything else is quiet",office,formal,bold,neutral
formal work look for an industry I've just entered and I'm learning the dress code by watching,office,formal,no_constraint,soft
formal office look for a company with a strict dress code I actually like following,office,formal,no_constraint,bright
formal dark office look with a personal touch that makes it mine,office,formal,no_constraint,dark
formal neutral office look for the day I'm being evaluated and I need everything to be right,office,formal,no_constraint,neutral
semi-formal office look for a day I'm being interviewed for an internal promotion,office,semi-formal,understated,soft
smart casual office look for a day I have a really important one to one,office,semi-formal,understated,bright
semi-formal dark work look for a team that dresses well and expects the same from me,office,semi-formal,understated,dark
business casual look for an office with an unspoken style hierarchy I'm climbing,office,semi-formal,understated,neutral
"semi-formal bold soft office look, I bring colour to a very beige workplace",office,semi-formal,bold,soft
bright semi-formal office look for a day I need to change the energy in the room,office,semi-formal,bold,bright
bold dark semi-formal work look that makes me feel like someone to be reckoned with,office,semi-formal,bold,dark
semi-formal neutral office look with a bold piece that does all the talking,office,semi-formal,bold,neutral
semi-formal work look for a company that says dress code is smart casual but means something different to everyone,office,semi-formal,no_constraint,soft
smart casual office look for a day I'll be on my feet all day managing an event,office,semi-formal,no_constraint,bright
semi-formal dark office look for a day I work from a client's site instead of my own,office,semi-formal,no_constraint,dark
business casual look for a new office where I'm still figuring out the culture,office,semi-formal,no_constraint,neutral
formal casual everyday look for a girl who treats her wardrobe like a personal archive,casual,formal,understated,soft
bright elevated casual look for a girl who overdresses for everything and is proud of it,casual,formal,understated,bright
dark formal casual look for someone whose every day outfit looks like a fashion week street style photo,casual,formal,understated,dark
neutral formal casual look that has the energy of a very considered person,casual,formal,understated,neutral
"bold soft formal casual look, I want to be feminine and striking simultaneously",casual,formal,bold,soft
"bold bright formal everyday look, I dress like every outing could be documented",casual,formal,bold,bright
dark bold formal everyday look for someone who genuinely dresses for themselves only,casual,formal,bold,dark
"bold neutral formal everyday outfit, interesting silhouette quiet palette",casual,formal,bold,neutral
"formal everyday look with no constraints, I just want to feel extraordinary on a normal day",casual,formal,no_constraint,soft
"elevated casual look that's bright and free, dressing with intention and joy",casual,formal,no_constraint,bright
dark elevated casual look that has editorial energy for a completely regular Tuesday,casual,formal,no_constraint,dark
neutral elevated casual look that makes me feel like I have my whole life together,casual,formal,no_constraint,neutral
soft semi-formal casual look for a market visit followed by a nice lunch,casual,semi-formal,understated,soft
"bright semi-formal casual look for a cultural day out, museum then dinner",casual,semi-formal,understated,bright
dark semi-formal look for an afternoon that might turn into an evening,casual,semi-formal,understated,dark
neutral smart casual look for a day that has no agenda but deserves an outfit,casual,semi-formal,understated,neutral
"bold soft semi-formal everyday look, romantic and intentional for a weekday",casual,semi-formal,bold,soft
"bold bright semi-formal casual look, I dress like the best thing that ever happened",casual,semi-formal,bold,bright
"bold dark semi-formal everyday look, I want to look like I curated myself",casual,semi-formal,bold,dark
"bold neutral semi-formal casual look, quiet statement energy",casual,semi-formal,bold,neutral
"soft semi-formal casual look with total freedom, just want to feel lovely",casual,semi-formal,no_constraint,soft
bright semi-formal casual look for a day I want to feel alive in my clothes,casual,semi-formal,no_constraint,bright
"dark semi-formal casual look, no rules, just the vibe I live in",casual,semi-formal,no_constraint,dark
neutral semi-formal casual look that's polished enough for anywhere,casual,semi-formal,no_constraint,neutral
soft casual everyday look for a day off I want to savour,casual,casual,understated,soft
bright casual look for a spontaneous friend catch-up that turns into a whole day,casual,casual,understated,bright
dark casual look for a girl whose default is always slightly underdressed on purpose,casual,casual,understated,dark
"neutral casual look for a slow day, nothing to prove, just existing nicely",casual,casual,understated,neutral
"bold soft casual look, playful and confident for a girl who loves colour",casual,casual,bold,soft
"bold bright everyday casual look, I want my outfit to match my energy",casual,casual,bold,bright
"bold dark casual look, my vibe is intense even when I'm doing nothing",casual,casual,bold,dark
"bold neutral everyday casual look, I like interesting shapes in quiet colours",casual,casual,bold,neutral
"soft casual look with zero constraints, dressing for joy not for anyone else",casual,casual,no_constraint,soft
bright casual look for a spontaneous summer day with no plan,casual,casual,no_constraint,bright
"dark casual look, completely unconstrained, just me and my wardrobe",casual,casual,no_constraint,dark
"neutral casual look, simple and considered, the most me I know how to be",casual,casual,no_constraint,neutral
formal elevated casual look for a girl who believes every day is an event,casual,formal,understated,soft
"bright elevated everyday look, I dress formally even for a trip to the corner shop",casual,formal,bold,bright
dark formal everyday look with no agenda other than looking extraordinary,casual,formal,no_constraint,dark
neutral formal casual look for a girl with a very personal relationship with getting dressed,casual,formal,understated,neutral
bold soft semi-formal everyday look that makes strangers on the street take notice,casual,semi-formal,bold,soft
bright semi-formal casual look for a girl who always overdresses and has no regrets,casual,semi-formal,no_constraint,bright
"dark semi-formal casual look, dressed up with nowhere to go and loving it",casual,semi-formal,understated,dark
"neutral semi-formal casual look, refined and considered for a completely ordinary day",casual,semi-formal,bold,neutral
soft everyday casual look for a girl who curates even her most relaxed days,casual,casual,understated,soft
bright casual look for a day I want my outfit to do the talking,casual,casual,no_constraint,bright
"dark casual everyday look, I dress in all dark tones and it suits me perfectly",casual,casual,bold,dark
"neutral casual everyday look, the cleanest most considered version of nothing special",casual,casual,understated,neutral
"formal first date at a private dining experience, the stakes are extremely high",date,formal,understated,soft
"formal date to a champagne bar, I want to look like I belong in expensive places",date,formal,understated,bright
"formal date at a theatre where we have good seats, need to dress for the occasion",date,formal,understated,dark
formal dinner date where I know he's nervous and I want to put him at ease while also being stunning,date,formal,understated,neutral
"bold romantic formal date look, soft and feminine and completely intentional",date,formal,bold,soft
"bright bold formal date, summer evening dinner and I want to be radiant",date,formal,bold,bright
"dark dramatic formal date look, I want to be mysterious and beautiful",date,formal,bold,dark
"bold structured formal date look, power and elegance in neutral tones",date,formal,bold,neutral
formal date where I have no idea what to expect so the look needs to do everything,date,formal,no_constraint,soft
formal date that could be the beginning of something and I need to dress accordingly,date,formal,no_constraint,bright
"formal dark date look with something surprising, I don't want to be predictable",date,formal,no_constraint,dark
formal date in neutrals that feels intentional and personal not just safe,date,formal,no_constraint,neutral
"semi-formal date at a tasting menu restaurant, need to look like I appreciate nice things",date,semi-formal,understated,soft
"semi-formal sunny afternoon date at a beach restaurant, breezy and romantic",date,semi-formal,understated,bright
"semi-formal evening date, cocktails then dinner, dark and polished",date,semi-formal,understated,dark
"semi-formal date at a nice hotel bar, sophisticated and relaxed at the same time",date,semi-formal,understated,neutral
"bold soft semi-formal date look, I want to feel irresistible without looking like I tried",date,semi-formal,bold,soft
bold bright semi-formal date look for a summer evening with a lot of potential,date,semi-formal,bold,bright
"bold dark semi-formal date look, I want to be magnetic and a little intense",date,semi-formal,bold,dark
"bold semi-formal date look in neutrals, confident and striking and effortless",date,semi-formal,bold,neutral
"semi-formal date look that feels exactly like me, no performance just presence",date,semi-formal,no_constraint,soft
"semi-formal date look that's bright and open, I want to seem like a good time",date,semi-formal,no_constraint,bright
"semi-formal dark date look, I want to intrigue him without trying to",date,semi-formal,no_constraint,dark
semi-formal neutral date look that says I have taste and also personality,date,semi-formal,no_constraint,neutral
"casual date at an indoor climbing wall, sporty but still clearly made an effort",date,casual,understated,soft
"casual first date at a beach, pretty and practical, salt and sandals",date,casual,understated,bright
"casual date at a late night ramen place, cool and low key",date,casual,understated,dark
casual neutral date look for someone who finds me interesting and I want to stay that way,date,casual,understated,neutral
bold casual date look that says I always dress like this and it's not for you specifically,date,casual,bold,soft
bright bold casual date look for a girl who treats every date like a celebration,date,casual,bold,bright
"bold dark casual date look, I dress like this anyway and he can take it or leave it",date,casual,bold,dark
bold neutral casual date look that's confident and grounded and entirely mine,date,casual,bold,neutral
"casual date look in soft tones, no rules, just want to feel like myself and be liked for it",date,casual,no_constraint,soft
"casual bright date look with no agenda, natural and happy",date,casual,no_constraint,bright
"dark casual date look, completely free, I know what works for me",date,casual,no_constraint,dark
"neutral casual date look with no constraints, I want to look like the best version of my normal self",date,casual,no_constraint,neutral
formal elevated everyday casual look for a girl who finds joy in dressing well,casual,formal,understated,soft
"bright formal everyday look, elevated and intentional for a completely regular day",casual,formal,bold,bright
"dark formal casual everyday look, I take personal style as seriously as anything else",casual,formal,no_constraint,dark
"neutral formal casual look, the kind that looks effortless and took real thought",casual,formal,understated,neutral
soft semi-formal casual look for a day off that might turn into something,casual,semi-formal,bold,soft
bright semi-formal everyday look for a girl who dresses like she's already arrived,casual,semi-formal,no_constraint,bright
dark semi-formal casual look for a leisurely afternoon with high standards,casual,semi-formal,understated,dark
"neutral semi-formal casual look, elevated and easy and always considered",casual,semi-formal,bold,neutral
"soft truly casual everyday look, comfy and pretty, I still care even on a nothing day",casual,casual,understated,soft
"bright casual everyday look, colour makes me happy and that's the whole strategy",casual,casual,bold,bright
"dark truly casual everyday look, effortlessly cool, I dress like this naturally",casual,casual,no_constraint,dark
"neutral truly casual everyday look, quiet and clean, the most honest version of my style",casual,casual,understated,neutral
formal date at a rooftop restaurant where the city views are part of the evening,date,formal,understated,soft
bright formal date look for an evening I've thought about every day since it was planned,date,formal,bold,bright
"dark formal date look, I want to look like the most beautiful person he's ever seen",date,formal,no_constraint,dark
"neutral formal date look, classic and enduring, looks like I've always dressed this well",date,formal,understated,neutral
"soft bold formal date look, romantic and powerful, I'm going in with everything",date,formal,bold,soft
"bright formal date look with no constraints, I want to feel radiant and free",date,formal,no_constraint,bright
"dark formal date, no constraints, I want to be beautiful in a way that's entirely mine",date,formal,understated,dark
"neutral formal date look with complete freedom, the very best version of who I am",date,formal,bold,neutral
"soft semi-formal date at a gallery followed by dinner, art and food and great company",date,semi-formal,understated,soft
bright semi-formal date look for a golden hour evening that deserves to be beautiful,date,semi-formal,bold,bright
"dark semi-formal date look, I want the atmosphere of the night to be in my outfit too",date,semi-formal,no_constraint,dark
neutral semi-formal date look that's curated and personal and entirely unforgettable,date,semi-formal,understated,neutral
"soft bold semi-formal date look, feminine and magnetic for an evening I care about",date,semi-formal,bold,soft
"bright semi-formal date with no constraints, I want to look like summer feels",date,semi-formal,no_constraint,bright
"dark semi-formal date look unconstrained, I want to be cool and beautiful simultaneously",date,semi-formal,understated,dark
"neutral semi-formal date look with full freedom, considered and completely me",date,semi-formal,bold,neutral
"soft casual date look, a slow morning coffee date that might turn into the whole day",date,casual,understated,soft
"bright bold casual date look, I'm excited and I want my outfit to say so",date,casual,bold,bright
"dark casual date look, relaxed and cool, I want him to think I always look like this",date,casual,no_constraint,dark
"neutral casual date look, the most natural and genuine version of myself",date,casual,understated,neutral
"soft bold casual date look, playful and feminine, I'm having fun with this",date,casual,bold,soft
"bright casual date look with no rules, easy and luminous and completely comfortable",date,casual,no_constraint,bright
"dark casual date look with zero constraints, effortless in the truest sense",date,casual,understated,dark
"neutral casual date look, no agenda, just want to look exactly like myself",date,casual,bold,neutral
"elevated casual everyday look that's formal enough to feel like a real outfit",casual,formal,formal,bright
"casual day look in bright tones that still has structure and intention behind it",casual,formal,formal,bright
"formal casual look for a girl who dresses with purpose even on days off",casual,formal,formal,bright
"casual but polished look in warm bright colours, I want to feel put together doing nothing",casual,semi-formal,formal,bright
"semi-formal casual look in a vibrant tone, elevated everyday dressing",casual,semi-formal,formal,bright
"bright semi-formal casual look that reads considered not accidental",casual,semi-formal,formal,bright
"casual everyday look in a bright palette that still feels curated and intentional",casual,casual,formal,bright
"bright casual look that's relaxed but structured enough to count as an outfit",casual,casual,formal,bright
"bright and breezy casual look with a formal edge, I take getting dressed seriously",casual,casual,formal,bright
"casual formal look in dark tones, I dress up even when I have nowhere to be",casual,formal,formal,dark
"elevated dark casual look that has the energy of someone who always looks this good",casual,formal,formal,dark
"casual day look in deep dark tones, rich and considered for a nothing day",casual,formal,formal,dark
"dark semi-formal casual look that's structured and intentional",casual,semi-formal,formal,dark
"semi-formal dark casual everyday look, dressed for the vibe not the occasion",casual,semi-formal,formal,dark
"dark elevated casual look for a girl whose personal style is always several steps ahead",casual,semi-formal,formal,dark
"dark casual look with a formal edge, comfortable but clearly deliberate",casual,casual,formal,dark
"casual dark formal look for a day where the only agenda is dressing well",casual,casual,formal,dark
"dark and structured casual look that still feels relaxed and entirely mine",casual,casual,formal,dark
"casual look in neutral tones with formal structure, quiet and beautifully considered",casual,formal,formal,neutral
"neutral formal casual look for a girl who treats everyday dressing as a discipline",casual,formal,formal,neutral
"elevated neutral casual look that makes getting dressed feel like an art form",casual,formal,formal,neutral
"semi-formal neutral casual look, intentional palette and considered silhouette",casual,semi-formal,formal,neutral
"neutral semi-formal everyday look with a formal constraint, clean and unhurried",casual,semi-formal,formal,neutral
"formal casual look in neutrals that feels expensive without being showy",casual,semi-formal,formal,neutral
"casual neutral look with a formal foundation, effortless on the surface intentional underneath",casual,casual,formal,neutral
"neutral casual look that reads like I curated myself this morning and enjoyed it",casual,casual,formal,neutral
"casual formal look in stone or greige, the kind of outfit that makes people ask questions",casual,casual,formal,neutral
"casual soft toned look with a formal edge, feminine and structured",casual,formal,formal,soft
"elevated soft casual look that's formal enough to feel like I really dressed today",casual,semi-formal,formal,soft
"casual look in blush or lavender with a formal constraint, dreamy but deliberate",casual,casual,formal,soft
"something for a formal party in bright tones that's festive without being costume-y",casual,casual,formal,soft
"formal party look in a warm bright tone, celebratory and fashion forward",party,formal,formal,bright
"something bright and formal for a party that's genuinely glamorous",party,formal,formal,bright
"formal gala look in a vibrant tone, I want to feel like the room changed when I entered",party,formal,formal,bright
"bright formal party look for an evening that deserves to be beautiful",party,semi-formal,formal,bright
"semi-formal party look in bright tones with a formal edge",party,semi-formal,formal,bright
"formal semi-formal party look that balances celebration with elegance",party,semi-formal,formal,bright
"casual party look that still reads formal enough for the occasion",party,casual,formal,bright
"casual formal party look in bright colours, fun but structured",party,casual,formal,bright
"formal party look in dark tones, moody and spectacular",party,formal,formal,dark
"something for a formal black tie party in deep dark tones",party,formal,formal,dark
"dark formal party look with presence and intention, I dressed for this night specifically",party,formal,formal,dark
"semi-formal formal dark party look for a venue that rewards being overdressed",party,semi-formal,formal,dark
"dark semi-formal party look with a formal constraint, elegant and slightly dangerous",party,semi-formal,formal,dark
"casual party look in dark tones that still feels formal enough to be worthy",party,casual,formal,dark
"dark formal party look for a relaxed event that still deserves a real outfit",party,casual,formal,dark
"formal neutral party look, restrained and masterfully put together",party,formal,formal,neutral
"something neutral and formal for a party where I want to be remembered not noticed",party,formal,formal,neutral
"neutral formal party look in tones that feel timeless not trend dependent",party,semi-formal,formal,neutral
"formal office look in bright tones that commands attention without demanding it",office,formal,formal,bright
"something bright and formal for a workday where I have four important meetings",office,formal,formal,bright
"formal work look in a warm bright colour for a day I need to feel sharp",office,formal,formal,bright
"bright semi-formal office look that still reads formal enough for a serious environment",office,semi-formal,formal,bright
"formal semi-formal work look in vibrant tones, I bring colour to a grey industry",office,semi-formal,formal,bright
"bright formal-edged office look for a day I want to shift the energy in the room",office,semi-formal,formal,bright
"casual office look in bright tones with a formal constraint, professional but with personality",office,casual,formal,bright
"bright casual work look that has a formal enough edge to still pass",office,casual,formal,bright
"formal office look in dark tones, sleek and serious and deeply professional",office,formal,formal,dark
"dark formal work look for a high stakes day when I need to feel untouchable",office,formal,formal,dark
"something dark and formal for an office where the dress code is strict and the crowd is chic",office,formal,formal,dark
"dark semi-formal office look with a formal constraint, polished and quietly powerful",office,semi-formal,formal,dark
"semi-formal dark work look that reads formal enough for a client-facing day",office,semi-formal,formal,dark
"dark casual office look with a formal edge for a startup that still wants people to look sharp",office,casual,formal,dark
"formal neutral work look, the kind of outfit that says I always dress like this",office,formal,formal,neutral
"neutral formal office look for a presentation day when clothes need to do some of the heavy lifting",office,formal,formal,neutral
"something neutral and formal for an office where everyone is impeccably dressed",office,semi-formal,formal,neutral
"neutral semi-formal formal office look for a hybrid day with a very important afternoon",office,semi-formal,formal,neutral
"casual neutral office look with a formal constraint, relaxed but still clearly professional",office,casual,formal,neutral
"formal date look in bright tones for an evening that has real potential",date,formal,formal,bright
"something bright and formal for a first date at a restaurant I've been saving for the right person",date,formal,formal,bright
"bright formal date look for an evening that feels like the start of something",date,semi-formal,formal,bright
"formal dark date look for a candlelit dinner that deserves a full look",date,formal,formal,dark
"something dark and formal for a date at a venue where the lighting makes everything cinematic",date,formal,formal,dark
"dark semi-formal date look with a formal edge, sophisticated and magnetic",date,semi-formal,formal,dark
"neutral formal date look that's so well considered it becomes quietly unforgettable",date,formal,formal,neutral
"something neutral and formal for a date where I want to look like I always dress this well",date,semi-formal,formal,neutral
"formal date look in bright tones, soft and romantic for an evening I'm excited about",date,formal,formal,soft
"soft formal date look with a formal constraint, luminous and feminine",date,semi-formal,formal,soft
"formal wedding guest look in bright tones that celebrates without competing",wedding,formal,formal,bright
"bright formal wedding guest look for an evening reception that calls for glamour",wedding,semi-formal,formal,bright
"formal dark wedding guest look, dramatic and considered for a winter evening ceremony",wedding,formal,formal,dark
"dark formal wedding look that reads elegant and intentional",wedding,semi-formal,formal,dark
"neutral formal wedding guest look, beautifully restrained and deeply elegant",wedding,formal,formal,neutral
"something formal for an office party at a rooftop bar, dress code is smart and I need help",party,casual,formal,neutral
"casual elevated party look with a formal constraint in neutral tones",party,casual,formal,neutral
"formal party look for a friend's birthday dinner, neutral and polished",party,formal,formal,neutral
"something for a semi-formal party in dark tones with a formal constraint",party,semi-formal,formal,dark
"casual party look in dark tones, edgy but formal enough for the occasion",party,casual,formal,dark
"formal party look in soft tones for an intimate gathering, gentle and considered",party,formal,formal,soft
"semi-formal party in pastel tones with a formal constraint, feminine and elevated",party,semi-formal,formal,soft
"casual elevated office look in neutral tones with a formal edge",office,casual,formal,neutral
"semi-formal formal office look in neutral tones for a senior-facing day",office,semi-formal,formal,neutral
"something formal for a work event in soft tones, professional and quietly beautiful",office,formal,formal,soft
"casual office look in soft tones with a formal constraint, warm and polished",office,semi-formal,formal,soft
"casual formal look in neutrals for a girl who takes her personal style as seriously as her career",casual,casual,formal,neutral
"neutral formal casual look for a slow day that still deserves an intentional outfit",casual,formal,formal,neutral
"soft formal casual look in blush tones, relaxed but never sloppy",casual,formal,formal,soft
"elevated casual soft-toned look that reads formal without trying",casual,casual,formal,soft
"casual formal date look in neutral tones, effortless and completely considered",date,casual,formal,neutral
"neutral formal date look for a casual coffee date that I still want to look good for",date,casual,formal,neutral
"formal first date at a rooftop bar, the view is stunning and I want to match it",date,formal,formal,bright
"formal date to a champagne bar, I want to look like someone who belongs in nice places",date,formal,formal,bright
bright formal date look for an evening that could be the beginning of everything,date,formal,formal,bright
"formal date at a fine dining restaurant, I want the clothes to say I take this seriously",date,formal,formal,bright
bright formal date look for someone who planned something genuinely romantic,date,semi-formal,formal,bright
semi-formal formal date look in warm bright tones for a summer evening with potential,date,semi-formal,formal,bright
bright semi-formal date look that reads formal enough for a very nice restaurant,date,semi-formal,formal,bright
"casual bright date look with a formal constraint, I want to look great without overdressing",date,casual,formal,bright
bright casual date look that still has enough polish to feel intentional,date,casual,formal,bright
formal dark date look for a candlelit dinner where the atmosphere does half the work,date,formal,formal,dark
dark formal date look for an evening that deserves every bit of thought I put into it,date,formal,formal,dark
"something dark and formal for a date at a jazz club, moody and perfectly dressed",date,formal,formal,dark
"dark formal date look for a private members club, the vibe is hushed and I want to match",date,formal,formal,dark
"semi-formal dark date look with a formal constraint, elegant and quietly magnetic",date,semi-formal,formal,dark
dark semi-formal date look for a dinner that has a dress code I need to respect,date,semi-formal,formal,dark
semi-formal formal dark date look for an evening that starts with cocktails and goes from there,date,semi-formal,formal,dark
"dark casual date look with a formal edge, cool and effortless but clearly considered",date,casual,formal,dark
casual dark date look that reads formal enough for someone who always looks this polished,date,casual,formal,dark
"formal neutral date look, so well put together it becomes its own statement",date,formal,formal,neutral
neutral formal date look for a date at a high-end restaurant I've been wanting to visit,date,formal,formal,neutral
something neutral and formal for a first date where I want to look like I always dress this well,date,formal,formal,neutral
"formal date in stone or greige tones, quiet and exquisitely considered",date,formal,formal,neutral
"neutral semi-formal date look with a formal constraint, polished and personal",date,semi-formal,formal,neutral
semi-formal neutral date look that reads formal and still feels genuinely like me,date,semi-formal,formal,neutral
formal neutral semi-formal date look for a nice bar followed by dinner,date,semi-formal,formal,neutral
"neutral casual date look with a formal constraint, effortless but unmistakably intentional",date,casual,formal,neutral
"casual neutral date look that still has a formal edge, considered and quietly attractive",date,casual,formal,neutral
"soft formal date look, luminous and romantic for an evening I've been looking forward to",date,formal,formal,soft
formal soft date look for a dinner that has a gentle and intimate atmosphere,date,formal,formal,soft
"semi-formal soft date look with a formal constraint, dreamy and beautifully dressed",date,semi-formal,formal,soft
"casual soft date look with a formal edge, pretty and deliberate for a coffee that turned into dinner",date,casual,formal,soft
"something for a formal party with a colourful dress code, bright and genuinely glamorous",party,formal,formal,bright
"formal gala look in warm vibrant tones, I want to feel luminous not just dressed up",party,formal,formal,bright
bright formal party look for an awards evening where I'm in the audience but dressed for the stage,party,formal,formal,bright
semi-formal formal party look in bright tones for a summer celebration,party,semi-formal,formal,bright
bright semi-formal party look with a formal constraint for a rooftop celebration,party,semi-formal,formal,bright
"casual bright party look with a formal edge, festive and considered",party,casual,formal,bright
casual formal party look in bright colours for a birthday dinner that ended up being quite fancy,party,casual,formal,bright
"formal dark party look for a black tie gala, dramatic and completely intentional",party,formal,formal,dark
dark formal party look for a venue that rewards people who dressed for the moment,party,formal,formal,dark
something formal and dark for a party where everyone will be watching what everyone else wears,party,formal,formal,dark
"dark semi-formal party look with a formal constraint, moody and spectacular",party,semi-formal,formal,dark
semi-formal dark formal party look for a dinner party that became a full event,party,semi-formal,formal,dark
"casual dark party look with a formal edge, structured and quietly impressive",party,casual,formal,dark
"formal neutral party look, restrained elegance for a crowd that prizes taste over flash",party,formal,formal,neutral
neutral formal party look for an industry event where I want to be remembered,party,formal,formal,neutral
formal party in neutrals for an intimate dinner party where every detail will be noticed,party,semi-formal,formal,neutral
semi-formal neutral formal party look for an elevated birthday celebration,party,semi-formal,formal,neutral
"casual party look in neutrals with a formal constraint, easy and impressively put together",party,casual,formal,neutral
"formal soft party look for a pastel-themed gala, gentle and unmistakably chic",party,formal,formal,soft
"semi-formal soft party look with a formal constraint, romantic and beautifully dressed",party,semi-formal,formal,soft
formal office look in bright tones for a day I'm presenting to a room full of stakeholders,office,formal,formal,bright
bright formal work look for a day I need to bring presence and energy simultaneously,office,formal,formal,bright
something bright and formal for an office day that starts with a client breakfast,office,formal,formal,bright
semi-formal bright office look with a formal constraint for a hybrid day with a key afternoon,office,semi-formal,formal,bright
bright semi-formal formal work look for a creative industry where colour is respected,office,semi-formal,formal,bright
casual bright office look with a formal edge for a relaxed company culture that still values polish,office,casual,formal,bright
formal dark office look for a week of back to back important meetings,office,formal,formal,dark
dark formal work look for a day I need to feel senior and composed,office,formal,formal,dark
something dark and formal for a work conference where I want to be seen as authoritative,office,formal,formal,dark
"semi-formal dark office look with a formal constraint, polished and quietly powerful",office,semi-formal,formal,dark
dark semi-formal formal work look for a client site visit where first impressions are everything,office,semi-formal,formal,dark
casual dark office look with a formal edge for a tech company that still respects how people dress,office,casual,formal,dark
formal neutral office look for a senior role where clothes communicate before I speak,office,formal,formal,neutral
neutral formal work look for a day I'm being introduced to a new executive team,office,formal,formal,neutral
something neutral and formal for a workday where everything needs to be exactly right,office,formal,formal,neutral
semi-formal formal neutral office look for a business casual environment with high standards,office,semi-formal,formal,neutral
neutral semi-formal office look with a formal constraint for a client lunch somewhere nice,office,semi-formal,formal,neutral
casual neutral office look with a formal edge for a startup that has no code but high expectations,office,casual,formal,neutral
formal soft work look in muted tones for a day I want to feel calm and completely in control,office,formal,formal,soft
"semi-formal soft office look with a formal constraint, warm and professionally beautiful",office,semi-formal,formal,soft
elevated casual everyday look with a formal constraint in bright tones,casual,formal,formal,bright
casual formal look in vibrant colours for a girl who dresses with intention on her days off,casual,semi-formal,formal,bright
bright casual formal look for a girl whose baseline style is already several levels above average,casual,casual,formal,bright
dark casual formal look for a girl who treats personal style as a daily practice,casual,formal,formal,dark
casual formal look in deep tones for a girl who overdresses with purpose,casual,semi-formal,formal,dark
"dark elevated casual look with a formal constraint, dressed for herself not for anyone else",casual,casual,formal,dark
neutral formal casual look for a girl who curates even her most relaxed outfits,casual,formal,formal,neutral
"casual formal neutral look, considered and effortless, the hardest combination to pull off",casual,semi-formal,formal,neutral
neutral casual formal look for a girl with a very deliberate relationship with her wardrobe,casual,casual,formal,neutral
"soft formal casual look in blush or powder tones, feminine and perfectly measured",casual,formal,formal,soft
soft elevated casual look with a formal constraint for a slow day that still gets a real outfit,casual,casual,formal,soft
"formal wedding guest look in bright tones, celebratory and beautifully judged",wedding,formal,formal,bright
something bright and formal for a wedding where the couple loves colour and encourages it,wedding,semi-formal,formal,bright
dark formal wedding guest look for an evening ceremony at a candlelit venue,wedding,formal,formal,dark
formal dark wedding look that's elegant and completely appropriate without being predictable,wedding,semi-formal,formal,dark
neutral formal wedding guest look that's so polished it speaks for itself,wedding,formal,formal,neutral
"formal date to a private supper club, the kind of place that doesn't have a sign outside",date,formal,formal,bright
bright formal date look for the kind of evening you dress up for because it deserves it,date,formal,formal,bright
semi-formal bright date look that reads formal and still feels like me,date,semi-formal,formal,bright
casual bright date look with a formal edge for a coffee that escalated into a proper evening,date,casual,formal,bright
"dark formal date at a theatre, I want to look like I always attend opening nights",date,formal,formal,dark
semi-formal dark date look that's formal enough for a smart venue and relaxed enough for me,date,semi-formal,formal,dark
neutral formal date look for an evening where I want to feel poised and entirely myself,date,formal,formal,neutral
"semi-formal neutral date look with a formal constraint, the most considered version of understated",date,semi-formal,formal,neutral
casual neutral date look with a formal edge for someone I want to impress without looking like I tried,date,casual,formal,neutral
soft formal date look in pale tones for an intimate dinner that deserves something beautiful,date,formal,formal,soft
"soft semi-formal date look with a formal constraint, romantic and quietly exceptional",date,semi-formal,formal,soft
bright formal party look for a gala where I'm networking and need to look approachable and polished,party,formal,formal,bright
dark formal party look for an exclusive dinner party where every outfit will be quietly judged,party,formal,formal,dark