prompt,occasion,formality,constraint,color_tone,occasion_soft,formality_soft,constraint_soft,color_tone_soft,split,source
"going to my ex's wedding as a guest, need to look stunning but not try-hard",wedding,semi-formal,understated,soft,"{""wedding"": 1.0}","{""semi-formal"": 1.0}","{""understated"": 1.0}","{""soft"": 1.0}",train,original
y2k party outfit that screams early 2000s vibes but make it fashion,party,casual,bold,bright,"{""party"": 1.0}","{""casual"": 1.0}","{""bold"": 1.0}","{""bright"": 1.0}",train,original
"first date at a rooftop bar, cool but effortless not trying too hard",date,semi-formal,no_constraint,neutral,"{""date"": 1.0}","{""semi-formal"": 1.0}","{""no_constraint"": 1.0}","{""neutral"": 1.0}",train,original
something to wear to a rave that's also an outfit and not just a bra,party,casual,bold,dark,"{""party"": 1.0}","{""casual"": 1.0}","{""bold"": 1.0}","{""dark"": 1.0}",train,original
capsule wardrobe for a girl who wears all black everything,casual,casual,understated,dark,"{""casual"": 1.0}","{""casual"": 1.0}","{""understated"": 1.0}","{""dark"": 1.0}",heldout,original
garden party guest dress that isn't giving mother of the bride,party,semi-formal,no_constraint,soft,"{""party"": 1.0}","{""semi-formal"": 1.0}","{""no_constraint"": 1.0}","{""soft"": 1.0}",heldout,original
"soft launch date outfit, coffee shop, don't wanna look like I tried",date,casual,understated,neutral,"{""date"": 1.0}","{""casual"": 1.0}","{""understated"": 1.0}","{""neutral"": 1.0}",train,original
"something to wear clubbing in Berlin, no dress code, anything goes",party,casual,bold,dark,"{""party"": 1.0}","{""casual"": 1.0}","{""bold"": 1.0}","{""dark"": 1.0}",train,original
going out top for a bachelorette party that's fun but not embarrassing in photos,party,casual,no_constraint,bright,"{""party"": 1.0}","{""casual"": 1.0}","{""no_constraint"": 1.0}","{""bright"": 1.0}",train,original
"date night at a fancy restaurant, classic and chic, no crop tops",date,semi-formal,understated,neutral,"{""date"": 1.0}","{""semi-formal"": 1.0}","{""understated"": 1.0}","{""neutral"": 1.0}",train,original
quiet luxury office looks that say I'm very senior without saying it,office,semi-formal,understated,neutral,"{""office"": 1.0}","{""semi-formal"": 1.0}","{""understated"": 1.0}","{""neutral"": 1.0}",train,original
something to wear to a music festival that's actually practical,party,casual,no_constraint,bright,"{""party"": 1.0}","{""casual"": 1.0}","{""no_constraint"": 1.0}","{""bright"": 1.0}",train,original
coastal grandmother vibes but make it wearable for a 23 year old,casual,casual,understated,soft,"{""casual"": 1.0}","{""casual"": 1.0}","{""understated"": 1.0}","{""soft"": 1.0}",train,original
"date fit for a guy who takes you to an art gallery, very that girl",date,semi-formal,understated,neutral,"{""date"": 1.0}","{""semi-formal"": 1.0}","{""understated"": 1.0}","{""neutral"": 1.0}",train,original
bridesmaid dress that doesn't look like a bridesmaid dress,wedding,formal,no_constraint,soft,"{""wedding"": 1.0}","{""formal"": 1.0}","{""no_constraint"": 1.0}","{""soft"": 1.0}",train,original
office party outfit you can wear from desk to drinks,office,semi-formal,no_constraint,neutral,"{""office"": 1.0}","{""semi-formal"": 1.0}","{""no_constraint"": 1.0}","{""neutral"": 1.0}",train,original
"going to a themed 70s disco party, need full outfit not just vibes",party,casual,bold,bright,"{""party"": 1.0}","{""casual"": 1.0}","{""bold"": 1.0}","{""bright"": 1.0}",train,original
"something cute to wear to my boyfriend's family dinner, sweet but not basic",date,semi-formal,understated,soft,"{""date"": 1.0}","{""semi-formal"": 1.0}","{""understated"": 1.0}","{""soft"": 1.0}",train,original
"summer wedding guest in the middle of a heat wave, midi length please",wedding,semi-formal,understated,bright,"{""wedding"": 1.0}","{""semi-formal"": 1.0}","{""understated"": 1.0}","{""bright"": 1.0}",train,original
"going to a friend's birthday dinner at a trendy restaurant, something Instagram worthy",party,semi-formal,bold,bright,"{""party"": 1.0}","{""semi-formal"": 1.0}","{""bold"": 1.0}","{""bright"": 1.0}",heldout,original
"daytime casual look for hanging with friends, comfy but make it fashion",casual,casual,no_constraint,neutral,"{""casual"": 1.0}","{""casual"": 1.0}","{""no_constraint"": 1.0}","{""neutral"": 1.0}",train,original
hot girl walk outfit that's actually warm because it's winter,casual,casual,bold,dark,"{""casual"": 1.0}","{""casual"": 1.0}","{""bold"": 1.0}","{""dark"": 1.0}",train,original
"anniversary dinner outfit, romantic and feminine, little black dress alternative",date,formal,no_constraint,dark,"{""date"": 1.0}","{""formal"": 1.0}","{""no_constraint"": 1.0}","{""dark"": 1.0}",train,original
what to wear to a black tie wedding as a guest if I hate formal dresses,wedding,formal,bold,dark,"{""wedding"": 1.0}","{""formal"": 1.0}","{""bold"": 1.0}","{""dark"": 1.0}",train,original
"presentation day work outfit, need to feel powerful and confident",office,formal,bold,neutral,"{""office"": 1.0}","{""formal"": 1.0}","{""bold"": 1.0}","{""neutral"": 1.0}",train,original
"grunge aesthetic going out fit for a dive bar, not a costume just vibes",party,casual,bold,dark,"{""party"": 1.0}","{""casual"": 1.0}","{""bold"": 1.0}","{""dark"": 1.0}",train,original
"picnic date look, cottagecore light but still cute if we end up somewhere nice",date,casual,no_constraint,soft,"{""date"": 1.0}","{""casual"": 1.0}","{""no_constraint"": 1.0}","{""soft"": 1.0}",train,original
"sister's baby shower outfit, sweet and put together, not too much",party,semi-formal,understated,soft,"{""party"": 1.0}","{""semi-formal"": 1.0}","{""understated"": 1.0}","{""soft"": 1.0}",train,original
fall casual OOTD that's basically a cozy hug you can wear outside,casual,casual,understated,neutral,"{""casual"": 1.0}","{""casual"": 1.0}","{""understated"": 1.0}","{""neutral"": 1.0}",train,original
New Year's Eve party dress that's timeless not costume-y,party,semi-formal,bold,bright,"{""party"": 1.0}","{""semi-formal"": 1.0}","{""bold"": 1.0}","{""bright"": 1.0}",heldout,original
casual Sunday look for brunch that still looks like I have my life together,casual,casual,understated,soft,"{""casual"": 1.0}","{""casual"": 1.0}","{""understated"": 1.0}","{""soft"": 1.0}",train,original
"first date to a bowling alley, cute but can actually move around",date,casual,no_constraint,bright,"{""date"": 1.0}","{""casual"": 1.0}","{""no_constraint"": 1.0}","{""bright"": 1.0}",train,original
"spring wedding guest dress, floral but not in a basic way",wedding,semi-formal,no_constraint,soft,"{""wedding"": 1.0}","{""semi-formal"": 1.0}","{""no_constraint"": 1.0}","{""soft"": 1.0}",train,original
"editorial going out look, something a fashion girl would wear not just anyone",party,semi-formal,bold,dark,"{""party"": 1.0}","{""semi-formal"": 1.0}","{""bold"": 1.0}","{""dark"": 1.0}",train,original
work from home outfits that still make me feel like I'm not giving up on myself,office,casual,understated,soft,"{""office"": 1.0}","{""casual"": 1.0}","{""understated"": 1.0}","{""soft"": 1.0}",heldout,original
"something to wear to an outdoor concert, not muddy, not boring",casual,casual,bold,bright,"{""casual"": 1.0}","{""casual"": 1.0}","{""bold"": 1.0}","{""bright"": 1.0}",train,original
what to wear to a rooftop wedding with a dress code of garden chic,wedding,semi-formal,no_constraint,bright,"{""wedding"": 1.0}","{""semi-formal"": 1.0}","{""no_constraint"": 1.0}","{""bright"": 1.0}",heldout,original
"third date energy, we're going to a jazz bar, sophisticated but fun",date,semi-formal,no_constraint,dark,"{""date"": 1.0}","{""semi-formal"": 1.0}","{""no_constraint"": 1.0}","{""dark"": 1.0}",train,original
"birthday going out outfit, it's my birthday and I want to look iconic",party,semi-formal,bold,bright,"{""party"": 1.0}","{""semi-formal"": 1.0}","{""bold"": 1.0}","{""bright"": 1.0}",heldout,original
something to wear to a gallery opening that doesn't scream art hoe but appreciates it,party,semi-formal,understated,dark,"{""party"": 1.0}","{""semi-formal"": 1.0}","{""understated"": 1.0}","{""dark"": 1.0}",train,original
"workwear that fits my aesthetic, I dress like I listen to indie music not corporate",office,semi-formal,no_constraint,dark,"{""office"": 1.0}","{""semi-formal"": 1.0}","{""no_constraint"": 1.0}","{""dark"": 1.0}",train,original
"beach to bar outfit for a summer holiday, minimal effort maximum looks",vacation,casual,no_constraint,bright,"{""vacation"": 1.0}","{""casual"": 1.0}","{""no_constraint"": 1.0}","{""bright"": 1.0}",train,relabeled
"date afternoon at a farmer's market, relaxed and feminine, no trying too hard",date,casual,understated,soft,"{""date"": 1.0}","{""casual"": 1.0}","{""understated"": 1.0}","{""soft"": 1.0}",train,original
party look that works in both freezing cold outside and sweaty hot club inside,party,casual,no_constraint,dark,"{""party"": 1.0}","{""casual"": 1.0}","{""no_constraint"": 1.0}","{""dark"": 1.0}",train,original
"wedding guest dress code says smart casual, what does that even mean help",wedding,semi-formal,understated,neutral,"{""wedding"": 1.0}","{""semi-formal"": 1.0}","{""understated"": 1.0}","{""neutral"": 1.0}",train,original
"street style fall look, layered and intentional, not messy layering",casual,casual,bold,neutral,"{""casual"": 1.0}","{""casual"": 1.0}","{""bold"": 1.0}","{""neutral"": 1.0}",train,original
office look that doesn't make me feel like I'm wearing a costume,office,formal,no_constraint,neutral,"{""office"": 1.0}","{""formal"": 1.0}","{""no_constraint"": 1.0}","{""neutral"": 1.0}",train,original
something to wear to a Halloween party that isn't a lazy costume,party,casual,bold,dark,"{""party"": 1.0}","{""casual"": 1.0}","{""bold"": 1.0}","{""dark"": 1.0}",train,original
"dinner date outfit, he's taking me somewhere nice but I don't know where",date,semi-formal,no_constraint,neutral,"{""date"": 1.0}","{""semi-formal"": 1.0}","{""no_constraint"": 1.0}","{""neutral"": 1.0}",train,original
winter wedding guest look that's warm but still dressy enough,wedding,formal,understated,dark,"{""wedding"": 1.0}","{""formal"": 1.0}","{""understated"": 1.0}","{""dark"": 1.0}",train,original
what do I wear to a Beyoncé concert that's a full fit not just a tee,party,casual,bold,bright,"{""party"": 1.0}","{""casual"": 1.0}","{""bold"": 1.0}","{""bright"": 1.0}",heldout,original
"hyper-feminine date night look, very Sofia Richie but younger and more fun",date,semi-formal,understated,soft,"{""date"": 1.0}","{""semi-formal"": 1.0}","{""understated"": 1.0}","{""soft"": 1.0}",heldout,original
something to wear to a Korean BBQ date that won't smell like smoke but also cute,date,casual,no_constraint,bright,"{""date"": 1.0}","{""casual"": 1.0}","{""no_constraint"": 1.0}","{""bright"": 1.0}",train,original
Christmas party work outfit that's festive but professional not tacky,office,semi-formal,no_constraint,bright,"{""office"": 1.0}","{""semi-formal"": 1.0}","{""no_constraint"": 1.0}","{""bright"": 1.0}",train,original
"going to a brunch hen party, pastels and fun but still grown up",party,casual,no_constraint,soft,"{""party"": 1.0}","{""casual"": 1.0}","{""no_constraint"": 1.0}","{""soft"": 1.0}",train,original
cute travel outfit for a long haul flight that still looks put together on arrival,casual,casual,understated,neutral,"{""casual"": 1.0}","{""casual"": 1.0}","{""understated"": 1.0}","{""neutral"": 1.0}",train,original
something edgy to wear to a punk-inspired exhibition,casual,casual,bold,dark,"{""casual"": 1.0}","{""casual"": 1.0}","{""bold"": 1.0}","{""dark"": 1.0}",train,original
"spring date walk in the park, light and breezy, no mini skirt it's cold",date,casual,understated,soft,"{""date"": 1.0}","{""casual"": 1.0}","{""understated"": 1.0}","{""soft"": 1.0}",train,original
"outdoor summer wedding dress code tropical smart, what does that mean",wedding,semi-formal,bold,bright,"{""wedding"": 1.0}","{""semi-formal"": 1.0}","{""bold"": 1.0}","{""bright"": 1.0}",train,original
what to wear to a work conference when you want to be remembered,office,formal,bold,neutral,"{""office"": 1.0}","{""formal"": 1.0}","{""bold"": 1.0}","{""neutral"": 1.0}",heldout,original
"night out in London, effortlessly cool, not trendy in an obvious way",party,semi-formal,understated,dark,"{""party"": 1.0}","{""semi-formal"": 1.0}","{""understated"": 1.0}","{""dark"": 1.0}",train,original
cute at-home loungewear that looks intentional not lazy,casual,casual,understated,soft,"{""casual"": 1.0}","{""casual"": 1.0}","{""understated"": 1.0}","{""soft"": 1.0}",train,original
"something to wear to watch the rugby with his friends, casual but still pretty",casual,casual,no_constraint,neutral,"{""casual"": 1.0}","{""casual"": 1.0}","{""no_constraint"": 1.0}","{""neutral"": 1.0}",heldout,original
job interview outfit that says I'm creative but I can also be professional,office,formal,bold,neutral,"{""office"": 1.0}","{""formal"": 1.0}","{""bold"": 1.0}","{""neutral"": 1.0}",train,original
"going to see a Taylor Swift tribute band, not cringe but still fun",party,casual,no_constraint,soft,"{""party"": 1.0}","{""casual"": 1.0}","{""no_constraint"": 1.0}","{""soft"": 1.0}",heldout,original
"date to a museum, sophisticated casual, a bit preppy but not stuffy",date,semi-formal,understated,neutral,"{""date"": 1.0}","{""semi-formal"": 1.0}","{""understated"": 1.0}","{""neutral"": 1.0}",train,original
something that reads office appropriate but also going out straight after works,office,semi-formal,no_constraint,dark,"{""office"": 1.0}","{""semi-formal"": 1.0}","{""no_constraint"": 1.0}","{""dark"": 1.0}",train,original
"Italian summer vacation outfits, classy and European not tourist-y",vacation,casual,understated,bright,"{""vacation"": 1.0}","{""casual"": 1.0}","{""understated"": 1.0}","{""bright"": 1.0}",train,relabeled
"autumn wedding guest, jewel tones and drama but not over the top",wedding,formal,bold,dark,"{""wedding"": 1.0}","{""formal"": 1.0}","{""bold"": 1.0}","{""dark"": 1.0}",heldout,original
"going to a house party, not trying too hard but definitely didn't just roll out of bed",party,casual,no_constraint,neutral,"{""party"": 1.0}","{""casual"": 1.0}","{""no_constraint"": 1.0}","{""neutral"": 1.0}",train,original
biker-meets-feminine aesthetic everyday outfit,casual,casual,bold,dark,"{""casual"": 1.0}","{""casual"": 1.0}","{""bold"": 1.0}","{""dark"": 1.0}",train,original
"date at an escape room, cute but can crouch, run, and problem solve",date,casual,no_constraint,neutral,"{""date"": 1.0}","{""casual"": 1.0}","{""no_constraint"": 1.0}","{""neutral"": 1.0}",train,original
"summer office looks, no linen because I always look wrinkled",office,formal,understated,soft,"{""office"": 1.0}","{""formal"": 1.0}","{""understated"": 1.0}","{""soft"": 1.0}",train,original
"something to wear to my cousin's Italian wedding, dress code is elegant casual",wedding,semi-formal,understated,bright,"{""wedding"": 1.0}","{""semi-formal"": 1.0}","{""understated"": 1.0}","{""bright"": 1.0}",train,original
ultra feminine spring looks that aren't just pink and floral,casual,casual,no_constraint,soft,"{""casual"": 1.0}","{""casual"": 1.0}","{""no_constraint"": 1.0}","{""soft"": 1.0}",train,original
"what to wear for a Pilates class then brunch, seamless transition outfit",casual,casual,understated,soft,"{""casual"": 1.0}","{""casual"": 1.0}","{""understated"": 1.0}","{""soft"": 1.0}",train,original
something sexy for a speed dating event but not trying too hard,date,semi-formal,bold,dark,"{""date"": 1.0}","{""semi-formal"": 1.0}","{""bold"": 1.0}","{""dark"": 1.0}",train,original
smart look for a client lunch that also goes with a coffee in the morning,office,semi-formal,understated,neutral,"{""office"": 1.0}","{""semi-formal"": 1.0}","{""understated"": 1.0}","{""neutral"": 1.0}",train,original
"Ibiza holiday looks, colourful and fun, not basic influencer aesthetic",party,casual,bold,bright,"{""party"": 1.0}","{""casual"": 1.0}","{""bold"": 1.0}","{""bright"": 1.0}",train,original
"minimalist work capsule wardrobe, five pieces, loads of outfits",office,formal,understated,neutral,"{""office"": 1.0}","{""formal"": 1.0}","{""understated"": 1.0}","{""neutral"": 1.0}",train,original
something to wear to a baby shower that isn't too formal but also not jeans,party,semi-formal,understated,soft,"{""party"": 1.0}","{""semi-formal"": 1.0}","{""understated"": 1.0}","{""soft"": 1.0}",train,original
"date night pub quiz look, casual and fun but still obviously made an effort",date,casual,no_constraint,neutral,"{""date"": 1.0}","{""casual"": 1.0}","{""no_constraint"": 1.0}","{""neutral"": 1.0}",train,original
"something to wear to a black and white themed party, not just a tux",party,semi-formal,bold,dark,"{""party"": 1.0}","{""semi-formal"": 1.0}","{""bold"": 1.0}","{""dark"": 1.0}",train,original
autumn casual looks that actually use autumn colours not just beige,casual,casual,no_constraint,dark,"{""casual"": 1.0}","{""casual"": 1.0}","{""no_constraint"": 1.0}","{""dark"": 1.0}",train,original
what to wear to a destination beach wedding as a guest,wedding,semi-formal,no_constraint,bright,"{""wedding"": 1.0}","{""semi-formal"": 1.0}","{""no_constraint"": 1.0}","{""bright"": 1.0}",train,original
"power suit moment but make it wearable for my body type, I hate boxy fits",office,formal,bold,dark,"{""office"": 1.0}","{""formal"": 1.0}","{""bold"": 1.0}","{""dark"": 1.0}",train,original
winter date outfit that's still cute even with a massive coat over it,date,semi-formal,understated,dark,"{""date"": 1.0}","{""semi-formal"": 1.0}","{""understated"": 1.0}","{""dark"": 1.0}",train,original
"something to wear to a pop up market on a weekend, effortless and artistic",casual,casual,no_constraint,bright,"{""casual"": 1.0}","{""casual"": 1.0}","{""no_constraint"": 1.0}","{""bright"": 1.0}",train,original
what to wear to a concert that starts at 7pm so part office part gig,party,semi-formal,no_constraint,neutral,"{""party"": 1.0}","{""semi-formal"": 1.0}","{""no_constraint"": 1.0}","{""neutral"": 1.0}",train,original
"girls trip to Amsterdam looks, walkable cute, club ready by night",casual,casual,bold,bright,"{""casual"": 1.0}","{""casual"": 1.0}","{""bold"": 1.0}","{""bright"": 1.0}",heldout,original
"soft feminine date look, meeting his friends for the first time",date,casual,understated,soft,"{""date"": 1.0}","{""casual"": 1.0}","{""understated"": 1.0}","{""soft"": 1.0}",heldout,original
"sustainable fashion going out look, thrifted energy but actually stylish",party,casual,no_constraint,neutral,"{""party"": 1.0}","{""casual"": 1.0}","{""no_constraint"": 1.0}","{""neutral"": 1.0}",train,original
"something to wear to a rooftop party in summer, breezy but still a look",party,casual,bold,bright,"{""party"": 1.0}","{""casual"": 1.0}","{""bold"": 1.0}","{""bright"": 1.0}",train,original
black tie party look that's actually wearable and not just a costume,party,formal,understated,soft,"{""party"": 1.0}","{""formal"": 1.0}","{""understated"": 1.0}","{""soft"": 1.0}",heldout,original
"elevated going out dress for a fancy birthday dinner party, old money vibes",party,formal,understated,bright,"{""party"": 1.0}","{""formal"": 1.0}","{""understated"": 1.0}","{""bright"": 1.0}",train,original
red carpet energy for a formal party but make it Gen Z not Hollywood,party,formal,bold,soft,"{""party"": 1.0}","{""formal"": 1.0}","{""bold"": 1.0}","{""soft"": 1.0}",train,original
statement gown for a black tie party that's daring but still tasteful,party,formal,bold,bright,"{""party"": 1.0}","{""formal"": 1.0}","{""bold"": 1.0}","{""bright"": 1.0}",train,original
"dramatic formal party look, full glam, no playing it safe tonight",party,formal,bold,dark,"{""party"": 1.0}","{""formal"": 1.0}","{""bold"": 1.0}","{""dark"": 1.0}",train,original
bold suit moment for a formal party where everyone else will be in dresses,party,formal,bold,neutral,"{""party"": 1.0}","{""formal"": 1.0}","{""bold"": 1.0}","{""neutral"": 1.0}",train,original
formal party look where I want to stand out but not look try-hard,party,formal,no_constraint,soft,"{""party"": 1.0}","{""formal"": 1.0}","{""no_constraint"": 1.0}","{""soft"": 1.0}",train,original
something for a fancy work awards night that's festive and formal,party,formal,no_constraint,bright,"{""party"": 1.0}","{""formal"": 1.0}","{""no_constraint"": 1.0}","{""bright"": 1.0}",train,original
formal evening party look that feels like me not like a dress-up doll,party,formal,no_constraint,dark,"{""party"": 1.0}","{""formal"": 1.0}","{""no_constraint"": 1.0}","{""dark"": 1.0}",train,original
"cocktail party look, I want to look expensive without spending a lot",party,formal,no_constraint,neutral,"{""party"": 1.0}","{""formal"": 1.0}","{""no_constraint"": 1.0}","{""neutral"": 1.0}",heldout,original
"going to a semi-formal rooftop party, upscale but not black tie",party,semi-formal,understated,soft,"{""party"": 1.0}","{""semi-formal"": 1.0}","{""understated"": 1.0}","{""soft"": 1.0}",train,original
"birthday dinner at a nice restaurant, semi-formal but still fun energy",party,semi-formal,understated,bright,"{""party"": 1.0}","{""semi-formal"": 1.0}","{""understated"": 1.0}","{""bright"": 1.0}",heldout,original
semi-formal house party where the host always overdresses everyone else,party,semi-formal,understated,dark,"{""party"": 1.0}","{""semi-formal"": 1.0}","{""understated"": 1.0}","{""dark"": 1.0}",train,original
elevated but not stiff look for a cocktail hour before a wedding after-party,party,semi-formal,understated,neutral,"{""party"": 1.0}","{""semi-formal"": 1.0}","{""understated"": 1.0}","{""neutral"": 1.0}",train,original
"semi-formal masquerade party look, dramatic but wearable",party,semi-formal,bold,soft,"{""party"": 1.0}","{""semi-formal"": 1.0}","{""bold"": 1.0}","{""soft"": 1.0}",train,original
"going out dress for a semi-formal birthday party, fun and attention-grabbing",party,semi-formal,bold,bright,"{""party"": 1.0}","{""semi-formal"": 1.0}","{""bold"": 1.0}","{""bright"": 1.0}",train,original
"semi-formal Halloween party, scary but make it chic",party,semi-formal,bold,dark,"{""party"": 1.0}","{""semi-formal"": 1.0}","{""bold"": 1.0}","{""dark"": 1.0}",train,original
bold co-ord set for a fancy friend group dinner that counts as a party,party,semi-formal,bold,neutral,"{""party"": 1.0}","{""semi-formal"": 1.0}","{""bold"": 1.0}","{""neutral"": 1.0}",train,original
something for an art gallery party that's semi-formal and actually interesting,party,semi-formal,no_constraint,soft,"{""party"": 1.0}","{""semi-formal"": 1.0}","{""no_constraint"": 1.0}","{""soft"": 1.0}",train,original
"going to a charity auction party, not too serious but smart enough",party,semi-formal,no_constraint,bright,"{""party"": 1.0}","{""semi-formal"": 1.0}","{""no_constraint"": 1.0}","{""bright"": 1.0}",train,original
"semi-formal leaving drinks look, memorable but not over the top",party,semi-formal,no_constraint,dark,"{""party"": 1.0}","{""semi-formal"": 1.0}","{""no_constraint"": 1.0}","{""dark"": 1.0}",train,original
something for a friend's engagement party that's celebratory but understated,party,semi-formal,no_constraint,neutral,"{""party"": 1.0}","{""semi-formal"": 1.0}","{""no_constraint"": 1.0}","{""neutral"": 1.0}",train,original
rave-ready casual look that's still a whole outfit not just underwear,party,casual,understated,soft,"{""party"": 1.0}","{""casual"": 1.0}","{""understated"": 1.0}","{""soft"": 1.0}",train,original
"low-key birthday house party look, cute but like I didn't overthink it",party,casual,understated,bright,"{""party"": 1.0}","{""casual"": 1.0}","{""understated"": 1.0}","{""bright"": 1.0}",train,original
"casual going out look for a warehouse party, comfy shoes mandatory",party,casual,understated,dark,"{""party"": 1.0}","{""casual"": 1.0}","{""understated"": 1.0}","{""dark"": 1.0}",train,original
"something casual for a daytime garden party, not a dress not just jeans",party,casual,understated,neutral,"{""party"": 1.0}","{""casual"": 1.0}","{""understated"": 1.0}","{""neutral"": 1.0}",heldout,original
festival outfit that's bold and colourful but actually practical to wear all day,party,casual,bold,soft,"{""party"": 1.0}","{""casual"": 1.0}","{""bold"": 1.0}","{""soft"": 1.0}",train,original
something to wear to a themed party that's committed but not embarrassing,party,casual,bold,bright,"{""party"": 1.0}","{""casual"": 1.0}","{""bold"": 1.0}","{""bright"": 1.0}",train,original
casual but attention-grabbing look for a friend's birthday pub crawl,party,casual,bold,dark,"{""party"": 1.0}","{""casual"": 1.0}","{""bold"": 1.0}","{""dark"": 1.0}",train,original
"going out look for a dive bar birthday, casual but clearly made an effort",party,casual,bold,neutral,"{""party"": 1.0}","{""casual"": 1.0}","{""bold"": 1.0}","{""neutral"": 1.0}",train,original
hen party casual look that's fun without a sash or anything cringey,party,casual,no_constraint,soft,"{""party"": 1.0}","{""casual"": 1.0}","{""no_constraint"": 1.0}","{""soft"": 1.0}",train,original
what to wear to an outdoor day party when it might rain but you still want to look good,party,casual,no_constraint,bright,"{""party"": 1.0}","{""casual"": 1.0}","{""no_constraint"": 1.0}","{""bright"": 1.0}",train,original
"casual house party look, arrived looking cute not like I came from the gym",party,casual,no_constraint,dark,"{""party"": 1.0}","{""casual"": 1.0}","{""no_constraint"": 1.0}","{""dark"": 1.0}",train,original
something for a low-key birthday picnic party that's still Instagram-worthy,party,casual,no_constraint,neutral,"{""party"": 1.0}","{""casual"": 1.0}","{""no_constraint"": 1.0}","{""neutral"": 1.0}",train,original
formal wedding guest look that's polished but still has personality,wedding,formal,understated,soft,"{""wedding"": 1.0}","{""formal"": 1.0}","{""understated"": 1.0}","{""soft"": 1.0}",train,original
"formal afternoon wedding, something in a warm tone that photographs beautifully",wedding,formal,understated,bright,"{""wedding"": 1.0}","{""formal"": 1.0}","{""understated"": 1.0}","{""bright"": 1.0}",train,original
"black tie optional wedding, I want to dress up but not be the only one in a gown",wedding,formal,understated,dark,"{""wedding"": 1.0}","{""formal"": 1.0}","{""understated"": 1.0}","{""dark"": 1.0}",train,original
"winter formal wedding, need something warm but still wedding-level dressy",wedding,formal,understated,neutral,"{""wedding"": 1.0}","{""formal"": 1.0}","{""understated"": 1.0}","{""neutral"": 1.0}",heldout,original
"bold formal wedding guest look, I want to be remembered but not for wrong reasons",wedding,formal,bold,soft,"{""wedding"": 1.0}","{""formal"": 1.0}","{""bold"": 1.0}","{""soft"": 1.0}",train,original
"wearing a maximalist formal gown to a wedding, lots of texture and detail",wedding,formal,bold,bright,"{""wedding"": 1.0}","{""formal"": 1.0}","{""bold"": 1.0}","{""bright"": 1.0}",train,original
"dramatic dark formal look for a winter wedding, jewel tones and structure",wedding,formal,bold,dark,"{""wedding"": 1.0}","{""formal"": 1.0}","{""bold"": 1.0}","{""dark"": 1.0}",train,original
statement trouser suit for a formal wedding as a guest who hates dresses,wedding,formal,bold,neutral,"{""wedding"": 1.0}","{""formal"": 1.0}","{""bold"": 1.0}","{""neutral"": 1.0}",train,original
formal evening wedding look that feels effortless not stiff,wedding,formal,no_constraint,soft,"{""wedding"": 1.0}","{""formal"": 1.0}","{""no_constraint"": 1.0}","{""soft"": 1.0}",train,original
what to wear to a formal Indian wedding as a non-Indian guest,wedding,formal,no_constraint,bright,"{""wedding"": 1.0}","{""formal"": 1.0}","{""no_constraint"": 1.0}","{""bright"": 1.0}",heldout,original
"formal wedding in a church, need something that covers shoulders but still looks good",wedding,formal,no_constraint,dark,"{""wedding"": 1.0}","{""formal"": 1.0}","{""no_constraint"": 1.0}","{""dark"": 1.0}",train,original
"formal winter wedding guest look, monochrome but not boring",wedding,formal,no_constraint,neutral,"{""wedding"": 1.0}","{""formal"": 1.0}","{""no_constraint"": 1.0}","{""neutral"": 1.0}",train,original
"semi-formal wedding on a farm, chic but heels would sink into the grass",wedding,semi-formal,understated,soft,"{""wedding"": 1.0}","{""semi-formal"": 1.0}","{""understated"": 1.0}","{""soft"": 1.0}",train,original
"semi-formal destination wedding abroad, lightweight and pretty",wedding,semi-formal,understated,bright,"{""wedding"": 1.0}","{""semi-formal"": 1.0}","{""understated"": 1.0}","{""bright"": 1.0}",train,original
"semi-formal autumn wedding, something in deep tones that isn't too dark",wedding,semi-formal,understated,dark,"{""wedding"": 1.0}","{""semi-formal"": 1.0}","{""understated"": 1.0}","{""dark"": 1.0}",train,original
"semi-formal city wedding, sleek and modern not fussy or ruffly",wedding,semi-formal,understated,neutral,"{""wedding"": 1.0}","{""semi-formal"": 1.0}","{""understated"": 1.0}","{""neutral"": 1.0}",train,original
semi-formal wedding guest look that's a bit fashion-forward but still appropriate,wedding,semi-formal,bold,soft,"{""wedding"": 1.0}","{""semi-formal"": 1.0}","{""bold"": 1.0}","{""soft"": 1.0}",train,original
"colourful semi-formal wedding look, I want to be bold but not upstage the bride",wedding,semi-formal,bold,bright,"{""wedding"": 1.0}","{""semi-formal"": 1.0}","{""bold"": 1.0}","{""bright"": 1.0}",train,original
"semi-formal gothic wedding aesthetic as a guest, dark but celebratory",wedding,semi-formal,bold,dark,"{""wedding"": 1.0}","{""semi-formal"": 1.0}","{""bold"": 1.0}","{""dark"": 1.0}",train,original
bold print dress for a semi-formal outdoor summer wedding,wedding,semi-formal,bold,neutral,"{""wedding"": 1.0}","{""semi-formal"": 1.0}","{""bold"": 1.0}","{""neutral"": 1.0}",train,original
"semi-formal boho wedding look, floaty and free but still put together",wedding,semi-formal,no_constraint,soft,"{""wedding"": 1.0}","{""semi-formal"": 1.0}","{""no_constraint"": 1.0}","{""soft"": 1.0}",heldout,original
"what to wear to a semi-formal rooftop wedding, breezy but elevated",wedding,semi-formal,no_constraint,bright,"{""wedding"": 1.0}","{""semi-formal"": 1.0}","{""no_constraint"": 1.0}","{""bright"": 1.0}",train,original
"semi-formal wedding where everyone will be overdressed, still want to fit in",wedding,semi-formal,no_constraint,dark,"{""wedding"": 1.0}","{""semi-formal"": 1.0}","{""no_constraint"": 1.0}","{""dark"": 1.0}",train,original
something for a semi-formal elopement celebration that's joyful and relaxed,wedding,semi-formal,no_constraint,neutral,"{""wedding"": 1.0}","{""semi-formal"": 1.0}","{""no_constraint"": 1.0}","{""neutral"": 1.0}",train,original
"casual beach wedding guest look, barefoot optional but still pretty",wedding,casual,understated,soft,"{""wedding"": 1.0}","{""casual"": 1.0}","{""understated"": 1.0}","{""soft"": 1.0}",heldout,original
"casual outdoor picnic wedding, something that works on grass and in photos",wedding,casual,understated,bright,"{""wedding"": 1.0}","{""casual"": 1.0}","{""understated"": 1.0}","{""bright"": 1.0}",train,original
"casual wedding celebration in a pub garden, not a dress code but still want to look nice",wedding,casual,understated,dark,"{""wedding"": 1.0}","{""casual"": 1.0}","{""understated"": 1.0}","{""dark"": 1.0}",train,original
"relaxed casual wedding in someone's backyard, sundress energy but thoughtful",wedding,casual,understated,neutral,"{""wedding"": 1.0}","{""casual"": 1.0}","{""understated"": 1.0}","{""neutral"": 1.0}",train,original
"bold casual wedding guest look, I don't want to blend into the background",wedding,casual,bold,soft,"{""wedding"": 1.0}","{""casual"": 1.0}","{""bold"": 1.0}","{""soft"": 1.0}",heldout,original
"bright and bold casual wedding look, it's a colourful celebration",wedding,casual,bold,bright,"{""wedding"": 1.0}","{""casual"": 1.0}","{""bold"": 1.0}","{""bright"": 1.0}",train,original
"edgy casual wedding guest fit, the couple has alternative style so I can too",wedding,casual,bold,dark,"{""wedding"": 1.0}","{""casual"": 1.0}","{""bold"": 1.0}","{""dark"": 1.0}",train,original
"casual wedding with a bold co-ord set, not a dress but still festive",wedding,casual,bold,neutral,"{""wedding"": 1.0}","{""casual"": 1.0}","{""bold"": 1.0}","{""neutral"": 1.0}",train,original
casual wedding look that's relaxed but still says I respect the occasion,wedding,casual,no_constraint,soft,"{""wedding"": 1.0}","{""casual"": 1.0}","{""no_constraint"": 1.0}","{""soft"": 1.0}",train,original
"something for a casual afternoon wedding in summer, nothing too structured",wedding,casual,no_constraint,bright,"{""wedding"": 1.0}","{""casual"": 1.0}","{""no_constraint"": 1.0}","{""bright"": 1.0}",train,original
"laid-back wedding in a brewery, casual but still a step above normal clothes",wedding,casual,no_constraint,dark,"{""wedding"": 1.0}","{""casual"": 1.0}","{""no_constraint"": 1.0}","{""dark"": 1.0}",train,original
"relaxed wedding dress code says wear what you want, panicking slightly",wedding,casual,no_constraint,neutral,"{""wedding"": 1.0}","{""casual"": 1.0}","{""no_constraint"": 1.0}","{""neutral"": 1.0}",train,original
formal office look that commands respect in a boardroom full of older men,office,formal,understated,soft,"{""office"": 1.0}","{""formal"": 1.0}","{""understated"": 1.0}","{""soft"": 1.0}",train,original
classic formal workwear in soft tones that never goes out of style,office,formal,understated,soft,"{""office"": 1.0}","{""formal"": 1.0}","{""understated"": 1.0}","{""soft"": 1.0}",train,original
"office formal look inspired by old money, nothing trendy just quality",office,formal,understated,bright,"{""office"": 1.0}","{""formal"": 1.0}","{""understated"": 1.0}","{""bright"": 1.0}",train,original
"bright formal office look, I want colour in my workwear not just navy and grey",office,formal,understated,bright,"{""office"": 1.0}","{""formal"": 1.0}","{""understated"": 1.0}","{""bright"": 1.0}",train,original
"dark formal office looks for winter, sleek and serious without being gloomy",office,formal,understated,dark,"{""office"": 1.0}","{""formal"": 1.0}","{""understated"": 1.0}","{""dark"": 1.0}",train,original
"all-dark formal workwear capsule, I only wear dark colours to the office",office,formal,understated,dark,"{""office"": 1.0}","{""formal"": 1.0}","{""understated"": 1.0}","{""dark"": 1.0}",train,original
neutral formal office wardrobe that mixes and matches easily,office,formal,understated,neutral,"{""office"": 1.0}","{""formal"": 1.0}","{""understated"": 1.0}","{""neutral"": 1.0}",train,original
"understated formal office look, no logos, no trends, just great tailoring",office,formal,understated,neutral,"{""office"": 1.0}","{""formal"": 1.0}","{""understated"": 1.0}","{""neutral"": 1.0}",train,original
"bold formal workwear, I want to wear colour and not apologise for it",office,formal,bold,soft,"{""office"": 1.0}","{""formal"": 1.0}","{""bold"": 1.0}","{""soft"": 1.0}",train,original
"power dressing in soft tones, feminine but clearly in charge",office,formal,bold,bright,"{""office"": 1.0}","{""formal"": 1.0}","{""bold"": 1.0}","{""bright"": 1.0}",heldout,original
"making a statement in the office with a bold formal look, not costume just confidence",office,formal,bold,dark,"{""office"": 1.0}","{""formal"": 1.0}","{""bold"": 1.0}","{""dark"": 1.0}",train,original
"corporate girl bold look, formal but clearly has opinions about fashion",office,formal,bold,neutral,"{""office"": 1.0}","{""formal"": 1.0}","{""bold"": 1.0}","{""neutral"": 1.0}",train,original
"formal office look that has no rules, just needs to look professional",office,formal,no_constraint,soft,"{""office"": 1.0}","{""formal"": 1.0}","{""no_constraint"": 1.0}","{""soft"": 1.0}",train,original
something for a formal work event that isn't stuffy or boring,office,formal,no_constraint,bright,"{""office"": 1.0}","{""formal"": 1.0}","{""no_constraint"": 1.0}","{""bright"": 1.0}",train,original
"formal office look with a fashion edge, I work in a creative industry",office,formal,no_constraint,dark,"{""office"": 1.0}","{""formal"": 1.0}","{""no_constraint"": 1.0}","{""dark"": 1.0}",heldout,original
formal workwear that doesn't erase my personality,office,formal,no_constraint,neutral,"{""office"": 1.0}","{""formal"": 1.0}","{""no_constraint"": 1.0}","{""neutral"": 1.0}",train,original
semi-formal office look for a Friday that still looks intentional,office,semi-formal,understated,soft,"{""office"": 1.0}","{""semi-formal"": 1.0}","{""understated"": 1.0}","{""soft"": 1.0}",train,original
"business casual in pastel tones, still professional but less rigid",office,semi-formal,understated,bright,"{""office"": 1.0}","{""semi-formal"": 1.0}","{""understated"": 1.0}","{""bright"": 1.0}",train,original
semi-formal dark work outfit that's polished but not uptight,office,semi-formal,understated,dark,"{""office"": 1.0}","{""semi-formal"": 1.0}","{""understated"": 1.0}","{""dark"": 1.0}",train,original
"smart casual office look, the dress code is vague and I'm stressed",office,semi-formal,understated,neutral,"{""office"": 1.0}","{""semi-formal"": 1.0}","{""understated"": 1.0}","{""neutral"": 1.0}",train,original
bold semi-formal work look that breaks the beige office aesthetic,office,semi-formal,bold,soft,"{""office"": 1.0}","{""semi-formal"": 1.0}","{""bold"": 1.0}","{""soft"": 1.0}",train,original
semi-formal office outfit with a pop of colour that still looks intentional,office,semi-formal,bold,bright,"{""office"": 1.0}","{""semi-formal"": 1.0}","{""bold"": 1.0}","{""bright"": 1.0}",train,original
semi-formal dark office look with interesting texture or detail,office,semi-formal,bold,dark,"{""office"": 1.0}","{""semi-formal"": 1.0}","{""bold"": 1.0}","{""dark"": 1.0}",train,original
"making a statement in business casual, bold accessories and a strong outfit",office,semi-formal,bold,neutral,"{""office"": 1.0}","{""semi-formal"": 1.0}","{""bold"": 1.0}","{""neutral"": 1.0}",heldout,original
semi-formal office look I can wear to an external meeting and feel confident,office,semi-formal,no_constraint,soft,"{""office"": 1.0}","{""semi-formal"": 1.0}","{""no_constraint"": 1.0}","{""soft"": 1.0}",train,original
"business casual summer look, light enough for the heat professional enough for meetings",office,semi-formal,no_constraint,bright,"{""office"": 1.0}","{""semi-formal"": 1.0}","{""no_constraint"": 1.0}","{""bright"": 1.0}",train,original
"semi-formal winter work outfit, layered and interesting not just a jumper",office,semi-formal,no_constraint,dark,"{""office"": 1.0}","{""semi-formal"": 1.0}","{""no_constraint"": 1.0}","{""dark"": 1.0}",train,original
smart casual office look that works for video calls and in-person days,office,semi-formal,no_constraint,neutral,"{""office"": 1.0}","{""semi-formal"": 1.0}","{""no_constraint"": 1.0}","{""neutral"": 1.0}",heldout,original
casual work from home outfit that still makes me feel like a professional,office,casual,understated,soft,"{""office"": 1.0}","{""casual"": 1.0}","{""understated"": 1.0}","{""soft"": 1.0}",train,original
casual Friday office look that's still polished not just jeans and a tee,office,casual,understated,bright,"{""office"": 1.0}","{""casual"": 1.0}","{""understated"": 1.0}","{""bright"": 1.0}",train,original
casual work outfit in dark tones that's comfortable but still looks intentional,office,casual,understated,dark,"{""office"": 1.0}","{""casual"": 1.0}","{""understated"": 1.0}","{""dark"": 1.0}",train,original
"relaxed work day outfit, neutral and easy but clearly not lazy",office,casual,understated,neutral,"{""office"": 1.0}","{""casual"": 1.0}","{""understated"": 1.0}","{""neutral"": 1.0}",train,original
"bold casual workwear, I want to wear something fun even on a low-key day",office,casual,bold,soft,"{""office"": 1.0}","{""casual"": 1.0}","{""bold"": 1.0}","{""soft"": 1.0}",train,original
"casual office day but make it fashion, bright colours and interesting shapes",office,casual,bold,bright,"{""office"": 1.0}","{""casual"": 1.0}","{""bold"": 1.0}","{""bright"": 1.0}",train,original
"casual dark office look with an edge, not corporate but still appropriate",office,casual,bold,dark,"{""office"": 1.0}","{""casual"": 1.0}","{""bold"": 1.0}","{""dark"": 1.0}",heldout,original
"casual Friday bold look, I'm dressing for myself not the dress code",office,casual,bold,neutral,"{""office"": 1.0}","{""casual"": 1.0}","{""bold"": 1.0}","{""neutral"": 1.0}",heldout,original
"casual work outfit where literally anything goes, startup culture dress code",office,casual,no_constraint,soft,"{""office"": 1.0}","{""casual"": 1.0}","{""no_constraint"": 1.0}","{""soft"": 1.0}",train,original
"no dress code office outfit, how do I look professional without rules",office,casual,no_constraint,bright,"{""office"": 1.0}","{""casual"": 1.0}","{""no_constraint"": 1.0}","{""bright"": 1.0}",train,original
"casual work day, dark colours, comfortable, still looks like I tried",office,casual,no_constraint,dark,"{""office"": 1.0}","{""casual"": 1.0}","{""no_constraint"": 1.0}","{""dark"": 1.0}",train,original
"relaxed office day look with no constraints, comfortable and cute",office,casual,no_constraint,neutral,"{""office"": 1.0}","{""casual"": 1.0}","{""no_constraint"": 1.0}","{""neutral"": 1.0}",heldout,original
"everyday casual look in soft tones, something I'd actually reach for daily",casual,formal,understated,soft,"{""casual"": 1.0}","{""formal"": 1.0}","{""understated"": 1.0}","{""soft"": 1.0}",heldout,original
"formal casual contradiction, elevated everyday clothes in muted tones",casual,formal,understated,bright,"{""casual"": 1.0}","{""formal"": 1.0}","{""understated"": 1.0}","{""bright"": 1.0}",train,original
dark toned formal-ish everyday look for someone who dresses up even on days off,casual,formal,understated,dark,"{""casual"": 1.0}","{""formal"": 1.0}","{""understated"": 1.0}","{""dark"": 1.0}",train,original
neutral toned casual look that feels intentional and put together,casual,formal,understated,neutral,"{""casual"": 1.0}","{""formal"": 1.0}","{""understated"": 1.0}","{""neutral"": 1.0}",train,original
"bold everyday look in soft colours, feminine and confident",casual,formal,bold,soft,"{""casual"": 1.0}","{""formal"": 1.0}","{""bold"": 1.0}","{""soft"": 1.0}",train,original
bright bold casual outfit for a girl who makes every errand a fashion moment,casual,formal,bold,bright,"{""casual"": 1.0}","{""formal"": 1.0}","{""bold"": 1.0}","{""bright"": 1.0}",train,original
"edgy everyday look in dark tones, I dress up even when I'm just going to the shops",casual,formal,bold,dark,"{""casual"": 1.0}","{""formal"": 1.0}","{""bold"": 1.0}","{""dark"": 1.0}",train,original
"bold neutral casual look, statement pieces but in a quiet palette",casual,formal,bold,neutral,"{""casual"": 1.0}","{""formal"": 1.0}","{""bold"": 1.0}","{""neutral"": 1.0}",train,original
"elevated casual look with no rules, just want to look good running errands",casual,formal,no_constraint,soft,"{""casual"": 1.0}","{""formal"": 1.0}","{""no_constraint"": 1.0}","{""soft"": 1.0}",train,original
"bright and free casual look for a day off, no agenda just vibes",casual,formal,no_constraint,bright,"{""casual"": 1.0}","{""formal"": 1.0}","{""no_constraint"": 1.0}","{""bright"": 1.0}",train,original
"dark casual look with an editorial feel, I want to look like a photo even on a normal day",casual,formal,no_constraint,dark,"{""casual"": 1.0}","{""formal"": 1.0}","{""no_constraint"": 1.0}","{""dark"": 1.0}",train,original
"effortless casual look in neutrals, the kind of outfit that photographs well spontaneously",casual,formal,no_constraint,neutral,"{""casual"": 1.0}","{""formal"": 1.0}","{""no_constraint"": 1.0}","{""neutral"": 1.0}",train,original
soft and cosy semi-formal casual look for a lunch with friends at a nice cafe,casual,semi-formal,understated,soft,"{""casual"": 1.0}","{""semi-formal"": 1.0}","{""understated"": 1.0}","{""soft"": 1.0}",heldout,original
bright semi-formal casual look for a daytime event that isn't quite a party,casual,semi-formal,understated,bright,"{""casual"": 1.0}","{""semi-formal"": 1.0}","{""understated"": 1.0}","{""bright"": 1.0}",train,original
"semi-formal dark casual outfit, dressed up but not going anywhere fancy",casual,semi-formal,understated,dark,"{""casual"": 1.0}","{""semi-formal"": 1.0}","{""understated"": 1.0}","{""dark"": 1.0}",train,original
"neutral semi-formal everyday look, looks like an outfit not just clothes",casual,semi-formal,understated,neutral,"{""casual"": 1.0}","{""semi-formal"": 1.0}","{""understated"": 1.0}","{""neutral"": 1.0}",train,original
"bold soft tones for an elevated casual day out, I overdress for everything",casual,semi-formal,bold,soft,"{""casual"": 1.0}","{""semi-formal"": 1.0}","{""bold"": 1.0}","{""soft"": 1.0}",train,original
"bright bold semi-formal casual look, I dress like I'm always going somewhere",casual,semi-formal,bold,bright,"{""casual"": 1.0}","{""semi-formal"": 1.0}","{""bold"": 1.0}","{""bright"": 1.0}",train,original
dark bold semi-formal casual outfit for someone with maximalist tendencies,casual,semi-formal,bold,dark,"{""casual"": 1.0}","{""semi-formal"": 1.0}","{""bold"": 1.0}","{""dark"": 1.0}",train,original
"bold neutral semi-formal casual look, understated drama",casual,semi-formal,bold,neutral,"{""casual"": 1.0}","{""semi-formal"": 1.0}","{""bold"": 1.0}","{""neutral"": 1.0}",train,original
"semi-formal casual look with no dress code, just want to look elevated",casual,semi-formal,no_constraint,soft,"{""casual"": 1.0}","{""semi-formal"": 1.0}","{""no_constraint"": 1.0}","{""soft"": 1.0}",heldout,original
bright and breezy semi-formal casual look for an afternoon out,casual,semi-formal,no_constraint,bright,"{""casual"": 1.0}","{""semi-formal"": 1.0}","{""no_constraint"": 1.0}","{""bright"": 1.0}",train,original
"dark and interesting semi-formal casual look, not going out just living my life",casual,semi-formal,no_constraint,dark,"{""casual"": 1.0}","{""semi-formal"": 1.0}","{""no_constraint"": 1.0}","{""dark"": 1.0}",train,original
effortless semi-formal casual outfit in neutral tones that looks expensive,casual,semi-formal,no_constraint,neutral,"{""casual"": 1.0}","{""semi-formal"": 1.0}","{""no_constraint"": 1.0}","{""neutral"": 1.0}",train,original
soft toned truly casual outfit that's comfortable but not sloppy,casual,casual,understated,soft,"{""casual"": 1.0}","{""casual"": 1.0}","{""understated"": 1.0}","{""soft"": 1.0}",heldout,original
"casual bright look for a fun day with friends, effortless and colourful",casual,casual,understated,bright,"{""casual"": 1.0}","{""casual"": 1.0}","{""understated"": 1.0}","{""bright"": 1.0}",train,original
"dark casual everyday look that's cool without trying, my usual vibe",casual,casual,understated,dark,"{""casual"": 1.0}","{""casual"": 1.0}","{""understated"": 1.0}","{""dark"": 1.0}",train,original
truly casual neutral outfit that still has a point of view,casual,casual,understated,neutral,"{""casual"": 1.0}","{""casual"": 1.0}","{""understated"": 1.0}","{""neutral"": 1.0}",train,original
"bold and soft casual look, feminine and playful for a day off",casual,casual,bold,soft,"{""casual"": 1.0}","{""casual"": 1.0}","{""bold"": 1.0}","{""soft"": 1.0}",train,original
bold bright casual outfit for when I want to be noticed even at the supermarket,casual,casual,bold,bright,"{""casual"": 1.0}","{""casual"": 1.0}","{""bold"": 1.0}","{""bright"": 1.0}",train,original
"dark bold casual look, my everyday style is kind of intense and I love it",casual,casual,bold,dark,"{""casual"": 1.0}","{""casual"": 1.0}","{""bold"": 1.0}","{""dark"": 1.0}",train,original
"bold neutral casual outfit, I wear interesting pieces even casually",casual,casual,bold,neutral,"{""casual"": 1.0}","{""casual"": 1.0}","{""bold"": 1.0}","{""neutral"": 1.0}",train,original
"casual no rules soft look, comfortable and feminine and that's it",casual,casual,no_constraint,soft,"{""casual"": 1.0}","{""casual"": 1.0}","{""no_constraint"": 1.0}","{""soft"": 1.0}",train,original
"casual bright look with no agenda, just happy colours and comfy clothes",casual,casual,no_constraint,bright,"{""casual"": 1.0}","{""casual"": 1.0}","{""no_constraint"": 1.0}","{""bright"": 1.0}",train,original
"dark casual look, no rules, just vibes, I wear what I want",casual,casual,no_constraint,dark,"{""casual"": 1.0}","{""casual"": 1.0}","{""no_constraint"": 1.0}","{""dark"": 1.0}",heldout,original
"relaxed neutral casual look, clean and simple but still considered",casual,casual,no_constraint,neutral,"{""casual"": 1.0}","{""casual"": 1.0}","{""no_constraint"": 1.0}","{""neutral"": 1.0}",train,original
"formal first date look in soft tones, romantic and elegant without overdressing",date,formal,understated,soft,"{""date"": 1.0}","{""formal"": 1.0}","{""understated"": 1.0}","{""soft"": 1.0}",train,original
"formal date look in warm bright tones, I want to glow not disappear",date,formal,understated,bright,"{""date"": 1.0}","{""formal"": 1.0}","{""understated"": 1.0}","{""bright"": 1.0}",train,original
"formal dark date look, moody and mysterious for a fancy dinner",date,formal,understated,dark,"{""date"": 1.0}","{""formal"": 1.0}","{""understated"": 1.0}","{""dark"": 1.0}",heldout,original
"formal neutral date look, classic and timeless, nothing too trendy",date,formal,understated,neutral,"{""date"": 1.0}","{""formal"": 1.0}","{""understated"": 1.0}","{""neutral"": 1.0}",train,original
"bold soft toned formal date look, I want to feel feminine and powerful",date,formal,bold,soft,"{""date"": 1.0}","{""formal"": 1.0}","{""bold"": 1.0}","{""soft"": 1.0}",train,original
"bright bold formal date look, I'm going to a fancy dinner and want to turn heads",date,formal,bold,bright,"{""date"": 1.0}","{""formal"": 1.0}","{""bold"": 1.0}","{""bright"": 1.0}",train,original
"dark bold formal date look, drama and confidence for a high-stakes evening",date,formal,bold,dark,"{""date"": 1.0}","{""formal"": 1.0}","{""bold"": 1.0}","{""dark"": 1.0}",train,original
"bold neutral formal date look, strong tailoring and serious style energy",date,formal,bold,neutral,"{""date"": 1.0}","{""formal"": 1.0}","{""bold"": 1.0}","{""neutral"": 1.0}",train,original
"formal date with no rules, something that feels right not just appropriate",date,formal,no_constraint,soft,"{""date"": 1.0}","{""formal"": 1.0}","{""no_constraint"": 1.0}","{""soft"": 1.0}",train,original
formal date look that's vibrant and joyful not stiff or stuffy,date,formal,no_constraint,bright,"{""date"": 1.0}","{""formal"": 1.0}","{""no_constraint"": 1.0}","{""bright"": 1.0}",train,original
"formal dark date look with an unexpected twist, not just a little black dress",date,formal,no_constraint,dark,"{""date"": 1.0}","{""formal"": 1.0}","{""no_constraint"": 1.0}","{""dark"": 1.0}",train,original
formal date look in neutrals that feels personal and not generic,date,formal,no_constraint,neutral,"{""date"": 1.0}","{""formal"": 1.0}","{""no_constraint"": 1.0}","{""neutral"": 1.0}",train,original
"semi-formal date look in soft colours, pretty and approachable",date,semi-formal,understated,soft,"{""date"": 1.0}","{""semi-formal"": 1.0}","{""understated"": 1.0}","{""soft"": 1.0}",train,original
"bright semi-formal date look, summery and flirty for an outdoor dinner",date,semi-formal,understated,bright,"{""date"": 1.0}","{""semi-formal"": 1.0}","{""understated"": 1.0}","{""bright"": 1.0}",train,original
"semi-formal dark date outfit, going somewhere nice but not black tie",date,semi-formal,understated,dark,"{""date"": 1.0}","{""semi-formal"": 1.0}","{""understated"": 1.0}","{""dark"": 1.0}",train,original
"semi-formal neutral date look, chic and effortless for a nice restaurant",date,semi-formal,understated,neutral,"{""date"": 1.0}","{""semi-formal"": 1.0}","{""understated"": 1.0}","{""neutral"": 1.0}",train,original
"bold soft semi-formal date look, I want to look romantic and intentional",date,semi-formal,bold,soft,"{""date"": 1.0}","{""semi-formal"": 1.0}","{""bold"": 1.0}","{""soft"": 1.0}",heldout,original
"bright bold semi-formal date look, I dress for myself not just for the occasion",date,semi-formal,bold,bright,"{""date"": 1.0}","{""semi-formal"": 1.0}","{""bold"": 1.0}","{""bright"": 1.0}",heldout,original
"dark bold semi-formal date look, a bit dramatic for a Thursday night but worth it",date,semi-formal,bold,dark,"{""date"": 1.0}","{""semi-formal"": 1.0}","{""bold"": 1.0}","{""dark"": 1.0}",train,original
"bold neutral semi-formal date look, statement outfit for a memorable evening",date,semi-formal,bold,neutral,"{""date"": 1.0}","{""semi-formal"": 1.0}","{""bold"": 1.0}","{""neutral"": 1.0}",train,original
"semi-formal date look with no constraints, something I feel amazing in",date,semi-formal,no_constraint,soft,"{""date"": 1.0}","{""semi-formal"": 1.0}","{""no_constraint"": 1.0}","{""soft"": 1.0}",heldout,original
"semi-formal date look that's vibrant and free, second date energy",date,semi-formal,no_constraint,bright,"{""date"": 1.0}","{""semi-formal"": 1.0}","{""no_constraint"": 1.0}","{""bright"": 1.0}",train,original
"semi-formal dark date look, I want intrigue and elegance without full formality",date,semi-formal,no_constraint,dark,"{""date"": 1.0}","{""semi-formal"": 1.0}","{""no_constraint"": 1.0}","{""dark"": 1.0}",train,original
semi-formal neutral date look that still feels like a special occasion,date,semi-formal,no_constraint,neutral,"{""date"": 1.0}","{""semi-formal"": 1.0}","{""no_constraint"": 1.0}","{""neutral"": 1.0}",train,original
"casual soft date look, sweet and feminine for a relaxed afternoon date",date,casual,understated,soft,"{""date"": 1.0}","{""casual"": 1.0}","{""understated"": 1.0}","{""soft"": 1.0}",train,original
"casual bright date look, sunny and happy for a daytime date in the park",date,casual,understated,bright,"{""date"": 1.0}","{""casual"": 1.0}","{""understated"": 1.0}","{""bright"": 1.0}",train,original
"casual dark date look, cool and low-key for a record shop browse then coffee",date,casual,understated,dark,"{""date"": 1.0}","{""casual"": 1.0}","{""understated"": 1.0}","{""dark"": 1.0}",train,original
"casual neutral date look, effortless and genuine, not trying to be someone I'm not",date,casual,understated,neutral,"{""date"": 1.0}","{""casual"": 1.0}","{""understated"": 1.0}","{""neutral"": 1.0}",heldout,original
"bold soft casual date look, pretty and playful for a chill first date",date,casual,bold,soft,"{""date"": 1.0}","{""casual"": 1.0}","{""bold"": 1.0}","{""soft"": 1.0}",heldout,original
"bold bright casual date look, I want to be memorable on a daytime date",date,casual,bold,bright,"{""date"": 1.0}","{""casual"": 1.0}","{""bold"": 1.0}","{""bright"": 1.0}",train,original
"bold dark casual date look, edgy and interesting for a guy who likes that",date,casual,bold,dark,"{""date"": 1.0}","{""casual"": 1.0}","{""bold"": 1.0}","{""dark"": 1.0}",train,original
"bold neutral casual date look, confident and cool without needing colour",date,casual,bold,neutral,"{""date"": 1.0}","{""casual"": 1.0}","{""bold"": 1.0}","{""neutral"": 1.0}",train,original
"casual date look in soft tones with no rules, just want to feel like myself",date,casual,no_constraint,soft,"{""date"": 1.0}","{""casual"": 1.0}","{""no_constraint"": 1.0}","{""soft"": 1.0}",train,original
"casual bright date look, colourful and fun for someone I actually like",date,casual,no_constraint,bright,"{""date"": 1.0}","{""casual"": 1.0}","{""no_constraint"": 1.0}","{""bright"": 1.0}",train,original
"casual dark date look with no agenda, effortlessly cool without trying",date,casual,no_constraint,dark,"{""date"": 1.0}","{""casual"": 1.0}","{""no_constraint"": 1.0}","{""dark"": 1.0}",train,original
"relaxed neutral casual date look, the kind of outfit that looks accidental but isn't",date,casual,no_constraint,neutral,"{""date"": 1.0}","{""casual"": 1.0}","{""no_constraint"": 1.0}","{""neutral"": 1.0}",train,original
"something for a formal house party where everyone dresses up, theatrical and fun",party,formal,understated,soft,"{""party"": 1.0}","{""formal"": 1.0}","{""understated"": 1.0}","{""soft"": 1.0}",heldout,original
"glamorous formal party look, I want to feel like a movie character not just a guest",party,formal,bold,bright,"{""party"": 1.0}","{""formal"": 1.0}","{""bold"": 1.0}","{""bright"": 1.0}",train,original
formal NYE look that's timeless and won't look dated in photos years later,party,formal,no_constraint,dark,"{""party"": 1.0}","{""formal"": 1.0}","{""no_constraint"": 1.0}","{""dark"": 1.0}",train,original
"high fashion formal party look, something editorial and unexpected",party,formal,understated,neutral,"{""party"": 1.0}","{""formal"": 1.0}","{""understated"": 1.0}","{""neutral"": 1.0}",train,original
"formal wedding guest look that's architectural and structured, not just a pretty dress",wedding,formal,bold,soft,"{""wedding"": 1.0}","{""formal"": 1.0}","{""bold"": 1.0}","{""soft"": 1.0}",train,original
"formal wedding in a castle, I want to match the venue energy",wedding,formal,no_constraint,bright,"{""wedding"": 1.0}","{""formal"": 1.0}","{""no_constraint"": 1.0}","{""bright"": 1.0}",heldout,original
black tie wedding look that's feminine and dreamy not just a standard gown,wedding,formal,understated,dark,"{""wedding"": 1.0}","{""formal"": 1.0}","{""understated"": 1.0}","{""dark"": 1.0}",train,original
"formal outdoor evening wedding, need something that looks good in candlelight",wedding,formal,bold,neutral,"{""wedding"": 1.0}","{""formal"": 1.0}","{""bold"": 1.0}","{""neutral"": 1.0}",train,original
elevated casual day off look that feels formal even without an occasion,casual,formal,understated,soft,"{""casual"": 1.0}","{""formal"": 1.0}","{""understated"": 1.0}","{""soft"": 1.0}",train,original
"casual formal contradiction, I dress formally even when I'm doing nothing",casual,formal,bold,bright,"{""casual"": 1.0}","{""formal"": 1.0}","{""bold"": 1.0}","{""bright"": 1.0}",train,original
formal-feeling everyday look for a girl who never underdresses,casual,formal,no_constraint,dark,"{""casual"": 1.0}","{""formal"": 1.0}","{""no_constraint"": 1.0}","{""dark"": 1.0}",train,original
"truly elevated casual look in neutrals, quiet luxury but for a day at home",casual,formal,understated,neutral,"{""casual"": 1.0}","{""formal"": 1.0}","{""understated"": 1.0}","{""neutral"": 1.0}",train,original
"formal first date energy, I want to look like I take this seriously",date,formal,bold,soft,"{""date"": 1.0}","{""formal"": 1.0}","{""bold"": 1.0}","{""soft"": 1.0}",heldout,original
elevated formal date look that feels personal and not like a uniform,date,formal,no_constraint,bright,"{""date"": 1.0}","{""formal"": 1.0}","{""no_constraint"": 1.0}","{""bright"": 1.0}",train,original
formal date look for someone who wants to feel powerful and attractive simultaneously,date,formal,understated,dark,"{""date"": 1.0}","{""formal"": 1.0}","{""understated"": 1.0}","{""dark"": 1.0}",heldout,original
"formal evening date look with a sense of humour, not stiff just elevated",date,formal,bold,neutral,"{""date"": 1.0}","{""formal"": 1.0}","{""bold"": 1.0}","{""neutral"": 1.0}",train,original
party look for a winter ball that's glamorous but won't freeze me to death,party,formal,understated,soft,"{""party"": 1.0}","{""formal"": 1.0}","{""understated"": 1.0}","{""soft"": 1.0}",train,original
upscale holiday party dress that doesn't scream office christmas party,party,formal,understated,bright,"{""party"": 1.0}","{""formal"": 1.0}","{""understated"": 1.0}","{""bright"": 1.0}",train,original
something sleek and formal for a college formal that isn't a prom dress,party,formal,understated,dark,"{""party"": 1.0}","{""formal"": 1.0}","{""understated"": 1.0}","{""dark"": 1.0}",train,original
classic formal party look for a gala that I can rewear to other events,party,formal,understated,neutral,"{""party"": 1.0}","{""formal"": 1.0}","{""understated"": 1.0}","{""neutral"": 1.0}",train,original
feminine power look for a fancy networking party where I want to be remembered,party,formal,bold,soft,"{""party"": 1.0}","{""formal"": 1.0}","{""bold"": 1.0}","{""soft"": 1.0}",train,original
metallic formal party dress that's actually wearable not just shiny,party,formal,bold,bright,"{""party"": 1.0}","{""formal"": 1.0}","{""bold"": 1.0}","{""bright"": 1.0}",train,original
"dark dramatic formal party look, full fantasy no apologies",party,formal,bold,dark,"{""party"": 1.0}","{""formal"": 1.0}","{""bold"": 1.0}","{""dark"": 1.0}",train,original
"strong structured formal party look in neutral tones, zero fuss maximum impact",party,formal,bold,neutral,"{""party"": 1.0}","{""formal"": 1.0}","{""bold"": 1.0}","{""neutral"": 1.0}",train,original
formal party look that feels like art not just getting dressed up,party,formal,no_constraint,soft,"{""party"": 1.0}","{""formal"": 1.0}","{""no_constraint"": 1.0}","{""soft"": 1.0}",train,original
something for a formal launch party that looks like I belong there,party,formal,no_constraint,bright,"{""party"": 1.0}","{""formal"": 1.0}","{""no_constraint"": 1.0}","{""bright"": 1.0}",train,original
"formal dinner party guest look, intimate setting so every detail matters",party,formal,no_constraint,dark,"{""party"": 1.0}","{""formal"": 1.0}","{""no_constraint"": 1.0}","{""dark"": 1.0}",train,original
"formal party at a museum, I want to match the energy of the space",party,formal,no_constraint,neutral,"{""party"": 1.0}","{""formal"": 1.0}","{""no_constraint"": 1.0}","{""neutral"": 1.0}",train,original
"semi-formal graduation party look, celebrating but make it fashion",party,semi-formal,understated,soft,"{""party"": 1.0}","{""semi-formal"": 1.0}","{""understated"": 1.0}","{""soft"": 1.0}",train,original
"something for a semi-formal summer solstice party, mystical but wearable",party,semi-formal,understated,bright,"{""party"": 1.0}","{""semi-formal"": 1.0}","{""understated"": 1.0}","{""bright"": 1.0}",train,original
semi-formal awards night look that's memorable but not distracting,party,semi-formal,understated,dark,"{""party"": 1.0}","{""semi-formal"": 1.0}","{""understated"": 1.0}","{""dark"": 1.0}",train,original
smart casual birthday party look that's elevated without being formal,party,semi-formal,understated,neutral,"{""party"": 1.0}","{""semi-formal"": 1.0}","{""understated"": 1.0}","{""neutral"": 1.0}",train,original
"semi-formal midsummer party look, romantic and a little dramatic",party,semi-formal,bold,soft,"{""party"": 1.0}","{""semi-formal"": 1.0}","{""bold"": 1.0}","{""soft"": 1.0}",train,original
something vibrant for a semi-formal Caribbean themed party,party,semi-formal,bold,bright,"{""party"": 1.0}","{""semi-formal"": 1.0}","{""bold"": 1.0}","{""bright"": 1.0}",train,original
semi-formal Halloween adjacent party where I want to look dark and cool not costumey,party,semi-formal,bold,dark,"{""party"": 1.0}","{""semi-formal"": 1.0}","{""bold"": 1.0}","{""dark"": 1.0}",train,original
bold co-ord for a semi-formal dinner party where I know everyone will be stylish,party,semi-formal,bold,neutral,"{""party"": 1.0}","{""semi-formal"": 1.0}","{""bold"": 1.0}","{""neutral"": 1.0}",train,original
"semi-formal book club party look, intellectual but still cute",party,semi-formal,no_constraint,soft,"{""party"": 1.0}","{""semi-formal"": 1.0}","{""no_constraint"": 1.0}","{""soft"": 1.0}",train,original
what to wear to a semi-formal outdoor summer party at someone's villa,party,semi-formal,no_constraint,bright,"{""party"": 1.0}","{""semi-formal"": 1.0}","{""no_constraint"": 1.0}","{""bright"": 1.0}",train,original
"semi-formal leaving party look, I want people to remember how good I looked",party,semi-formal,no_constraint,dark,"{""party"": 1.0}","{""semi-formal"": 1.0}","{""no_constraint"": 1.0}","{""dark"": 1.0}",train,original
something for a semi-formal surprise party where I'm a guest not the host,party,semi-formal,no_constraint,neutral,"{""party"": 1.0}","{""semi-formal"": 1.0}","{""no_constraint"": 1.0}","{""neutral"": 1.0}",train,original
"casual birthday garden party look, pretty but prepared for the grass",party,casual,understated,soft,"{""party"": 1.0}","{""casual"": 1.0}","{""understated"": 1.0}","{""soft"": 1.0}",train,original
something for an outdoor daytime party that won't look crumpled by noon,party,casual,understated,bright,"{""party"": 1.0}","{""casual"": 1.0}","{""understated"": 1.0}","{""bright"": 1.0}",heldout,original
"casual going out to a concert look, comfortable enough to stand for hours",party,casual,understated,dark,"{""party"": 1.0}","{""casual"": 1.0}","{""understated"": 1.0}","{""dark"": 1.0}",train,original
easy casual party look for a very low effort Sunday afternoon gathering,party,casual,understated,neutral,"{""party"": 1.0}","{""casual"": 1.0}","{""understated"": 1.0}","{""neutral"": 1.0}",train,original
colourful bold casual party look for a friend's tropical themed birthday,party,casual,bold,soft,"{""party"": 1.0}","{""casual"": 1.0}","{""bold"": 1.0}","{""soft"": 1.0}",train,original
something fun and bright for a casual beach party in summer,party,casual,bold,bright,"{""party"": 1.0}","{""casual"": 1.0}","{""bold"": 1.0}","{""bright"": 1.0}",train,original
"punk casual party look, my friends have chaotic taste and so do I",party,casual,bold,dark,"{""party"": 1.0}","{""casual"": 1.0}","{""bold"": 1.0}","{""dark"": 1.0}",train,original
casual statement look for a party where I don't know many people so I want armour,party,casual,bold,neutral,"{""party"": 1.0}","{""casual"": 1.0}","{""bold"": 1.0}","{""neutral"": 1.0}",train,original
"something for a casual pottery studio party, creative and cute",party,casual,no_constraint,soft,"{""party"": 1.0}","{""casual"": 1.0}","{""no_constraint"": 1.0}","{""soft"": 1.0}",train,original
daytime casual party look that still counts as an outfit when I post it,party,casual,no_constraint,bright,"{""party"": 1.0}","{""casual"": 1.0}","{""no_constraint"": 1.0}","{""bright"": 1.0}",train,original
"going to a friend's flat party, no dress code, I just want to look effortlessly good",party,casual,no_constraint,dark,"{""party"": 1.0}","{""casual"": 1.0}","{""no_constraint"": 1.0}","{""dark"": 1.0}",heldout,original
casual birthday brunch outfit that's festive without looking like I'm trying,party,casual,no_constraint,neutral,"{""party"": 1.0}","{""casual"": 1.0}","{""no_constraint"": 1.0}","{""neutral"": 1.0}",heldout,original
"formal wedding in a cathedral, need something reverent but still stylish",wedding,formal,understated,soft,"{""wedding"": 1.0}","{""formal"": 1.0}","{""understated"": 1.0}","{""soft"": 1.0}",train,original
pastel formal gown for a spring wedding that feels expensive and light,wedding,formal,understated,bright,"{""wedding"": 1.0}","{""formal"": 1.0}","{""understated"": 1.0}","{""bright"": 1.0}",train,original
deep formal look for a December wedding where the venue is all candlelight,wedding,formal,understated,dark,"{""wedding"": 1.0}","{""formal"": 1.0}","{""understated"": 1.0}","{""dark"": 1.0}",train,original
"formal wedding guest look in greige or stone, quiet and elegant",wedding,formal,understated,neutral,"{""wedding"": 1.0}","{""formal"": 1.0}","{""understated"": 1.0}","{""neutral"": 1.0}",train,original
"ruffled formal wedding guest dress in blush, I want to look like a painting",wedding,formal,bold,soft,"{""wedding"": 1.0}","{""formal"": 1.0}","{""bold"": 1.0}","{""soft"": 1.0}",train,original
"coral or tangerine formal wedding look, bold but still appropriate",wedding,formal,bold,bright,"{""wedding"": 1.0}","{""formal"": 1.0}","{""bold"": 1.0}","{""bright"": 1.0}",train,original
"velvet formal wedding guest look, dark and rich for a winter evening",wedding,formal,bold,dark,"{""wedding"": 1.0}","{""formal"": 1.0}","{""bold"": 1.0}","{""dark"": 1.0}",train,original
"wide-leg formal trouser look for a wedding, tailored and striking in neutrals",wedding,formal,bold,neutral,"{""wedding"": 1.0}","{""formal"": 1.0}","{""bold"": 1.0}","{""neutral"": 1.0}",train,original
formal wedding look for when I genuinely don't know the couple that well,wedding,formal,no_constraint,soft,"{""wedding"": 1.0}","{""formal"": 1.0}","{""no_constraint"": 1.0}","{""soft"": 1.0}",train,original
"formal tropical wedding look, bright and celebratory but not beach casual",wedding,formal,no_constraint,bright,"{""wedding"": 1.0}","{""formal"": 1.0}","{""no_constraint"": 1.0}","{""bright"": 1.0}",train,original
formal autumn wedding where I want to wear something unexpected not just a gown,wedding,formal,no_constraint,dark,"{""wedding"": 1.0}","{""formal"": 1.0}","{""no_constraint"": 1.0}","{""dark"": 1.0}",train,original
"something for a very formal Jewish wedding, covered shoulders but elegant",wedding,formal,no_constraint,neutral,"{""wedding"": 1.0}","{""formal"": 1.0}","{""no_constraint"": 1.0}","{""neutral"": 1.0}",train,original
"semi-formal lakeside wedding, serene and feminine, the water is in the background",wedding,semi-formal,understated,soft,"{""wedding"": 1.0}","{""semi-formal"": 1.0}","{""understated"": 1.0}","{""soft"": 1.0}",train,original
"semi-formal barn wedding in summer, pretty but won't fight with the setting",wedding,semi-formal,understated,bright,"{""wedding"": 1.0}","{""semi-formal"": 1.0}","{""understated"": 1.0}","{""bright"": 1.0}",train,original
"semi-formal moody autumn wedding in the woods, atmospheric and beautiful",wedding,semi-formal,understated,dark,"{""wedding"": 1.0}","{""semi-formal"": 1.0}","{""understated"": 1.0}","{""dark"": 1.0}",train,original
"semi-formal city hall wedding followed by dinner, sleek and romantic",wedding,semi-formal,understated,neutral,"{""wedding"": 1.0}","{""semi-formal"": 1.0}","{""understated"": 1.0}","{""neutral"": 1.0}",train,original
"semi-formal Greek island wedding, the light there is golden and I want to match it",wedding,semi-formal,bold,soft,"{""wedding"": 1.0}","{""semi-formal"": 1.0}","{""bold"": 1.0}","{""soft"": 1.0}",train,original
bright statement dress for a semi-formal outdoor festival wedding,wedding,semi-formal,bold,bright,"{""wedding"": 1.0}","{""semi-formal"": 1.0}","{""bold"": 1.0}","{""bright"": 1.0}",train,original
"semi-formal gothic manor wedding, I want to lean into the architecture",wedding,semi-formal,bold,dark,"{""wedding"": 1.0}","{""semi-formal"": 1.0}","{""bold"": 1.0}","{""dark"": 1.0}",heldout,original
something with print or texture for a semi-formal wedding that has personality,wedding,semi-formal,bold,neutral,"{""wedding"": 1.0}","{""semi-formal"": 1.0}","{""bold"": 1.0}","{""neutral"": 1.0}",train,original
"semi-formal garden wedding in spring, something that moves well in photos",wedding,semi-formal,no_constraint,soft,"{""wedding"": 1.0}","{""semi-formal"": 1.0}","{""no_constraint"": 1.0}","{""soft"": 1.0}",train,original
"semi-formal wedding on a boat, breezy and elegant, can't do spiky heels",wedding,semi-formal,no_constraint,bright,"{""wedding"": 1.0}","{""semi-formal"": 1.0}","{""no_constraint"": 1.0}","{""bright"": 1.0}",train,original
"semi-formal winter wedding, I don't want to be cold but I still want to look good",wedding,semi-formal,no_constraint,dark,"{""wedding"": 1.0}","{""semi-formal"": 1.0}","{""no_constraint"": 1.0}","{""dark"": 1.0}",heldout,original
semi-formal wedding where the couple has great style and I want to honour that,wedding,semi-formal,no_constraint,neutral,"{""wedding"": 1.0}","{""semi-formal"": 1.0}","{""no_constraint"": 1.0}","{""neutral"": 1.0}",train,original
"casual intimate wedding at a restaurant, 20 people max, soft and relaxed",wedding,casual,understated,soft,"{""wedding"": 1.0}","{""casual"": 1.0}","{""understated"": 1.0}","{""soft"": 1.0}",train,original
"casual daytime wedding in a park, sundress energy but considered",wedding,casual,understated,bright,"{""wedding"": 1.0}","{""casual"": 1.0}","{""understated"": 1.0}","{""bright"": 1.0}",train,original
"casual city wedding in a cool venue, artsy crowd, not a traditional crowd",wedding,casual,understated,dark,"{""wedding"": 1.0}","{""casual"": 1.0}","{""understated"": 1.0}","{""dark"": 1.0}",train,original
"simple casual wedding at a registry office followed by a pub, comfy but nice",wedding,casual,understated,neutral,"{""wedding"": 1.0}","{""casual"": 1.0}","{""understated"": 1.0}","{""neutral"": 1.0}",train,original
casual outdoor wedding where I want to be colourful and joyful,wedding,casual,bold,soft,"{""wedding"": 1.0}","{""casual"": 1.0}","{""bold"": 1.0}","{""soft"": 1.0}",train,original
"tropical prints for a casual beach side wedding, fun and appropriate",wedding,casual,bold,bright,"{""wedding"": 1.0}","{""casual"": 1.0}","{""bold"": 1.0}","{""bright"": 1.0}",heldout,original
"casual wedding with alternative dress code, I want to do something unexpected",wedding,casual,bold,dark,"{""wedding"": 1.0}","{""casual"": 1.0}","{""bold"": 1.0}","{""dark"": 1.0}",train,original
"casual but statement making wedding look, the couple is very cool and I respect that",wedding,casual,bold,neutral,"{""wedding"": 1.0}","{""casual"": 1.0}","{""bold"": 1.0}","{""neutral"": 1.0}",heldout,original
relaxed casual wedding where I still want to feel special even without a dress code,wedding,casual,no_constraint,soft,"{""wedding"": 1.0}","{""casual"": 1.0}","{""no_constraint"": 1.0}","{""soft"": 1.0}",heldout,original
"casual afternoon outdoor wedding in summer, loose and lovely",wedding,casual,no_constraint,bright,"{""wedding"": 1.0}","{""casual"": 1.0}","{""no_constraint"": 1.0}","{""bright"": 1.0}",train,original
"casual warehouse wedding, the venue is industrial and I want to match the vibe",wedding,casual,no_constraint,dark,"{""wedding"": 1.0}","{""casual"": 1.0}","{""no_constraint"": 1.0}","{""dark"": 1.0}",train,original
casual weekend wedding where I'm close enough to the couple to dress down a bit,wedding,casual,no_constraint,neutral,"{""wedding"": 1.0}","{""casual"": 1.0}","{""no_constraint"": 1.0}","{""neutral"": 1.0}",train,original
office look for a day when I have back to back client calls and need to feel sharp,office,formal,understated,soft,"{""office"": 1.0}","{""formal"": 1.0}","{""understated"": 1.0}","{""soft"": 1.0}",train,original
something formal for a day when I'm presenting to the exec team and need authority,office,formal,understated,bright,"{""office"": 1.0}","{""formal"": 1.0}","{""understated"": 1.0}","{""bright"": 1.0}",train,original
formal work look that photographs well for my new LinkedIn headshot,office,formal,understated,dark,"{""office"": 1.0}","{""formal"": 1.0}","{""understated"": 1.0}","{""dark"": 1.0}",train,original
"clean and formal office day look, simple but clearly intentional",office,formal,understated,neutral,"{""office"": 1.0}","{""formal"": 1.0}","{""understated"": 1.0}","{""neutral"": 1.0}",train,original
formal work look that says I'm going places without saying it out loud,office,formal,bold,soft,"{""office"": 1.0}","{""formal"": 1.0}","{""bold"": 1.0}","{""soft"": 1.0}",train,original
something bright and formal for a day when I need to feel energetic at work,office,formal,bold,bright,"{""office"": 1.0}","{""formal"": 1.0}","{""bold"": 1.0}","{""bright"": 1.0}",train,original
"formal dark office look with presence, I want to walk into the room and be noticed",office,formal,bold,dark,"{""office"": 1.0}","{""formal"": 1.0}","{""bold"": 1.0}","{""dark"": 1.0}",heldout,original
"bold neutral power look for a formal office day, structured and serious",office,formal,bold,neutral,"{""office"": 1.0}","{""formal"": 1.0}","{""bold"": 1.0}","{""neutral"": 1.0}",train,original
formal work outfit for a day where I genuinely have no idea what to wear,office,formal,no_constraint,soft,"{""office"": 1.0}","{""formal"": 1.0}","{""no_constraint"": 1.0}","{""soft"": 1.0}",train,original
"something formal for a work trip to another city, polished and travel ready",office,formal,no_constraint,bright,"{""office"": 1.0}","{""formal"": 1.0}","{""no_constraint"": 1.0}","{""bright"": 1.0}",heldout,original
formal office look that works from morning standup to an evening client dinner,office,formal,no_constraint,dark,"{""office"": 1.0}","{""formal"": 1.0}","{""no_constraint"": 1.0}","{""dark"": 1.0}",train,original
formal workwear that feels like me even in a very corporate environment,office,formal,no_constraint,neutral,"{""office"": 1.0}","{""formal"": 1.0}","{""no_constraint"": 1.0}","{""neutral"": 1.0}",train,original
semi-formal workday where I have a creative review and want to look the part,office,semi-formal,understated,soft,"{""office"": 1.0}","{""semi-formal"": 1.0}","{""understated"": 1.0}","{""soft"": 1.0}",train,original
smart casual office look for a day when I have a team lunch somewhere nice,office,semi-formal,understated,bright,"{""office"": 1.0}","{""semi-formal"": 1.0}","{""understated"": 1.0}","{""bright"": 1.0}",train,original
semi-formal work look for my first week at a new job when I'm still reading the room,office,semi-formal,understated,dark,"{""office"": 1.0}","{""semi-formal"": 1.0}","{""understated"": 1.0}","{""dark"": 1.0}",heldout,original
"business casual look for a hybrid day, zoom in the morning real life in the afternoon",office,semi-formal,understated,neutral,"{""office"": 1.0}","{""semi-formal"": 1.0}","{""understated"": 1.0}","{""neutral"": 1.0}",train,original
"semi-formal work outfit with personality, I refuse to look like everyone else",office,semi-formal,bold,soft,"{""office"": 1.0}","{""semi-formal"": 1.0}","{""bold"": 1.0}","{""soft"": 1.0}",train,original
something semi-formal but expressive for a creative agency office environment,office,semi-formal,bold,bright,"{""office"": 1.0}","{""semi-formal"": 1.0}","{""bold"": 1.0}","{""bright"": 1.0}",train,original
"semi-formal dark work look with texture and intention, not just a blazer",office,semi-formal,bold,dark,"{""office"": 1.0}","{""semi-formal"": 1.0}","{""bold"": 1.0}","{""dark"": 1.0}",train,original
bold smart casual office look that breaks the mould without breaking the dress code,office,semi-formal,bold,neutral,"{""office"": 1.0}","{""semi-formal"": 1.0}","{""bold"": 1.0}","{""neutral"": 1.0}",train,original
semi-formal work look for an office with absolutely no dress code and too many options,office,semi-formal,no_constraint,soft,"{""office"": 1.0}","{""semi-formal"": 1.0}","{""no_constraint"": 1.0}","{""soft"": 1.0}",train,original
smart casual office look when I'm going to a work event after and need it to transition,office,semi-formal,no_constraint,bright,"{""office"": 1.0}","{""semi-formal"": 1.0}","{""no_constraint"": 1.0}","{""bright"": 1.0}",train,original
semi-formal office day look that feels polished on camera and comfortable in person,office,semi-formal,no_constraint,dark,"{""office"": 1.0}","{""semi-formal"": 1.0}","{""no_constraint"": 1.0}","{""dark"": 1.0}",train,original
smart casual work look that doesn't make me feel like I'm wearing a uniform,office,semi-formal,no_constraint,neutral,"{""office"": 1.0}","{""semi-formal"": 1.0}","{""no_constraint"": 1.0}","{""neutral"": 1.0}",train,original
"wfh outfit for a day of deep focus, no calls, just want to feel productive and calm",office,casual,understated,soft,"{""office"": 1.0}","{""casual"": 1.0}","{""understated"": 1.0}","{""soft"": 1.0}",heldout,original
casual work day look that still makes me feel like I have my life together,office,casual,understated,bright,"{""office"": 1.0}","{""casual"": 1.0}","{""understated"": 1.0}","{""bright"": 1.0}",train,original
"work from home dark tones look, comfortable but still has a vibe",office,casual,understated,dark,"{""office"": 1.0}","{""casual"": 1.0}","{""understated"": 1.0}","{""dark"": 1.0}",train,original
"casual office look for a slow Friday, relaxed but not invisible",office,casual,understated,neutral,"{""office"": 1.0}","{""casual"": 1.0}","{""understated"": 1.0}","{""neutral"": 1.0}",train,original
"bold casual work from home look, I dress up even when no one can see me",office,casual,bold,soft,"{""office"": 1.0}","{""casual"": 1.0}","{""bold"": 1.0}","{""soft"": 1.0}",heldout,original
"casual work day with a bold colour moment, I need something fun to get through the week",office,casual,bold,bright,"{""office"": 1.0}","{""casual"": 1.0}","{""bold"": 1.0}","{""bright"": 1.0}",heldout,original
"casual dark office look with edge, I work in tech but I still care about what I wear",office,casual,bold,dark,"{""office"": 1.0}","{""casual"": 1.0}","{""bold"": 1.0}","{""dark"": 1.0}",train,original
"casual work look with a statement piece, neutral base interesting addition",office,casual,bold,neutral,"{""office"": 1.0}","{""casual"": 1.0}","{""bold"": 1.0}","{""neutral"": 1.0}",heldout,original
"casual office day with no rules, I just want to feel comfortable and confident",office,casual,no_constraint,soft,"{""office"": 1.0}","{""casual"": 1.0}","{""no_constraint"": 1.0}","{""soft"": 1.0}",train,original
casual Friday look that says I'm fun but still professional when it counts,office,casual,no_constraint,bright,"{""office"": 1.0}","{""casual"": 1.0}","{""no_constraint"": 1.0}","{""bright"": 1.0}",train,original
casual work from home look where I genuinely might not see anyone but still want to try,office,casual,no_constraint,dark,"{""office"": 1.0}","{""casual"": 1.0}","{""no_constraint"": 1.0}","{""dark"": 1.0}",train,original
"relaxed casual workday look, comfortable and considered, not pyjamas but close",office,casual,no_constraint,neutral,"{""office"": 1.0}","{""casual"": 1.0}","{""no_constraint"": 1.0}","{""neutral"": 1.0}",train,original
everyday soft look for a slow weekend morning that still feels intentional,casual,formal,understated,soft,"{""casual"": 1.0}","{""formal"": 1.0}","{""understated"": 1.0}","{""soft"": 1.0}",train,original
bright elevated casual look for a spontaneous day when anything could happen,casual,formal,understated,bright,"{""casual"": 1.0}","{""formal"": 1.0}","{""understated"": 1.0}","{""bright"": 1.0}",train,original
"dark elevated everyday look, I dress like I have places to be even when I don't",casual,formal,understated,dark,"{""casual"": 1.0}","{""formal"": 1.0}","{""understated"": 1.0}","{""dark"": 1.0}",train,original
neutral elegant casual look for a girl who treats daily dressing as a ritual,casual,formal,understated,neutral,"{""casual"": 1.0}","{""formal"": 1.0}","{""understated"": 1.0}","{""neutral"": 1.0}",heldout,original
"soft bold casual look, playful and feminine for a girl who loves fashion",casual,formal,bold,soft,"{""casual"": 1.0}","{""formal"": 1.0}","{""bold"": 1.0}","{""soft"": 1.0}",train,original
bright bold casual look for someone who believes every day deserves a real outfit,casual,formal,bold,bright,"{""casual"": 1.0}","{""formal"": 1.0}","{""bold"": 1.0}","{""bright"": 1.0}",train,original
"dark bold everyday look with a fashion edge, my casual is other people's going out",casual,formal,bold,dark,"{""casual"": 1.0}","{""formal"": 1.0}","{""bold"": 1.0}","{""dark"": 1.0}",train,original
bold neutral casual look for someone who takes personal style very seriously,casual,formal,bold,neutral,"{""casual"": 1.0}","{""formal"": 1.0}","{""bold"": 1.0}","{""neutral"": 1.0}",train,original
"soft elevated casual look with no agenda, just dressing for joy",casual,formal,no_constraint,soft,"{""casual"": 1.0}","{""formal"": 1.0}","{""no_constraint"": 1.0}","{""soft"": 1.0}",heldout,original
bright open casual look for a day with no plans and good weather,casual,formal,no_constraint,bright,"{""casual"": 1.0}","{""formal"": 1.0}","{""no_constraint"": 1.0}","{""bright"": 1.0}",train,original
"dark elevated casual look, editorial feeling even while doing nothing",casual,formal,no_constraint,dark,"{""casual"": 1.0}","{""formal"": 1.0}","{""no_constraint"": 1.0}","{""dark"": 1.0}",train,original
"neutral elevated casual look, curated and considered for a regular Tuesday",casual,formal,no_constraint,neutral,"{""casual"": 1.0}","{""formal"": 1.0}","{""no_constraint"": 1.0}","{""neutral"": 1.0}",train,original
soft semi-formal casual look for a Sunday lunch at a nice local restaurant,casual,semi-formal,understated,soft,"{""casual"": 1.0}","{""semi-formal"": 1.0}","{""understated"": 1.0}","{""soft"": 1.0}",train,original
bright semi-formal look for a daytime garden event that isn't quite a party,casual,semi-formal,understated,bright,"{""casual"": 1.0}","{""semi-formal"": 1.0}","{""understated"": 1.0}","{""bright"": 1.0}",train,original
dark semi-formal casual look for a sophisticated afternoon out,casual,semi-formal,understated,dark,"{""casual"": 1.0}","{""semi-formal"": 1.0}","{""understated"": 1.0}","{""dark"": 1.0}",heldout,original
neutral semi-formal casual look that works for both errands and an unexpected coffee date,casual,semi-formal,understated,neutral,"{""casual"": 1.0}","{""semi-formal"": 1.0}","{""understated"": 1.0}","{""neutral"": 1.0}",train,original
bold soft semi-formal everyday look for a girl who dresses like she has somewhere to be,casual,semi-formal,bold,soft,"{""casual"": 1.0}","{""semi-formal"": 1.0}","{""bold"": 1.0}","{""soft"": 1.0}",train,original
bright bold semi-formal casual look for someone with unshakeable personal style,casual,semi-formal,bold,bright,"{""casual"": 1.0}","{""semi-formal"": 1.0}","{""bold"": 1.0}","{""bright"": 1.0}",train,original
"dark bold semi-formal casual outfit, interesting and layered even on a nothing day",casual,semi-formal,bold,dark,"{""casual"": 1.0}","{""semi-formal"": 1.0}","{""bold"": 1.0}","{""dark"": 1.0}",train,original
"bold neutral semi-formal everyday look, statement without drama",casual,semi-formal,bold,neutral,"{""casual"": 1.0}","{""semi-formal"": 1.0}","{""bold"": 1.0}","{""neutral"": 1.0}",train,original
semi-formal casual soft look that has no rules but still feels deliberate,casual,semi-formal,no_constraint,soft,"{""casual"": 1.0}","{""semi-formal"": 1.0}","{""no_constraint"": 1.0}","{""soft"": 1.0}",train,original
semi-formal casual bright look for a spontaneous summer afternoon adventure,casual,semi-formal,no_constraint,bright,"{""casual"": 1.0}","{""semi-formal"": 1.0}","{""no_constraint"": 1.0}","{""bright"": 1.0}",train,original
"dark semi-formal casual look with no constraints, I dress how I feel",casual,semi-formal,no_constraint,dark,"{""casual"": 1.0}","{""semi-formal"": 1.0}","{""no_constraint"": 1.0}","{""dark"": 1.0}",train,original
"neutral semi-formal casual look, refined and easy and completely mine",casual,semi-formal,no_constraint,neutral,"{""casual"": 1.0}","{""semi-formal"": 1.0}","{""no_constraint"": 1.0}","{""neutral"": 1.0}",train,original
soft everyday casual look for a girl who's not trying to impress anyone,casual,casual,understated,soft,"{""casual"": 1.0}","{""casual"": 1.0}","{""understated"": 1.0}","{""soft"": 1.0}",train,original
bright everyday casual look for a girl who wears colour like it costs her nothing,casual,casual,understated,bright,"{""casual"": 1.0}","{""casual"": 1.0}","{""understated"": 1.0}","{""bright"": 1.0}",train,original
"dark everyday casual look, always in black, it's a lifestyle not a phase",casual,casual,understated,dark,"{""casual"": 1.0}","{""casual"": 1.0}","{""understated"": 1.0}","{""dark"": 1.0}",train,original
"neutral everyday casual look that's effortless and clean, no fuss",casual,casual,understated,neutral,"{""casual"": 1.0}","{""casual"": 1.0}","{""understated"": 1.0}","{""neutral"": 1.0}",heldout,original
"bold soft casual look, I like feminine colours and I'm not shy about it",casual,casual,bold,soft,"{""casual"": 1.0}","{""casual"": 1.0}","{""bold"": 1.0}","{""soft"": 1.0}",train,original
bright bold everyday casual look for someone who brings the energy,casual,casual,bold,bright,"{""casual"": 1.0}","{""casual"": 1.0}","{""bold"": 1.0}","{""bright"": 1.0}",train,original
dark bold everyday casual look for the girl who never tones it down,casual,casual,bold,dark,"{""casual"": 1.0}","{""casual"": 1.0}","{""bold"": 1.0}","{""dark"": 1.0}",train,original
"bold neutral casual look, interesting shapes and textures in a quiet palette",casual,casual,bold,neutral,"{""casual"": 1.0}","{""casual"": 1.0}","{""bold"": 1.0}","{""neutral"": 1.0}",heldout,original
casual no rules soft look for a girl who dresses for herself exclusively,casual,casual,no_constraint,soft,"{""casual"": 1.0}","{""casual"": 1.0}","{""no_constraint"": 1.0}","{""soft"": 1.0}",train,original
"bright casual look with zero agenda, I just want to feel alive in my clothes",casual,casual,no_constraint,bright,"{""casual"": 1.0}","{""casual"": 1.0}","{""no_constraint"": 1.0}","{""bright"": 1.0}",train,original
"dark casual no rules look, I wear what I want and it's always giving",casual,casual,no_constraint,dark,"{""casual"": 1.0}","{""casual"": 1.0}","{""no_constraint"": 1.0}","{""dark"": 1.0}",train,original
"neutral casual look with complete freedom, clean simple effortless",casual,casual,no_constraint,neutral,"{""casual"": 1.0}","{""casual"": 1.0}","{""no_constraint"": 1.0}","{""neutral"": 1.0}",train,original
"formal first date to an opera, yes actually the opera, help",date,formal,understated,soft,"{""date"": 1.0}","{""formal"": 1.0}","{""understated"": 1.0}","{""soft"": 1.0}",train,original
"formal dinner date at a Michelin star restaurant, I want to look like I belong",date,formal,understated,bright,"{""date"": 1.0}","{""formal"": 1.0}","{""understated"": 1.0}","{""bright"": 1.0}",train,original
"formal date at a private members club, the dress code is strict and I panicked",date,formal,understated,dark,"{""date"": 1.0}","{""formal"": 1.0}","{""understated"": 1.0}","{""dark"": 1.0}",train,original
"formal date to a gala with someone I really like, pressure is immense",date,formal,understated,neutral,"{""date"": 1.0}","{""formal"": 1.0}","{""understated"": 1.0}","{""neutral"": 1.0}",train,original
"bold romantic formal date look, I'm going all in and I want to look like I mean it",date,formal,bold,soft,"{""date"": 1.0}","{""formal"": 1.0}","{""bold"": 1.0}","{""soft"": 1.0}",train,original
"bright bold formal date look, I'm meeting someone exciting and I want to match",date,formal,bold,bright,"{""date"": 1.0}","{""formal"": 1.0}","{""bold"": 1.0}","{""bright"": 1.0}",train,original
dramatic dark formal date look for someone who has extremely high standards,date,formal,bold,dark,"{""date"": 1.0}","{""formal"": 1.0}","{""bold"": 1.0}","{""dark"": 1.0}",train,original
"bold neutral formal date, the venue is very fancy and I want to look equal to it",date,formal,bold,neutral,"{""date"": 1.0}","{""formal"": 1.0}","{""bold"": 1.0}","{""neutral"": 1.0}",train,original
formal date look that's personal and interesting not just conventionally pretty,date,formal,no_constraint,soft,"{""date"": 1.0}","{""formal"": 1.0}","{""no_constraint"": 1.0}","{""soft"": 1.0}",train,original
"formal date look that's bright and joyful, I want to feel radiant",date,formal,no_constraint,bright,"{""date"": 1.0}","{""formal"": 1.0}","{""no_constraint"": 1.0}","{""bright"": 1.0}",train,original
formal dark date look that's unconventional but still clearly dressed for the occasion,date,formal,no_constraint,dark,"{""date"": 1.0}","{""formal"": 1.0}","{""no_constraint"": 1.0}","{""dark"": 1.0}",train,original
formal date look in neutrals that feels like a signature not a safe choice,date,formal,no_constraint,neutral,"{""date"": 1.0}","{""formal"": 1.0}","{""no_constraint"": 1.0}","{""neutral"": 1.0}",train,original
"semi-formal date at a rooftop restaurant, I want to look city chic",date,semi-formal,understated,soft,"{""date"": 1.0}","{""semi-formal"": 1.0}","{""understated"": 1.0}","{""soft"": 1.0}",train,original
"semi-formal spring date at a nice outdoor terrace, light and pretty",date,semi-formal,understated,bright,"{""date"": 1.0}","{""semi-formal"": 1.0}","{""understated"": 1.0}","{""bright"": 1.0}",train,original
"semi-formal evening date, nice bar then dinner, dark and elegant",date,semi-formal,understated,dark,"{""date"": 1.0}","{""semi-formal"": 1.0}","{""understated"": 1.0}","{""dark"": 1.0}",heldout,original
semi-formal date where I want to look put together without looking like I planned it,date,semi-formal,understated,neutral,"{""date"": 1.0}","{""semi-formal"": 1.0}","{""understated"": 1.0}","{""neutral"": 1.0}",train,original
semi-formal date look that's confident and bold and a little romantic,date,semi-formal,bold,soft,"{""date"": 1.0}","{""semi-formal"": 1.0}","{""bold"": 1.0}","{""soft"": 1.0}",train,original
bright bold semi-formal date look for a summer evening with serious potential,date,semi-formal,bold,bright,"{""date"": 1.0}","{""semi-formal"": 1.0}","{""bold"": 1.0}","{""bright"": 1.0}",heldout,original
"dark bold semi-formal date, I want to look like a protagonist not a background character",date,semi-formal,bold,dark,"{""date"": 1.0}","{""semi-formal"": 1.0}","{""bold"": 1.0}","{""dark"": 1.0}",train,original
"bold neutral semi-formal date, I'm dressing for confidence not for the occasion",date,semi-formal,bold,neutral,"{""date"": 1.0}","{""semi-formal"": 1.0}","{""bold"": 1.0}","{""neutral"": 1.0}",train,original
semi-formal date look that feels completely natural and entirely me,date,semi-formal,no_constraint,soft,"{""date"": 1.0}","{""semi-formal"": 1.0}","{""no_constraint"": 1.0}","{""soft"": 1.0}",train,original
semi-formal date look that's fresh and vibrant for a warm evening out,date,semi-formal,no_constraint,bright,"{""date"": 1.0}","{""semi-formal"": 1.0}","{""no_constraint"": 1.0}","{""bright"": 1.0}",train,original
"dark semi-formal date look with quiet intensity, I want to be interesting",date,semi-formal,no_constraint,dark,"{""date"": 1.0}","{""semi-formal"": 1.0}","{""no_constraint"": 1.0}","{""dark"": 1.0}",train,original
semi-formal date in neutrals that feels elevated and considered,date,semi-formal,no_constraint,neutral,"{""date"": 1.0}","{""semi-formal"": 1.0}","{""no_constraint"": 1.0}","{""neutral"": 1.0}",train,original
"casual date at a dog café, cute but relaxed, can't wear anything that'll get hairy",date,casual,understated,soft,"{""date"": 1.0}","{""casual"": 1.0}","{""understated"": 1.0}","{""soft"": 1.0}",train,original
"casual daytime date to a flower market, soft and pretty and practical",date,casual,understated,bright,"{""date"": 1.0}","{""casual"": 1.0}","{""understated"": 1.0}","{""bright"": 1.0}",train,original
casual dark date look for going to see a film and getting food after,date,casual,understated,dark,"{""date"": 1.0}","{""casual"": 1.0}","{""understated"": 1.0}","{""dark"": 1.0}",train,original
casual neutral date look for someone I've known a while but finally going on a proper date with,date,casual,understated,neutral,"{""date"": 1.0}","{""casual"": 1.0}","{""understated"": 1.0}","{""neutral"": 1.0}",train,original
"bold casual date look in soft colours, I want to be remembered but also comfortable",date,casual,bold,soft,"{""date"": 1.0}","{""casual"": 1.0}","{""bold"": 1.0}","{""soft"": 1.0}",train,original
"bold bright casual date look, it's summer and I want to be unforgettable",date,casual,bold,bright,"{""date"": 1.0}","{""casual"": 1.0}","{""bold"": 1.0}","{""bright"": 1.0}",train,original
"bold dark casual date look, I dress like this normally and I want him to know it",date,casual,bold,dark,"{""date"": 1.0}","{""casual"": 1.0}","{""bold"": 1.0}","{""dark"": 1.0}",train,original
"bold neutral casual date look, I'm confident and I want my clothes to say it too",date,casual,bold,neutral,"{""date"": 1.0}","{""casual"": 1.0}","{""bold"": 1.0}","{""neutral"": 1.0}",train,original
"casual date look with no rules, I just want to feel like the best version of myself",date,casual,no_constraint,soft,"{""date"": 1.0}","{""casual"": 1.0}","{""no_constraint"": 1.0}","{""soft"": 1.0}",train,original
"bright casual date look, easy and colourful for someone I want to impress without trying",date,casual,no_constraint,bright,"{""date"": 1.0}","{""casual"": 1.0}","{""no_constraint"": 1.0}","{""bright"": 1.0}",train,original
"dark casual date no rules look, I want to be effortlessly cool and that's it",date,casual,no_constraint,dark,"{""date"": 1.0}","{""casual"": 1.0}","{""no_constraint"": 1.0}","{""dark"": 1.0}",train,original
neutral casual date look that's so me it's almost a personal statement,date,casual,no_constraint,neutral,"{""date"": 1.0}","{""casual"": 1.0}","{""no_constraint"": 1.0}","{""neutral"": 1.0}",train,original
"formal warehouse rave turned upscale event, I don't know what to wear but it's a look",party,formal,understated,soft,"{""party"": 1.0}","{""formal"": 1.0}","{""understated"": 1.0}","{""soft"": 1.0}",heldout,original
something for an exclusive formal rooftop party with a dress code I can't decode,party,semi-formal,bold,bright,"{""party"": 1.0}","{""semi-formal"": 1.0}","{""bold"": 1.0}","{""bright"": 1.0}",train,original
"casual end of summer backyard sendoff party, nostalgic and cute",party,casual,no_constraint,dark,"{""party"": 1.0}","{""casual"": 1.0}","{""no_constraint"": 1.0}","{""dark"": 1.0}",train,original
semi-formal engagement party where both families will be there and I want to be liked,party,semi-formal,understated,neutral,"{""party"": 1.0}","{""semi-formal"": 1.0}","{""understated"": 1.0}","{""neutral"": 1.0}",train,original
"formal wedding anniversary party for my parents, respectful but still stylish",wedding,formal,bold,soft,"{""wedding"": 1.0}","{""formal"": 1.0}","{""bold"": 1.0}","{""soft"": 1.0}",train,original
"semi-formal wedding vow renewal celebration, joyful and light",wedding,semi-formal,no_constraint,bright,"{""wedding"": 1.0}","{""semi-formal"": 1.0}","{""no_constraint"": 1.0}","{""bright"": 1.0}",train,original
"casual outdoor wedding blessing ceremony, relaxed spiritual gathering",wedding,casual,understated,dark,"{""wedding"": 1.0}","{""casual"": 1.0}","{""understated"": 1.0}","{""dark"": 1.0}",train,original
"formal wedding weekend opening dinner, sets the tone for the whole trip",wedding,formal,understated,neutral,"{""wedding"": 1.0}","{""formal"": 1.0}","{""understated"": 1.0}","{""neutral"": 1.0}",heldout,original
"formal office birthday surprise event after work, need to look great without warning",office,formal,no_constraint,soft,"{""office"": 1.0}","{""formal"": 1.0}","{""no_constraint"": 1.0}","{""soft"": 1.0}",train,original
"semi-formal office farewell for a colleague I actually like, want to look memorable",office,semi-formal,understated,bright,"{""office"": 1.0}","{""semi-formal"": 1.0}","{""understated"": 1.0}","{""bright"": 1.0}",train,original
casual work from home day that suddenly has a very important video call,office,casual,bold,dark,"{""office"": 1.0}","{""casual"": 1.0}","{""bold"": 1.0}","{""dark"": 1.0}",train,original
formal office look for an award ceremony where I'm being recognised,office,formal,bold,neutral,"{""office"": 1.0}","{""formal"": 1.0}","{""bold"": 1.0}","{""neutral"": 1.0}",heldout,original
"casual date at a bookshop followed by a walk, intellectual and quietly pretty",casual,casual,understated,soft,"{""casual"": 1.0}","{""casual"": 1.0}","{""understated"": 1.0}","{""soft"": 1.0}",heldout,original
semi-formal casual look for a spontaneous day trip to the countryside,casual,semi-formal,no_constraint,bright,"{""casual"": 1.0}","{""semi-formal"": 1.0}","{""no_constraint"": 1.0}","{""bright"": 1.0}",train,original
elevated casual look for a lazy Saturday that has photo potential,casual,formal,understated,dark,"{""casual"": 1.0}","{""formal"": 1.0}","{""understated"": 1.0}","{""dark"": 1.0}",heldout,original
bold casual everyday look for a girl who never has a boring outfit day,casual,casual,bold,neutral,"{""casual"": 1.0}","{""casual"": 1.0}","{""bold"": 1.0}","{""neutral"": 1.0}",train,original
"formal date to a classical concert, I want to look like I belong in that world",date,formal,understated,soft,"{""date"": 1.0}","{""formal"": 1.0}","{""understated"": 1.0}","{""soft"": 1.0}",heldout,original
"semi-formal second date at a wine bar, building on last time",date,semi-formal,bold,bright,"{""date"": 1.0}","{""semi-formal"": 1.0}","{""bold"": 1.0}","{""bright"": 1.0}",train,original
"casual date to a vintage market, relaxed and tactile and fun",date,casual,no_constraint,dark,"{""date"": 1.0}","{""casual"": 1.0}","{""no_constraint"": 1.0}","{""dark"": 1.0}",train,original
"formal date to an exclusive restaurant he booked six weeks in advance, no pressure",date,formal,understated,neutral,"{""date"": 1.0}","{""formal"": 1.0}","{""understated"": 1.0}","{""neutral"": 1.0}",train,original
something for a winter formal gala where the dress code says white tie and I'm panicking,party,formal,understated,soft,"{""party"": 1.0}","{""formal"": 1.0}","{""understated"": 1.0}","{""soft"": 1.0}",heldout,original
"formal fundraiser dinner look, I'm seated next to someone important and need to look it",party,formal,understated,bright,"{""party"": 1.0}","{""formal"": 1.0}","{""understated"": 1.0}","{""bright"": 1.0}",train,original
"going to an opera followed by a after party, need one look to do both",party,formal,understated,dark,"{""party"": 1.0}","{""formal"": 1.0}","{""understated"": 1.0}","{""dark"": 1.0}",train,original
"classic elegant formal party look, I want to look like I've always had great taste",party,formal,understated,neutral,"{""party"": 1.0}","{""formal"": 1.0}","{""understated"": 1.0}","{""neutral"": 1.0}",train,original
"red gown energy for a formal awards party, I want to make an entrance",party,formal,bold,soft,"{""party"": 1.0}","{""formal"": 1.0}","{""bold"": 1.0}","{""soft"": 1.0}",train,original
"going to a formal launch event for a fashion brand, they'll judge what I wear",party,formal,bold,bright,"{""party"": 1.0}","{""formal"": 1.0}","{""bold"": 1.0}","{""bright"": 1.0}",train,original
"theatrical formal party look, maximalist and intentional not just decorated",party,formal,bold,dark,"{""party"": 1.0}","{""formal"": 1.0}","{""bold"": 1.0}","{""dark"": 1.0}",train,original
"power suit for a formal corporate party, I'm not wearing a dress and I won't be talked out of it",party,formal,bold,neutral,"{""party"": 1.0}","{""formal"": 1.0}","{""bold"": 1.0}","{""neutral"": 1.0}",train,original
"formal dinner party at someone's private home, intimate and elegant",party,formal,no_constraint,soft,"{""party"": 1.0}","{""formal"": 1.0}","{""no_constraint"": 1.0}","{""soft"": 1.0}",train,original
something for a formal charity event where the crowd is older and more traditional,party,formal,no_constraint,bright,"{""party"": 1.0}","{""formal"": 1.0}","{""no_constraint"": 1.0}","{""bright"": 1.0}",train,original
"formal alumni dinner, want to look successful and put together",party,formal,no_constraint,dark,"{""party"": 1.0}","{""formal"": 1.0}","{""no_constraint"": 1.0}","{""dark"": 1.0}",train,original
formal industry party where I'll be photographed and the photos will live online forever,party,formal,no_constraint,neutral,"{""party"": 1.0}","{""formal"": 1.0}","{""no_constraint"": 1.0}","{""neutral"": 1.0}",train,original
"semi-formal pre-drinks look before a big night, needs to transition to the club",party,semi-formal,understated,soft,"{""party"": 1.0}","{""semi-formal"": 1.0}","{""understated"": 1.0}","{""soft"": 1.0}",train,original
"something for a semi-formal boat party in summer, glamorous but sea-worthy",party,semi-formal,understated,bright,"{""party"": 1.0}","{""semi-formal"": 1.0}","{""understated"": 1.0}","{""bright"": 1.0}",heldout,original
"semi-formal work anniversary party, celebrating a milestone without going overboard",party,semi-formal,understated,dark,"{""party"": 1.0}","{""semi-formal"": 1.0}","{""understated"": 1.0}","{""dark"": 1.0}",train,original
"elevated dinner party look, host is very stylish and I want to hold my own",party,semi-formal,understated,neutral,"{""party"": 1.0}","{""semi-formal"": 1.0}","{""understated"": 1.0}","{""neutral"": 1.0}",train,original
something for a 30th birthday party where the dress code is old Hollywood,party,semi-formal,bold,soft,"{""party"": 1.0}","{""semi-formal"": 1.0}","{""bold"": 1.0}","{""soft"": 1.0}",train,original
neon party look that's bold and camp and completely intentional,party,semi-formal,bold,bright,"{""party"": 1.0}","{""semi-formal"": 1.0}","{""bold"": 1.0}","{""bright"": 1.0}",heldout,original
"semi-formal murder mystery dinner party, dramatic and themed but genuinely chic",party,semi-formal,bold,dark,"{""party"": 1.0}","{""semi-formal"": 1.0}","{""bold"": 1.0}","{""dark"": 1.0}",train,original
statement look for a semi-formal industry mixer where I need to be remembered,party,semi-formal,bold,neutral,"{""party"": 1.0}","{""semi-formal"": 1.0}","{""bold"": 1.0}","{""neutral"": 1.0}",train,original
"something for a semi-formal champagne tasting evening, sophisticated and relaxed",party,semi-formal,no_constraint,soft,"{""party"": 1.0}","{""semi-formal"": 1.0}","{""no_constraint"": 1.0}","{""soft"": 1.0}",heldout,original
"semi-formal summer party at a rooftop pool, not swimwear but still breezy",party,semi-formal,no_constraint,bright,"{""party"": 1.0}","{""semi-formal"": 1.0}","{""no_constraint"": 1.0}","{""bright"": 1.0}",train,original
something for a semi-formal dinner party where everyone will definitely compare outfits,party,semi-formal,no_constraint,dark,"{""party"": 1.0}","{""semi-formal"": 1.0}","{""no_constraint"": 1.0}","{""dark"": 1.0}",heldout,original
"semi-formal cocktail masterclass evening, fun and stylish without being overdressed",party,semi-formal,no_constraint,neutral,"{""party"": 1.0}","{""semi-formal"": 1.0}","{""no_constraint"": 1.0}","{""neutral"": 1.0}",train,original
"casual games night that secretly became a whole thing, still need to look cute",party,casual,understated,soft,"{""party"": 1.0}","{""casual"": 1.0}","{""understated"": 1.0}","{""soft"": 1.0}",train,original
"outdoor summer casual party, comfortable shoes essential, cute everything else",party,casual,understated,bright,"{""party"": 1.0}","{""casual"": 1.0}","{""understated"": 1.0}","{""bright"": 1.0}",train,original
"going to a friend's leaving drinks at a pub, no effort required but I'm still me",party,casual,understated,dark,"{""party"": 1.0}","{""casual"": 1.0}","{""understated"": 1.0}","{""dark"": 1.0}",heldout,original
"low-key casual celebration for finishing exams, relief and joy in outfit form",party,casual,understated,neutral,"{""party"": 1.0}","{""casual"": 1.0}","{""understated"": 1.0}","{""neutral"": 1.0}",train,original
bold playful casual party look for a friend group that's all very fashion aware,party,casual,bold,soft,"{""party"": 1.0}","{""casual"": 1.0}","{""bold"": 1.0}","{""soft"": 1.0}",train,original
bright casual birthday look for a girl who brings the sunshine wherever she goes,party,casual,bold,bright,"{""party"": 1.0}","{""casual"": 1.0}","{""bold"": 1.0}","{""bright"": 1.0}",train,original
casual going out look that's edgy enough for a gig but wearable enough for a pub,party,casual,bold,dark,"{""party"": 1.0}","{""casual"": 1.0}","{""bold"": 1.0}","{""dark"": 1.0}",train,original
casual party look where I want to stand out without looking like I planned it for days,party,casual,bold,neutral,"{""party"": 1.0}","{""casual"": 1.0}","{""bold"": 1.0}","{""neutral"": 1.0}",train,original
"casual birthday afternoon out, nothing fancy, still want to look like I have a personality",party,casual,no_constraint,soft,"{""party"": 1.0}","{""casual"": 1.0}","{""no_constraint"": 1.0}","{""soft"": 1.0}",train,original
"something for a casual cinema birthday party, comfy but considered",party,casual,no_constraint,bright,"{""party"": 1.0}","{""casual"": 1.0}","{""no_constraint"": 1.0}","{""bright"": 1.0}",heldout,original
"going to a friend's housewarming, casual and relaxed but bringing good energy",party,casual,no_constraint,dark,"{""party"": 1.0}","{""casual"": 1.0}","{""no_constraint"": 1.0}","{""dark"": 1.0}",train,original
"casual picnic celebration, we're calling it a party but it's really a vibe check",party,casual,no_constraint,neutral,"{""party"": 1.0}","{""casual"": 1.0}","{""no_constraint"": 1.0}","{""neutral"": 1.0}",train,original
formal party look for an exclusive members club event where the crowd is intimidatingly chic,party,formal,understated,soft,"{""party"": 1.0}","{""formal"": 1.0}","{""understated"": 1.0}","{""soft"": 1.0}",train,original
something for a formal gala where I'll be photographed on a step and repeat,party,formal,understated,bright,"{""party"": 1.0}","{""formal"": 1.0}","{""understated"": 1.0}","{""bright"": 1.0}",heldout,original
"formal farewell party for a colleague who was basically a mentor, want to look respectful and beautiful",party,formal,understated,dark,"{""party"": 1.0}","{""formal"": 1.0}","{""understated"": 1.0}","{""dark"": 1.0}",train,original
formal dinner party hosted by someone with extremely good taste,party,formal,understated,neutral,"{""party"": 1.0}","{""formal"": 1.0}","{""understated"": 1.0}","{""neutral"": 1.0}",train,original
"dramatic bold gown for a formal themed party, the theme is Renaissance and I'm committing",party,formal,bold,soft,"{""party"": 1.0}","{""formal"": 1.0}","{""bold"": 1.0}","{""soft"": 1.0}",train,original
bold metallic look for a formal New Year's Eve party at a luxury venue,party,formal,bold,bright,"{""party"": 1.0}","{""formal"": 1.0}","{""bold"": 1.0}","{""bright"": 1.0}",train,original
dark dramatic formal party look that would photograph like a fashion editorial,party,formal,bold,dark,"{""party"": 1.0}","{""formal"": 1.0}","{""bold"": 1.0}","{""dark"": 1.0}",train,original
bold tailored formal look for a party where I want to be the most stylish person there,party,formal,bold,neutral,"{""party"": 1.0}","{""formal"": 1.0}","{""bold"": 1.0}","{""neutral"": 1.0}",train,original
"formal party in a rooftop penthouse, the setting is glamorous and I want to be too",party,formal,no_constraint,soft,"{""party"": 1.0}","{""formal"": 1.0}","{""no_constraint"": 1.0}","{""soft"": 1.0}",train,original
something for a formal book launch party where the author is a style icon,party,formal,no_constraint,bright,"{""party"": 1.0}","{""formal"": 1.0}","{""no_constraint"": 1.0}","{""bright"": 1.0}",train,original
"formal private dinner that turned into a party, I was not prepared for this",party,formal,no_constraint,dark,"{""party"": 1.0}","{""formal"": 1.0}","{""no_constraint"": 1.0}","{""dark"": 1.0}",train,original
"formal party at an embassy, I don't know the rules but I know the vibe",party,formal,no_constraint,neutral,"{""party"": 1.0}","{""formal"": 1.0}","{""no_constraint"": 1.0}","{""neutral"": 1.0}",heldout,original
"semi-formal retirement party for someone I really admire, want to honour the occasion",party,semi-formal,understated,soft,"{""party"": 1.0}","{""semi-formal"": 1.0}","{""understated"": 1.0}","{""soft"": 1.0}",train,original
"semi-formal summer party at a vineyard, the grapes are ripening and so am I",party,semi-formal,understated,bright,"{""party"": 1.0}","{""semi-formal"": 1.0}","{""understated"": 1.0}","{""bright"": 1.0}",heldout,original
semi-formal birthday dinner for a friend who is obsessed with fashion,party,semi-formal,understated,dark,"{""party"": 1.0}","{""semi-formal"": 1.0}","{""understated"": 1.0}","{""dark"": 1.0}",train,original
elevated dinner party look for a very curated gathering,party,semi-formal,understated,neutral,"{""party"": 1.0}","{""semi-formal"": 1.0}","{""understated"": 1.0}","{""neutral"": 1.0}",train,original
bold semi-formal garden party look that matches the flowers without trying,party,semi-formal,bold,soft,"{""party"": 1.0}","{""semi-formal"": 1.0}","{""bold"": 1.0}","{""soft"": 1.0}",train,original
bright bold look for a semi-formal tropical birthday party,party,semi-formal,bold,bright,"{""party"": 1.0}","{""semi-formal"": 1.0}","{""bold"": 1.0}","{""bright"": 1.0}",train,original
"semi-formal Halloween cocktail party, chic and eerie and absolutely intentional",party,semi-formal,bold,dark,"{""party"": 1.0}","{""semi-formal"": 1.0}","{""bold"": 1.0}","{""dark"": 1.0}",train,original
bold statement look for a semi-formal networking event that I'm actually excited about,party,semi-formal,bold,neutral,"{""party"": 1.0}","{""semi-formal"": 1.0}","{""bold"": 1.0}","{""neutral"": 1.0}",train,original
something for a semi-formal office party with a surprise dress code reveal,party,semi-formal,no_constraint,soft,"{""party"": 1.0}","{""semi-formal"": 1.0}","{""no_constraint"": 1.0}","{""soft"": 1.0}",train,original
"semi-formal outdoor party in the mountains, cool air and incredible scenery",party,semi-formal,no_constraint,bright,"{""party"": 1.0}","{""semi-formal"": 1.0}","{""no_constraint"": 1.0}","{""bright"": 1.0}",train,original
"semi-formal dark dinner party, very adult and somewhat mysterious",party,semi-formal,no_constraint,dark,"{""party"": 1.0}","{""semi-formal"": 1.0}","{""no_constraint"": 1.0}","{""dark"": 1.0}",train,original
something for a semi-formal party on a terrace that overlooks the sea,party,semi-formal,no_constraint,neutral,"{""party"": 1.0}","{""semi-formal"": 1.0}","{""no_constraint"": 1.0}","{""neutral"": 1.0}",train,original
"formal winter wedding in a gothic church, the architecture is dramatic and I want to match",wedding,formal,understated,soft,"{""wedding"": 1.0}","{""formal"": 1.0}","{""understated"": 1.0}","{""soft"": 1.0}",train,original
"spring formal wedding in a glasshouse, everything is light and botanical",wedding,formal,understated,bright,"{""wedding"": 1.0}","{""formal"": 1.0}","{""understated"": 1.0}","{""bright"": 1.0}",train,original
"formal black tie wedding at a luxury hotel, classic and timeless, not trying too hard",wedding,formal,understated,dark,"{""wedding"": 1.0}","{""formal"": 1.0}","{""understated"": 1.0}","{""dark"": 1.0}",train,original
"formal wedding in Japan as a foreign guest, want to be respectful and beautiful",wedding,formal,understated,neutral,"{""wedding"": 1.0}","{""formal"": 1.0}","{""understated"": 1.0}","{""neutral"": 1.0}",train,original
"bold formal wedding look, the couple told guests to go all out and I took it seriously",wedding,formal,bold,soft,"{""wedding"": 1.0}","{""formal"": 1.0}","{""bold"": 1.0}","{""soft"": 1.0}",train,original
"maximalist formal wedding guest look, the venue is grand and I want to be too",wedding,formal,bold,bright,"{""wedding"": 1.0}","{""formal"": 1.0}","{""bold"": 1.0}","{""bright"": 1.0}",heldout,original
"velvet and drama for a formal winter wedding, I want to feel like a character",wedding,formal,bold,dark,"{""wedding"": 1.0}","{""formal"": 1.0}","{""bold"": 1.0}","{""dark"": 1.0}",train,original
statement jumpsuits for a formal wedding guest who refuses to wear a dress ever,wedding,formal,bold,neutral,"{""wedding"": 1.0}","{""formal"": 1.0}","{""bold"": 1.0}","{""neutral"": 1.0}",train,original
formal outdoor wedding where comfort matters as much as looking good,wedding,formal,no_constraint,soft,"{""wedding"": 1.0}","{""formal"": 1.0}","{""no_constraint"": 1.0}","{""soft"": 1.0}",train,original
"formal summer wedding, the theme is garden party but the dress code is black tie",wedding,formal,no_constraint,bright,"{""wedding"": 1.0}","{""formal"": 1.0}","{""no_constraint"": 1.0}","{""bright"": 1.0}",train,original
formal wedding where I genuinely want to look like the best dressed guest,wedding,formal,no_constraint,dark,"{""wedding"": 1.0}","{""formal"": 1.0}","{""no_constraint"": 1.0}","{""dark"": 1.0}",heldout,original
"formal evening wedding reception, ceremony is over and the real night begins",wedding,formal,no_constraint,neutral,"{""wedding"": 1.0}","{""formal"": 1.0}","{""no_constraint"": 1.0}","{""neutral"": 1.0}",train,original
"semi-formal wedding at a surf club, the vibe is breezy and the crowd is relaxed",wedding,semi-formal,understated,soft,"{""wedding"": 1.0}","{""semi-formal"": 1.0}","{""understated"": 1.0}","{""soft"": 1.0}",train,original
semi-formal spring wedding where all the colours are pastels and I want to blend beautifully,wedding,semi-formal,understated,bright,"{""wedding"": 1.0}","{""semi-formal"": 1.0}","{""understated"": 1.0}","{""bright"": 1.0}",train,original
"semi-formal autumn wedding at a pub with a garden, rustic and warm",wedding,semi-formal,understated,dark,"{""wedding"": 1.0}","{""semi-formal"": 1.0}","{""understated"": 1.0}","{""dark"": 1.0}",train,original
semi-formal wedding where the couple is very minimalist and I want to respect that,wedding,semi-formal,understated,neutral,"{""wedding"": 1.0}","{""semi-formal"": 1.0}","{""understated"": 1.0}","{""neutral"": 1.0}",train,original
"bold floral midi for a semi-formal garden wedding, I want to be part of the landscape",wedding,semi-formal,bold,soft,"{""wedding"": 1.0}","{""semi-formal"": 1.0}","{""bold"": 1.0}","{""soft"": 1.0}",train,original
bold bright semi-formal wedding look that celebrates the day not just attends it,wedding,semi-formal,bold,bright,"{""wedding"": 1.0}","{""semi-formal"": 1.0}","{""bold"": 1.0}","{""bright"": 1.0}",train,original
something with drama for a semi-formal wedding in a candlelit venue,wedding,semi-formal,bold,dark,"{""wedding"": 1.0}","{""semi-formal"": 1.0}","{""bold"": 1.0}","{""dark"": 1.0}",train,original
"semi-formal wedding look with a fashion-forward edge, the couple met at a runway show",wedding,semi-formal,bold,neutral,"{""wedding"": 1.0}","{""semi-formal"": 1.0}","{""bold"": 1.0}","{""neutral"": 1.0}",train,original
"semi-formal morning wedding followed by a long afternoon, need to last all day",wedding,semi-formal,no_constraint,soft,"{""wedding"": 1.0}","{""semi-formal"": 1.0}","{""no_constraint"": 1.0}","{""soft"": 1.0}",train,original
semi-formal outdoor wedding where the photos will be in golden sunlight,wedding,semi-formal,no_constraint,bright,"{""wedding"": 1.0}","{""semi-formal"": 1.0}","{""no_constraint"": 1.0}","{""bright"": 1.0}",train,original
semi-formal wedding where the venue is a gallery and the guests are all creative,wedding,semi-formal,no_constraint,dark,"{""wedding"": 1.0}","{""semi-formal"": 1.0}","{""no_constraint"": 1.0}","{""dark"": 1.0}",train,original
"semi-formal countryside wedding, the fields are green and everything is pastoral",wedding,semi-formal,no_constraint,neutral,"{""wedding"": 1.0}","{""semi-formal"": 1.0}","{""no_constraint"": 1.0}","{""neutral"": 1.0}",train,original
"casual wedding on a narrowboat, limited space and no heels possible",wedding,casual,understated,soft,"{""wedding"": 1.0}","{""casual"": 1.0}","{""understated"": 1.0}","{""soft"": 1.0}",heldout,original
"casual daytime wedding celebration in a beach town, everything is light and salty",wedding,casual,understated,bright,"{""wedding"": 1.0}","{""casual"": 1.0}","{""understated"": 1.0}","{""bright"": 1.0}",train,original
"casual urban wedding in a cool warehouse space, the dress code is come as you are",wedding,casual,understated,dark,"{""wedding"": 1.0}","{""casual"": 1.0}","{""understated"": 1.0}","{""dark"": 1.0}",train,original
"casual ceremony in a garden followed by a picnic reception, completely relaxed",wedding,casual,understated,neutral,"{""wedding"": 1.0}","{""casual"": 1.0}","{""understated"": 1.0}","{""neutral"": 1.0}",train,original
bold casual wedding look because the couple said wear something that makes you happy,wedding,casual,bold,soft,"{""wedding"": 1.0}","{""casual"": 1.0}","{""bold"": 1.0}","{""soft"": 1.0}",train,original
"bright bold casual wedding look, I want to celebrate loudly and visually",wedding,casual,bold,bright,"{""wedding"": 1.0}","{""casual"": 1.0}","{""bold"": 1.0}","{""bright"": 1.0}",train,original
"casual wedding with a dark aesthetic, the couple loves the dramatic and so do I",wedding,casual,bold,dark,"{""wedding"": 1.0}","{""casual"": 1.0}","{""bold"": 1.0}","{""dark"": 1.0}",heldout,original
statement casual look for a very informal wedding that still deserves an outfit,wedding,casual,bold,neutral,"{""wedding"": 1.0}","{""casual"": 1.0}","{""bold"": 1.0}","{""neutral"": 1.0}",train,original
"casual destination wedding on a Greek island, loose and luminous",wedding,casual,no_constraint,soft,"{""wedding"": 1.0}","{""casual"": 1.0}","{""no_constraint"": 1.0}","{""soft"": 1.0}",train,original
casual outdoor wedding where the vibes are free and the dress code is joy,wedding,casual,no_constraint,bright,"{""wedding"": 1.0}","{""casual"": 1.0}","{""no_constraint"": 1.0}","{""bright"": 1.0}",train,original
casual wedding in an unconventional venue like a skatepark or brewery,wedding,casual,no_constraint,dark,"{""wedding"": 1.0}","{""casual"": 1.0}","{""no_constraint"": 1.0}","{""dark"": 1.0}",train,original
"casual intimate wedding with twelve guests, relaxed but the photos will last forever",wedding,casual,no_constraint,neutral,"{""wedding"": 1.0}","{""casual"": 1.0}","{""no_constraint"": 1.0}","{""neutral"": 1.0}",heldout,original
formal wedding for royalty adjacent guests where the photos will be historical documents,wedding,formal,understated,soft,"{""wedding"": 1.0}","{""formal"": 1.0}","{""understated"": 1.0}","{""soft"": 1.0}",train,original
"formal summer wedding on the Amalfi Coast, the backdrop is extraordinary",wedding,formal,understated,bright,"{""wedding"": 1.0}","{""formal"": 1.0}","{""understated"": 1.0}","{""bright"": 1.0}",train,original
"formal church wedding followed by a castle reception, the whole thing is cinematic",wedding,formal,understated,dark,"{""wedding"": 1.0}","{""formal"": 1.0}","{""understated"": 1.0}","{""dark"": 1.0}",train,original
formal wedding where I've been told the guest list is extremely well dressed,wedding,formal,understated,neutral,"{""wedding"": 1.0}","{""formal"": 1.0}","{""understated"": 1.0}","{""neutral"": 1.0}",train,original
"dramatic floral formal wedding look, I want to look like a garden in a good way",wedding,formal,bold,soft,"{""wedding"": 1.0}","{""formal"": 1.0}","{""bold"": 1.0}","{""soft"": 1.0}",train,original
"bold coral or amber formal wedding look, warm and celebratory",wedding,formal,bold,bright,"{""wedding"": 1.0}","{""formal"": 1.0}","{""bold"": 1.0}","{""bright"": 1.0}",train,original
"velvet deep formal wedding look, the venue is a manor house and the season is winter",wedding,formal,bold,dark,"{""wedding"": 1.0}","{""formal"": 1.0}","{""bold"": 1.0}","{""dark"": 1.0}",train,original
bold tailored formal wedding look for a guest who would rather trousers than a dress,wedding,formal,bold,neutral,"{""wedding"": 1.0}","{""formal"": 1.0}","{""bold"": 1.0}","{""neutral"": 1.0}",train,original
formal wedding look that works for both the outdoor ceremony and the indoor party,wedding,formal,no_constraint,soft,"{""wedding"": 1.0}","{""formal"": 1.0}","{""no_constraint"": 1.0}","{""soft"": 1.0}",train,original
"formal tropical wedding, the heat is real and I still need to look incredible",wedding,formal,no_constraint,bright,"{""wedding"": 1.0}","{""formal"": 1.0}","{""no_constraint"": 1.0}","{""bright"": 1.0}",train,original
formal dark look for an evening wedding that starts at 7pm and ends at midnight,wedding,formal,no_constraint,dark,"{""wedding"": 1.0}","{""formal"": 1.0}","{""no_constraint"": 1.0}","{""dark"": 1.0}",train,original
formal wedding look for someone who is slightly obsessed with dressing well and this is their moment,wedding,formal,no_constraint,neutral,"{""wedding"": 1.0}","{""formal"": 1.0}","{""no_constraint"": 1.0}","{""neutral"": 1.0}",train,original
"semi-formal wedding in a converted barn, the hay bales are everywhere but the people are chic",wedding,semi-formal,understated,soft,"{""wedding"": 1.0}","{""semi-formal"": 1.0}","{""understated"": 1.0}","{""soft"": 1.0}",train,original
"semi-formal spring wedding with a colour palette set by the bride, I'm working within it",wedding,semi-formal,understated,bright,"{""wedding"": 1.0}","{""semi-formal"": 1.0}","{""understated"": 1.0}","{""bright"": 1.0}",heldout,original
"semi-formal rainy day wedding, I need a contingency look that still photographs",wedding,semi-formal,understated,dark,"{""wedding"": 1.0}","{""semi-formal"": 1.0}","{""understated"": 1.0}","{""dark"": 1.0}",train,original
semi-formal wedding abroad in a country with a different dressing culture,wedding,semi-formal,understated,neutral,"{""wedding"": 1.0}","{""semi-formal"": 1.0}","{""understated"": 1.0}","{""neutral"": 1.0}",train,original
bold semi-formal wedding look that the couple specifically encouraged,wedding,semi-formal,bold,soft,"{""wedding"": 1.0}","{""semi-formal"": 1.0}","{""bold"": 1.0}","{""soft"": 1.0}",train,original
bright bold semi-formal wedding guest look that celebrates life loudly,wedding,semi-formal,bold,bright,"{""wedding"": 1.0}","{""semi-formal"": 1.0}","{""bold"": 1.0}","{""bright"": 1.0}",train,original
semi-formal gothic wedding where guests were told to dress accordingly,wedding,semi-formal,bold,dark,"{""wedding"": 1.0}","{""semi-formal"": 1.0}","{""bold"": 1.0}","{""dark"": 1.0}",heldout,original
semi-formal wedding with a creative dress code that requires actual thought,wedding,semi-formal,bold,neutral,"{""wedding"": 1.0}","{""semi-formal"": 1.0}","{""bold"": 1.0}","{""neutral"": 1.0}",train,original
semi-formal outdoor morning wedding that goes all the way to an evening dinner,wedding,semi-formal,no_constraint,soft,"{""wedding"": 1.0}","{""semi-formal"": 1.0}","{""no_constraint"": 1.0}","{""soft"": 1.0}",train,original
"semi-formal wedding where I'm a guest and also doing a reading, dual role",wedding,semi-formal,no_constraint,bright,"{""wedding"": 1.0}","{""semi-formal"": 1.0}","{""no_constraint"": 1.0}","{""bright"": 1.0}",heldout,original
semi-formal winter wedding where the venue has incredible architecture,wedding,semi-formal,no_constraint,dark,"{""wedding"": 1.0}","{""semi-formal"": 1.0}","{""no_constraint"": 1.0}","{""dark"": 1.0}",train,original
semi-formal wedding where the dress code is cocktail but the venue is very grand,wedding,semi-formal,no_constraint,neutral,"{""wedding"": 1.0}","{""semi-formal"": 1.0}","{""no_constraint"": 1.0}","{""neutral"": 1.0}",train,original
formal office look for a day I'm shadowing the CEO and need to look the part,office,formal,understated,soft,"{""office"": 1.0}","{""formal"": 1.0}","{""understated"": 1.0}","{""soft"": 1.0}",train,original
formal work look for a day I'm being introduced to a new team and first impressions matter,office,formal,understated,bright,"{""office"": 1.0}","{""formal"": 1.0}","{""understated"": 1.0}","{""bright"": 1.0}",train,original
something to wear for a formal board presentation where I'm the youngest in the room,office,formal,understated,dark,"{""office"": 1.0}","{""formal"": 1.0}","{""understated"": 1.0}","{""dark"": 1.0}",train,original
"formal office look that reads quietly expensive, not flashy just right",office,formal,understated,neutral,"{""office"": 1.0}","{""formal"": 1.0}","{""understated"": 1.0}","{""neutral"": 1.0}",heldout,original
powerful formal office look that says I'm here and I have opinions,office,formal,bold,soft,"{""office"": 1.0}","{""formal"": 1.0}","{""bold"": 1.0}","{""soft"": 1.0}",train,original
bright formal work look for a day I need to bring maximum energy,office,formal,bold,bright,"{""office"": 1.0}","{""formal"": 1.0}","{""bold"": 1.0}","{""bright"": 1.0}",train,original
bold dark formal office look for a day I need to feel untouchable,office,formal,bold,dark,"{""office"": 1.0}","{""formal"": 1.0}","{""bold"": 1.0}","{""dark"": 1.0}",train,original
formal office look with a bold accessory that elevates a neutral base,office,formal,bold,neutral,"{""office"": 1.0}","{""formal"": 1.0}","{""bold"": 1.0}","{""neutral"": 1.0}",train,original
formal workwear for a very conservative industry where dress code is unspoken but strict,office,formal,no_constraint,soft,"{""office"": 1.0}","{""formal"": 1.0}","{""no_constraint"": 1.0}","{""soft"": 1.0}",train,original
something for a formal work event abroad where I need to represent myself well,office,formal,no_constraint,bright,"{""office"": 1.0}","{""formal"": 1.0}","{""no_constraint"": 1.0}","{""bright"": 1.0}",train,original
formal office look that's creative enough for my industry and professional enough for clients,office,formal,no_constraint,dark,"{""office"": 1.0}","{""formal"": 1.0}","{""no_constraint"": 1.0}","{""dark"": 1.0}",heldout,original
formal work look that I've worn a version of every day for two years and still love,office,formal,no_constraint,neutral,"{""office"": 1.0}","{""formal"": 1.0}","{""no_constraint"": 1.0}","{""neutral"": 1.0}",train,original
semi-formal work look for a day I have an external speaker coming in,office,semi-formal,understated,soft,"{""office"": 1.0}","{""semi-formal"": 1.0}","{""understated"": 1.0}","{""soft"": 1.0}",train,original
smart casual office look for an open plan office where everyone can see what I'm wearing,office,semi-formal,understated,bright,"{""office"": 1.0}","{""semi-formal"": 1.0}","{""understated"": 1.0}","{""bright"": 1.0}",train,original
semi-formal dark work look for a Monday when I need armour,office,semi-formal,understated,dark,"{""office"": 1.0}","{""semi-formal"": 1.0}","{""understated"": 1.0}","{""dark"": 1.0}",train,original
business casual look for a co-working space where the vibe is creative but grown up,office,semi-formal,understated,neutral,"{""office"": 1.0}","{""semi-formal"": 1.0}","{""understated"": 1.0}","{""neutral"": 1.0}",train,original
semi-formal office look that says I care about style but I'm also very good at my job,office,semi-formal,bold,soft,"{""office"": 1.0}","{""semi-formal"": 1.0}","{""bold"": 1.0}","{""soft"": 1.0}",train,original
bright semi-formal office look for a day I'm hosting a workshop and need presence,office,semi-formal,bold,bright,"{""office"": 1.0}","{""semi-formal"": 1.0}","{""bold"": 1.0}","{""bright"": 1.0}",train,original
"semi-formal dark office look with something unexpected, a detail that people notice",office,semi-formal,bold,dark,"{""office"": 1.0}","{""semi-formal"": 1.0}","{""bold"": 1.0}","{""dark"": 1.0}",train,original
bold semi-formal office look that makes me feel like a person not just an employee,office,semi-formal,bold,neutral,"{""office"": 1.0}","{""semi-formal"": 1.0}","{""bold"": 1.0}","{""neutral"": 1.0}",train,original
semi-formal work look I can walk to the office in and not look like I commuted,office,semi-formal,no_constraint,soft,"{""office"": 1.0}","{""semi-formal"": 1.0}","{""no_constraint"": 1.0}","{""soft"": 1.0}",heldout,original
smart casual work look for a startup where the dress code is genuinely whatever,office,semi-formal,no_constraint,bright,"{""office"": 1.0}","{""semi-formal"": 1.0}","{""no_constraint"": 1.0}","{""bright"": 1.0}",heldout,original
semi-formal office look that can go from a team lunch to an evening event,office,semi-formal,no_constraint,dark,"{""office"": 1.0}","{""semi-formal"": 1.0}","{""no_constraint"": 1.0}","{""dark"": 1.0}",heldout,original
business casual look for a job I like but where I still want to express myself,office,semi-formal,no_constraint,neutral,"{""office"": 1.0}","{""semi-formal"": 1.0}","{""no_constraint"": 1.0}","{""neutral"": 1.0}",train,original
"casual wfh look for a week of deep work, no calls, just me and my tasks",office,casual,understated,soft,"{""office"": 1.0}","{""casual"": 1.0}","{""understated"": 1.0}","{""soft"": 1.0}",train,original
casual bright work day look for a creative studio where the energy is playful,office,casual,understated,bright,"{""office"": 1.0}","{""casual"": 1.0}","{""understated"": 1.0}","{""bright"": 1.0}",train,original
casual dark work look for a tech company that has no dress code and judges nothing,office,casual,understated,dark,"{""office"": 1.0}","{""casual"": 1.0}","{""understated"": 1.0}","{""dark"": 1.0}",train,original
casual Friday look that's still sharper than jeans and a hoodie,office,casual,understated,neutral,"{""office"": 1.0}","{""casual"": 1.0}","{""understated"": 1.0}","{""neutral"": 1.0}",train,original
casual office look with a bold piece that makes the day feel less routine,office,casual,bold,soft,"{""office"": 1.0}","{""casual"": 1.0}","{""bold"": 1.0}","{""soft"": 1.0}",train,original
"bright and bold casual work look, I'm in a creative role and I dress the part",office,casual,bold,bright,"{""office"": 1.0}","{""casual"": 1.0}","{""bold"": 1.0}","{""bright"": 1.0}",train,original
bold dark casual office look for someone who takes their personal brand seriously even at work,office,casual,bold,dark,"{""office"": 1.0}","{""casual"": 1.0}","{""bold"": 1.0}","{""dark"": 1.0}",train,original
"casual office bold look, I want my outfit to spark a conversation today",office,casual,bold,neutral,"{""office"": 1.0}","{""casual"": 1.0}","{""bold"": 1.0}","{""neutral"": 1.0}",train,original
"casual work day with absolutely no dress code, help",office,casual,no_constraint,soft,"{""office"": 1.0}","{""casual"": 1.0}","{""no_constraint"": 1.0}","{""soft"": 1.0}",train,original
casual work look for a day that starts with coffee and ends with happy hour,office,casual,no_constraint,bright,"{""office"": 1.0}","{""casual"": 1.0}","{""no_constraint"": 1.0}","{""bright"": 1.0}",train,original
"casual dark work look, comfortable and interesting, I work in a place that appreciates it",office,casual,no_constraint,dark,"{""office"": 1.0}","{""casual"": 1.0}","{""no_constraint"": 1.0}","{""dark"": 1.0}",heldout,original
"relaxed work day look, it's just me in the office today and I'm dressing for myself",office,casual,no_constraint,neutral,"{""office"": 1.0}","{""casual"": 1.0}","{""no_constraint"": 1.0}","{""neutral"": 1.0}",train,original
formal office look that makes me feel like the main character of my own career,office,formal,understated,soft,"{""office"": 1.0}","{""formal"": 1.0}","{""understated"": 1.0}","{""soft"": 1.0}",train,original
"formal work look for a high stakes pitch day, I want the clothes to do some of the work",office,formal,understated,bright,"{""office"": 1.0}","{""formal"": 1.0}","{""understated"": 1.0}","{""bright"": 1.0}",train,original
formal office look for a day I'm meeting a client I've only ever seen on screen,office,formal,understated,dark,"{""office"": 1.0}","{""formal"": 1.0}","{""understated"": 1.0}","{""dark"": 1.0}",train,original
formal workwear for a day that will be long and I need to look good at 8am and 8pm,office,formal,understated,neutral,"{""office"": 1.0}","{""formal"": 1.0}","{""understated"": 1.0}","{""neutral"": 1.0}",train,original
bold formal office look for a day I want to feel powerful,office,formal,bold,soft,"{""office"": 1.0}","{""formal"": 1.0}","{""bold"": 1.0}","{""soft"": 1.0}",train,original
"bright bold formal work look, the office is grey and I refuse to match it",office,formal,bold,bright,"{""office"": 1.0}","{""formal"": 1.0}","{""bold"": 1.0}","{""bright"": 1.0}",train,original
bold dark formal office look for a Monday when I need to remind people I'm serious,office,formal,bold,dark,"{""office"": 1.0}","{""formal"": 1.0}","{""bold"": 1.0}","{""dark"": 1.0}",train,original
"formal office look with one bold element, everything else is quiet",office,formal,bold,neutral,"{""office"": 1.0}","{""formal"": 1.0}","{""bold"": 1.0}","{""neutral"": 1.0}",train,original
formal work look for an industry I've just entered and I'm learning the dress code by watching,office,formal,no_constraint,soft,"{""office"": 1.0}","{""formal"": 1.0}","{""no_constraint"": 1.0}","{""soft"": 1.0}",train,original
formal office look for a company with a strict dress code I actually like following,office,formal,no_constraint,bright,"{""office"": 1.0}","{""formal"": 1.0}","{""no_constraint"": 1.0}","{""bright"": 1.0}",heldout,original
formal dark office look with a personal touch that makes it mine,office,formal,no_constraint,dark,"{""office"": 1.0}","{""formal"": 1.0}","{""no_constraint"": 1.0}","{""dark"": 1.0}",train,original
formal neutral office look for the day I'm being evaluated and I need everything to be right,office,formal,no_constraint,neutral,"{""office"": 1.0}","{""formal"": 1.0}","{""no_constraint"": 1.0}","{""neutral"": 1.0}",train,original
semi-formal office look for a day I'm being interviewed for an internal promotion,office,semi-formal,understated,soft,"{""office"": 1.0}","{""semi-formal"": 1.0}","{""understated"": 1.0}","{""soft"": 1.0}",train,original
smart casual office look for a day I have a really important one to one,office,semi-formal,understated,bright,"{""office"": 1.0}","{""semi-formal"": 1.0}","{""understated"": 1.0}","{""bright"": 1.0}",train,original
semi-formal dark work look for a team that dresses well and expects the same from me,office,semi-formal,understated,dark,"{""office"": 1.0}","{""semi-formal"": 1.0}","{""understated"": 1.0}","{""dark"": 1.0}",train,original
business casual look for an office with an unspoken style hierarchy I'm climbing,office,semi-formal,understated,neutral,"{""office"": 1.0}","{""semi-formal"": 1.0}","{""understated"": 1.0}","{""neutral"": 1.0}",train,original
"semi-formal bold soft office look, I bring colour to a very beige workplace",office,semi-formal,bold,soft,"{""office"": 1.0}","{""semi-formal"": 1.0}","{""bold"": 1.0}","{""soft"": 1.0}",train,original
bright semi-formal office look for a day I need to change the energy in the room,office,semi-formal,bold,bright,"{""office"": 1.0}","{""semi-formal"": 1.0}","{""bold"": 1.0}","{""bright"": 1.0}",train,original
bold dark semi-formal work look that makes me feel like someone to be reckoned with,office,semi-formal,bold,dark,"{""office"": 1.0}","{""semi-formal"": 1.0}","{""bold"": 1.0}","{""dark"": 1.0}",train,original
semi-formal neutral office look with a bold piece that does all the talking,office,semi-formal,bold,neutral,"{""office"": 1.0}","{""semi-formal"": 1.0}","{""bold"": 1.0}","{""neutral"": 1.0}",train,original
semi-formal work look for a company that says dress code is smart casual but means something different to everyone,office,semi-formal,no_constraint,soft,"{""office"": 1.0}","{""semi-formal"": 1.0}","{""no_constraint"": 1.0}","{""soft"": 1.0}",train,original
smart casual office look for a day I'll be on my feet all day managing an event,office,semi-formal,no_constraint,bright,"{""office"": 1.0}","{""semi-formal"": 1.0}","{""no_constraint"": 1.0}","{""bright"": 1.0}",train,original
semi-formal dark office look for a day I work from a client's site instead of my own,office,semi-formal,no_constraint,dark,"{""office"": 1.0}","{""semi-formal"": 1.0}","{""no_constraint"": 1.0}","{""dark"": 1.0}",train,original
business casual look for a new office where I'm still figuring out the culture,office,semi-formal,no_constraint,neutral,"{""office"": 1.0}","{""semi-formal"": 1.0}","{""no_constraint"": 1.0}","{""neutral"": 1.0}",train,original
formal casual everyday look for a girl who treats her wardrobe like a personal archive,casual,formal,understated,soft,"{""casual"": 1.0}","{""formal"": 1.0}","{""understated"": 1.0}","{""soft"": 1.0}",train,original
bright elevated casual look for a girl who overdresses for everything and is proud of it,casual,formal,understated,bright,"{""casual"": 1.0}","{""formal"": 1.0}","{""understated"": 1.0}","{""bright"": 1.0}",train,original
dark formal casual look for someone whose every day outfit looks like a fashion week street style photo,casual,formal,understated,dark,"{""casual"": 1.0}","{""formal"": 1.0}","{""understated"": 1.0}","{""dark"": 1.0}",train,original
neutral formal casual look that has the energy of a very considered person,casual,formal,understated,neutral,"{""casual"": 1.0}","{""formal"": 1.0}","{""understated"": 1.0}","{""neutral"": 1.0}",train,original
"bold soft formal casual look, I want to be feminine and striking simultaneously",casual,formal,bold,soft,"{""casual"": 1.0}","{""formal"": 1.0}","{""bold"": 1.0}","{""soft"": 1.0}",train,original
"bold bright formal everyday look, I dress like every outing could be documented",casual,formal,bold,bright,"{""casual"": 1.0}","{""formal"": 1.0}","{""bold"": 1.0}","{""bright"": 1.0}",train,original
dark bold formal everyday look for someone who genuinely dresses for themselves only,casual,formal,bold,dark,"{""casual"": 1.0}","{""formal"": 1.0}","{""bold"": 1.0}","{""dark"": 1.0}",heldout,original
"bold neutral formal everyday outfit, interesting silhouette quiet palette",casual,formal,bold,neutral,"{""casual"": 1.0}","{""formal"": 1.0}","{""bold"": 1.0}","{""neutral"": 1.0}",train,original
"formal everyday look with no constraints, I just want to feel extraordinary on a normal day",casual,formal,no_constraint,soft,"{""casual"": 1.0}","{""formal"": 1.0}","{""no_constraint"": 1.0}","{""soft"": 1.0}",train,original
"elevated casual look that's bright and free, dressing with intention and joy",casual,formal,no_constraint,bright,"{""casual"": 1.0}","{""formal"": 1.0}","{""no_constraint"": 1.0}","{""bright"": 1.0}",train,original
dark elevated casual look that has editorial energy for a completely regular Tuesday,casual,formal,no_constraint,dark,"{""casual"": 1.0}","{""formal"": 1.0}","{""no_constraint"": 1.0}","{""dark"": 1.0}",train,original
neutral elevated casual look that makes me feel like I have my whole life together,casual,formal,no_constraint,neutral,"{""casual"": 1.0}","{""formal"": 1.0}","{""no_constraint"": 1.0}","{""neutral"": 1.0}",train,original
soft semi-formal casual look for a market visit followed by a nice lunch,casual,semi-formal,understated,soft,"{""casual"": 1.0}","{""semi-formal"": 1.0}","{""understated"": 1.0}","{""soft"": 1.0}",train,original
"bright semi-formal casual look for a cultural day out, museum then dinner",casual,semi-formal,understated,bright,"{""casual"": 1.0}","{""semi-formal"": 1.0}","{""understated"": 1.0}","{""bright"": 1.0}",train,original
dark semi-formal look for an afternoon that might turn into an evening,casual,semi-formal,understated,dark,"{""casual"": 1.0}","{""semi-formal"": 1.0}","{""understated"": 1.0}","{""dark"": 1.0}",train,original
neutral smart casual look for a day that has no agenda but deserves an outfit,casual,semi-formal,understated,neutral,"{""casual"": 1.0}","{""semi-formal"": 1.0}","{""understated"": 1.0}","{""neutral"": 1.0}",train,original
"bold soft semi-formal everyday look, romantic and intentional for a weekday",casual,semi-formal,bold,soft,"{""casual"": 1.0}","{""semi-formal"": 1.0}","{""bold"": 1.0}","{""soft"": 1.0}",train,original
"bold bright semi-formal casual look, I dress like the best thing that ever happened",casual,semi-formal,bold,bright,"{""casual"": 1.0}","{""semi-formal"": 1.0}","{""bold"": 1.0}","{""bright"": 1.0}",train,original
"bold dark semi-formal everyday look, I want to look like I curated myself",casual,semi-formal,bold,dark,"{""casual"": 1.0}","{""semi-formal"": 1.0}","{""bold"": 1.0}","{""dark"": 1.0}",train,original
"bold neutral semi-formal casual look, quiet statement energy",casual,semi-formal,bold,neutral,"{""casual"": 1.0}","{""semi-formal"": 1.0}","{""bold"": 1.0}","{""neutral"": 1.0}",train,original
"soft semi-formal casual look with total freedom, just want to feel lovely",casual,semi-formal,no_constraint,soft,"{""casual"": 1.0}","{""semi-formal"": 1.0}","{""no_constraint"": 1.0}","{""soft"": 1.0}",train,original
bright semi-formal casual look for a day I want to feel alive in my clothes,casual,semi-formal,no_constraint,bright,"{""casual"": 1.0}","{""semi-formal"": 1.0}","{""no_constraint"": 1.0}","{""bright"": 1.0}",train,original
"dark semi-formal casual look, no rules, just the vibe I live in",casual,semi-formal,no_constraint,dark,"{""casual"": 1.0}","{""semi-formal"": 1.0}","{""no_constraint"": 1.0}","{""dark"": 1.0}",heldout,original
neutral semi-formal casual look that's polished enough for anywhere,casual,semi-formal,no_constraint,neutral,"{""casual"": 1.0}","{""semi-formal"": 1.0}","{""no_constraint"": 1.0}","{""neutral"": 1.0}",train,original
soft casual everyday look for a day off I want to savour,casual,casual,understated,soft,"{""casual"": 1.0}","{""casual"": 1.0}","{""understated"": 1.0}","{""soft"": 1.0}",heldout,original
bright casual look for a spontaneous friend catch-up that turns into a whole day,casual,casual,understated,bright,"{""casual"": 1.0}","{""casual"": 1.0}","{""understated"": 1.0}","{""bright"": 1.0}",train,original
dark casual look for a girl whose default is always slightly underdressed on purpose,casual,casual,understated,dark,"{""casual"": 1.0}","{""casual"": 1.0}","{""understated"": 1.0}","{""dark"": 1.0}",train,original
"neutral casual look for a slow day, nothing to prove, just existing nicely",casual,casual,understated,neutral,"{""casual"": 1.0}","{""casual"": 1.0}","{""understated"": 1.0}","{""neutral"": 1.0}",train,original
"bold soft casual look, playful and confident for a girl who loves colour",casual,casual,bold,soft,"{""casual"": 1.0}","{""casual"": 1.0}","{""bold"": 1.0}","{""soft"": 1.0}",train,original
"bold bright everyday casual look, I want my outfit to match my energy",casual,casual,bold,bright,"{""casual"": 1.0}","{""casual"": 1.0}","{""bold"": 1.0}","{""bright"": 1.0}",train,original
"bold dark casual look, my vibe is intense even when I'm doing nothing",casual,casual,bold,dark,"{""casual"": 1.0}","{""casual"": 1.0}","{""bold"": 1.0}","{""dark"": 1.0}",train,original
"bold neutral everyday casual look, I like interesting shapes in quiet colours",casual,casual,bold,neutral,"{""casual"": 1.0}","{""casual"": 1.0}","{""bold"": 1.0}","{""neutral"": 1.0}",train,original
"soft casual look with zero constraints, dressing for joy not for anyone else",casual,casual,no_constraint,soft,"{""casual"": 1.0}","{""casual"": 1.0}","{""no_constraint"": 1.0}","{""soft"": 1.0}",train,original
bright casual look for a spontaneous summer day with no plan,casual,casual,no_constraint,bright,"{""casual"": 1.0}","{""casual"": 1.0}","{""no_constraint"": 1.0}","{""bright"": 1.0}",heldout,original
"dark casual look, completely unconstrained, just me and my wardrobe",casual,casual,no_constraint,dark,"{""casual"": 1.0}","{""casual"": 1.0}","{""no_constraint"": 1.0}","{""dark"": 1.0}",train,original
"neutral casual look, simple and considered, the most me I know how to be",casual,casual,no_constraint,neutral,"{""casual"": 1.0}","{""casual"": 1.0}","{""no_constraint"": 1.0}","{""neutral"": 1.0}",heldout,original
formal elevated casual look for a girl who believes every day is an event,casual,formal,understated,soft,"{""casual"": 1.0}","{""formal"": 1.0}","{""understated"": 1.0}","{""soft"": 1.0}",train,original
"bright elevated everyday look, I dress formally even for a trip to the corner shop",casual,formal,bold,bright,"{""casual"": 1.0}","{""formal"": 1.0}","{""bold"": 1.0}","{""bright"": 1.0}",train,original
dark formal everyday look with no agenda other than looking extraordinary,casual,formal,no_constraint,dark,"{""casual"": 1.0}","{""formal"": 1.0}","{""no_constraint"": 1.0}","{""dark"": 1.0}",heldout,original
neutral formal casual look for a girl with a very personal relationship with getting dressed,casual,formal,understated,neutral,"{""casual"": 1.0}","{""formal"": 1.0}","{""understated"": 1.0}","{""neutral"": 1.0}",train,original
bold soft semi-formal everyday look that makes strangers on the street take notice,casual,semi-formal,bold,soft,"{""casual"": 1.0}","{""semi-formal"": 1.0}","{""bold"": 1.0}","{""soft"": 1.0}",train,original
bright semi-formal casual look for a girl who always overdresses and has no regrets,casual,semi-formal,no_constraint,bright,"{""casual"": 1.0}","{""semi-formal"": 1.0}","{""no_constraint"": 1.0}","{""bright"": 1.0}",train,original
"dark semi-formal casual look, dressed up with nowhere to go and loving it",casual,semi-formal,understated,dark,"{""casual"": 1.0}","{""semi-formal"": 1.0}","{""understated"": 1.0}","{""dark"": 1.0}",heldout,original
"neutral semi-formal casual look, refined and considered for a completely ordinary day",casual,semi-formal,bold,neutral,"{""casual"": 1.0}","{""semi-formal"": 1.0}","{""bold"": 1.0}","{""neutral"": 1.0}",train,original
soft everyday casual look for a girl who curates even her most relaxed days,casual,casual,understated,soft,"{""casual"": 1.0}","{""casual"": 1.0}","{""understated"": 1.0}","{""soft"": 1.0}",train,original
bright casual look for a day I want my outfit to do the talking,casual,casual,no_constraint,bright,"{""casual"": 1.0}","{""casual"": 1.0}","{""no_constraint"": 1.0}","{""bright"": 1.0}",heldout,original
"dark casual everyday look, I dress in all dark tones and it suits me perfectly",casual,casual,bold,dark,"{""casual"": 1.0}","{""casual"": 1.0}","{""bold"": 1.0}","{""dark"": 1.0}",train,original
"neutral casual everyday look, the cleanest most considered version of nothing special",casual,casual,understated,neutral,"{""casual"": 1.0}","{""casual"": 1.0}","{""understated"": 1.0}","{""neutral"": 1.0}",train,original
"formal first date at a private dining experience, the stakes are extremely high",date,formal,understated,soft,"{""date"": 1.0}","{""formal"": 1.0}","{""understated"": 1.0}","{""soft"": 1.0}",train,original
"formal date to a champagne bar, I want to look like I belong in expensive places",date,formal,understated,bright,"{""date"": 1.0}","{""formal"": 1.0}","{""understated"": 1.0}","{""bright"": 1.0}",train,original
"formal date at a theatre where we have good seats, need to dress for the occasion",date,formal,understated,dark,"{""date"": 1.0}","{""formal"": 1.0}","{""understated"": 1.0}","{""dark"": 1.0}",train,original
formal dinner date where I know he's nervous and I want to put him at ease while also being stunning,date,formal,understated,neutral,"{""date"": 1.0}","{""formal"": 1.0}","{""understated"": 1.0}","{""neutral"": 1.0}",train,original
"bold romantic formal date look, soft and feminine and completely intentional",date,formal,bold,soft,"{""date"": 1.0}","{""formal"": 1.0}","{""bold"": 1.0}","{""soft"": 1.0}",heldout,original
"bright bold formal date, summer evening dinner and I want to be radiant",date,formal,bold,bright,"{""date"": 1.0}","{""formal"": 1.0}","{""bold"": 1.0}","{""bright"": 1.0}",train,original
"dark dramatic formal date look, I want to be mysterious and beautiful",date,formal,bold,dark,"{""date"": 1.0}","{""formal"": 1.0}","{""bold"": 1.0}","{""dark"": 1.0}",heldout,original
"bold structured formal date look, power and elegance in neutral tones",date,formal,bold,neutral,"{""date"": 1.0}","{""formal"": 1.0}","{""bold"": 1.0}","{""neutral"": 1.0}",train,original
formal date where I have no idea what to expect so the look needs to do everything,date,formal,no_constraint,soft,"{""date"": 1.0}","{""formal"": 1.0}","{""no_constraint"": 1.0}","{""soft"": 1.0}",train,original
formal date that could be the beginning of something and I need to dress accordingly,date,formal,no_constraint,bright,"{""date"": 1.0}","{""formal"": 1.0}","{""no_constraint"": 1.0}","{""bright"": 1.0}",train,original
"formal dark date look with something surprising, I don't want to be predictable",date,formal,no_constraint,dark,"{""date"": 1.0}","{""formal"": 1.0}","{""no_constraint"": 1.0}","{""dark"": 1.0}",train,original
formal date in neutrals that feels intentional and personal not just safe,date,formal,no_constraint,neutral,"{""date"": 1.0}","{""formal"": 1.0}","{""no_constraint"": 1.0}","{""neutral"": 1.0}",train,original
"semi-formal date at a tasting menu restaurant, need to look like I appreciate nice things",date,semi-formal,understated,soft,"{""date"": 1.0}","{""semi-formal"": 1.0}","{""understated"": 1.0}","{""soft"": 1.0}",train,original
"semi-formal sunny afternoon date at a beach restaurant, breezy and romantic",date,semi-formal,understated,bright,"{""date"": 1.0}","{""semi-formal"": 1.0}","{""understated"": 1.0}","{""bright"": 1.0}",train,original
"semi-formal evening date, cocktails then dinner, dark and polished",date,semi-formal,understated,dark,"{""date"": 1.0}","{""semi-formal"": 1.0}","{""understated"": 1.0}","{""dark"": 1.0}",train,original
"semi-formal date at a nice hotel bar, sophisticated and relaxed at the same time",date,semi-formal,understated,neutral,"{""date"": 1.0}","{""semi-formal"": 1.0}","{""understated"": 1.0}","{""neutral"": 1.0}",train,original
"bold soft semi-formal date look, I want to feel irresistible without looking like I tried",date,semi-formal,bold,soft,"{""date"": 1.0}","{""semi-formal"": 1.0}","{""bold"": 1.0}","{""soft"": 1.0}",train,original
bold bright semi-formal date look for a summer evening with a lot of potential,date,semi-formal,bold,bright,"{""date"": 1.0}","{""semi-formal"": 1.0}","{""bold"": 1.0}","{""bright"": 1.0}",train,original
"bold dark semi-formal date look, I want to be magnetic and a little intense",date,semi-formal,bold,dark,"{""date"": 1.0}","{""semi-formal"": 1.0}","{""bold"": 1.0}","{""dark"": 1.0}",heldout,original
"bold semi-formal date look in neutrals, confident and striking and effortless",date,semi-formal,bold,neutral,"{""date"": 1.0}","{""semi-formal"": 1.0}","{""bold"": 1.0}","{""neutral"": 1.0}",train,original
"semi-formal date look that feels exactly like me, no performance just presence",date,semi-formal,no_constraint,soft,"{""date"": 1.0}","{""semi-formal"": 1.0}","{""no_constraint"": 1.0}","{""soft"": 1.0}",train,original
"semi-formal date look that's bright and open, I want to seem like a good time",date,semi-formal,no_constraint,bright,"{""date"": 1.0}","{""semi-formal"": 1.0}","{""no_constraint"": 1.0}","{""bright"": 1.0}",train,original
"semi-formal dark date look, I want to intrigue him without trying to",date,semi-formal,no_constraint,dark,"{""date"": 1.0}","{""semi-formal"": 1.0}","{""no_constraint"": 1.0}","{""dark"": 1.0}",train,original
semi-formal neutral date look that says I have taste and also personality,date,semi-formal,no_constraint,neutral,"{""date"": 1.0}","{""semi-formal"": 1.0}","{""no_constraint"": 1.0}","{""neutral"": 1.0}",train,original
"casual date at an indoor climbing wall, sporty but still clearly made an effort",date,casual,understated,soft,"{""date"": 1.0}","{""casual"": 1.0}","{""understated"": 1.0}","{""soft"": 1.0}",train,original
"casual first date at a beach, pretty and practical, salt and sandals",date,casual,understated,bright,"{""date"": 1.0}","{""casual"": 1.0}","{""understated"": 1.0}","{""bright"": 1.0}",train,original
"casual date at a late night ramen place, cool and low key",date,casual,understated,dark,"{""date"": 1.0}","{""casual"": 1.0}","{""understated"": 1.0}","{""dark"": 1.0}",train,original
casual neutral date look for someone who finds me interesting and I want to stay that way,date,casual,understated,neutral,"{""date"": 1.0}","{""casual"": 1.0}","{""understated"": 1.0}","{""neutral"": 1.0}",train,original
bold casual date look that says I always dress like this and it's not for you specifically,date,casual,bold,soft,"{""date"": 1.0}","{""casual"": 1.0}","{""bold"": 1.0}","{""soft"": 1.0}",train,original
bright bold casual date look for a girl who treats every date like a celebration,date,casual,bold,bright,"{""date"": 1.0}","{""casual"": 1.0}","{""bold"": 1.0}","{""bright"": 1.0}",train,original
"bold dark casual date look, I dress like this anyway and he can take it or leave it",date,casual,bold,dark,"{""date"": 1.0}","{""casual"": 1.0}","{""bold"": 1.0}","{""dark"": 1.0}",train,original
bold neutral casual date look that's confident and grounded and entirely mine,date,casual,bold,neutral,"{""date"": 1.0}","{""casual"": 1.0}","{""bold"": 1.0}","{""neutral"": 1.0}",train,original
"casual date look in soft tones, no rules, just want to feel like myself and be liked for it",date,casual,no_constraint,soft,"{""date"": 1.0}","{""casual"": 1.0}","{""no_constraint"": 1.0}","{""soft"": 1.0}",train,original
"casual bright date look with no agenda, natural and happy",date,casual,no_constraint,bright,"{""date"": 1.0}","{""casual"": 1.0}","{""no_constraint"": 1.0}","{""bright"": 1.0}",train,original
"dark casual date look, completely free, I know what works for me",date,casual,no_constraint,dark,"{""date"": 1.0}","{""casual"": 1.0}","{""no_constraint"": 1.0}","{""dark"": 1.0}",heldout,original
"neutral casual date look with no constraints, I want to look like the best version of my normal self",date,casual,no_constraint,neutral,"{""date"": 1.0}","{""casual"": 1.0}","{""no_constraint"": 1.0}","{""neutral"": 1.0}",train,original
formal elevated everyday casual look for a girl who finds joy in dressing well,casual,formal,understated,soft,"{""casual"": 1.0}","{""formal"": 1.0}","{""understated"": 1.0}","{""soft"": 1.0}",train,original
"bright formal everyday look, elevated and intentional for a completely regular day",casual,formal,bold,bright,"{""casual"": 1.0}","{""formal"": 1.0}","{""bold"": 1.0}","{""bright"": 1.0}",train,original
"dark formal casual everyday look, I take personal style as seriously as anything else",casual,formal,no_constraint,dark,"{""casual"": 1.0}","{""formal"": 1.0}","{""no_constraint"": 1.0}","{""dark"": 1.0}",train,original
"neutral formal casual look, the kind that looks effortless and took real thought",casual,formal,understated,neutral,"{""casual"": 1.0}","{""formal"": 1.0}","{""understated"": 1.0}","{""neutral"": 1.0}",train,original
soft semi-formal casual look for a day off that might turn into something,casual,semi-formal,bold,soft,"{""casual"": 1.0}","{""semi-formal"": 1.0}","{""bold"": 1.0}","{""soft"": 1.0}",train,original
bright semi-formal everyday look for a girl who dresses like she's already arrived,casual,semi-formal,no_constraint,bright,"{""casual"": 1.0}","{""semi-formal"": 1.0}","{""no_constraint"": 1.0}","{""bright"": 1.0}",train,original
dark semi-formal casual look for a leisurely afternoon with high standards,casual,semi-formal,understated,dark,"{""casual"": 1.0}","{""semi-formal"": 1.0}","{""understated"": 1.0}","{""dark"": 1.0}",heldout,original
"neutral semi-formal casual look, elevated and easy and always considered",casual,semi-formal,bold,neutral,"{""casual"": 1.0}","{""semi-formal"": 1.0}","{""bold"": 1.0}","{""neutral"": 1.0}",train,original
"soft truly casual everyday look, comfy and pretty, I still care even on a nothing day",casual,casual,understated,soft,"{""casual"": 1.0}","{""casual"": 1.0}","{""understated"": 1.0}","{""soft"": 1.0}",train,original
"bright casual everyday look, colour makes me happy and that's the whole strategy",casual,casual,bold,bright,"{""casual"": 1.0}","{""casual"": 1.0}","{""bold"": 1.0}","{""bright"": 1.0}",train,original
"dark truly casual everyday look, effortlessly cool, I dress like this naturally",casual,casual,no_constraint,dark,"{""casual"": 1.0}","{""casual"": 1.0}","{""no_constraint"": 1.0}","{""dark"": 1.0}",train,original
"neutral truly casual everyday look, quiet and clean, the most honest version of my style",casual,casual,understated,neutral,"{""casual"": 1.0}","{""casual"": 1.0}","{""understated"": 1.0}","{""neutral"": 1.0}",train,original
formal date at a rooftop restaurant where the city views are part of the evening,date,formal,understated,soft,"{""date"": 1.0}","{""formal"": 1.0}","{""understated"": 1.0}","{""soft"": 1.0}",train,original
bright formal date look for an evening I've thought about every day since it was planned,date,formal,bold,bright,"{""date"": 1.0}","{""formal"": 1.0}","{""bold"": 1.0}","{""bright"": 1.0}",heldout,original
"dark formal date look, I want to look like the most beautiful person he's ever seen",date,formal,no_constraint,dark,"{""date"": 1.0}","{""formal"": 1.0}","{""no_constraint"": 1.0}","{""dark"": 1.0}",train,original
"neutral formal date look, classic and enduring, looks like I've always dressed this well",date,formal,understated,neutral,"{""date"": 1.0}","{""formal"": 1.0}","{""understated"": 1.0}","{""neutral"": 1.0}",train,original
"soft bold formal date look, romantic and powerful, I'm going in with everything",date,formal,bold,soft,"{""date"": 1.0}","{""formal"": 1.0}","{""bold"": 1.0}","{""soft"": 1.0}",train,original
"bright formal date look with no constraints, I want to feel radiant and free",date,formal,no_constraint,bright,"{""date"": 1.0}","{""formal"": 1.0}","{""no_constraint"": 1.0}","{""bright"": 1.0}",train,original
"dark formal date, no constraints, I want to be beautiful in a way that's entirely mine",date,formal,understated,dark,"{""date"": 1.0}","{""formal"": 1.0}","{""understated"": 1.0}","{""dark"": 1.0}",heldout,original
"neutral formal date look with complete freedom, the very best version of who I am",date,formal,bold,neutral,"{""date"": 1.0}","{""formal"": 1.0}","{""bold"": 1.0}","{""neutral"": 1.0}",heldout,original
"soft semi-formal date at a gallery followed by dinner, art and food and great company",date,semi-formal,understated,soft,"{""date"": 1.0}","{""semi-formal"": 1.0}","{""understated"": 1.0}","{""soft"": 1.0}",train,original
bright semi-formal date look for a golden hour evening that deserves to be beautiful,date,semi-formal,bold,bright,"{""date"": 1.0}","{""semi-formal"": 1.0}","{""bold"": 1.0}","{""bright"": 1.0}",heldout,original
"dark semi-formal date look, I want the atmosphere of the night to be in my outfit too",date,semi-formal,no_constraint,dark,"{""date"": 1.0}","{""semi-formal"": 1.0}","{""no_constraint"": 1.0}","{""dark"": 1.0}",train,original
neutral semi-formal date look that's curated and personal and entirely unforgettable,date,semi-formal,understated,neutral,"{""date"": 1.0}","{""semi-formal"": 1.0}","{""understated"": 1.0}","{""neutral"": 1.0}",train,original
"soft bold semi-formal date look, feminine and magnetic for an evening I care about",date,semi-formal,bold,soft,"{""date"": 1.0}","{""semi-formal"": 1.0}","{""bold"": 1.0}","{""soft"": 1.0}",train,original
"bright semi-formal date with no constraints, I want to look like summer feels",date,semi-formal,no_constraint,bright,"{""date"": 1.0}","{""semi-formal"": 1.0}","{""no_constraint"": 1.0}","{""bright"": 1.0}",train,original
"dark semi-formal date look unconstrained, I want to be cool and beautiful simultaneously",date,semi-formal,understated,dark,"{""date"": 1.0}","{""semi-formal"": 1.0}","{""understated"": 1.0}","{""dark"": 1.0}",train,original
"neutral semi-formal date look with full freedom, considered and completely me",date,semi-formal,bold,neutral,"{""date"": 1.0}","{""semi-formal"": 1.0}","{""bold"": 1.0}","{""neutral"": 1.0}",train,original
"soft casual date look, a slow morning coffee date that might turn into the whole day",date,casual,understated,soft,"{""date"": 1.0}","{""casual"": 1.0}","{""understated"": 1.0}","{""soft"": 1.0}",heldout,original
"bright bold casual date look, I'm excited and I want my outfit to say so",date,casual,bold,bright,"{""date"": 1.0}","{""casual"": 1.0}","{""bold"": 1.0}","{""bright"": 1.0}",train,original
"dark casual date look, relaxed and cool, I want him to think I always look like this",date,casual,no_constraint,dark,"{""date"": 1.0}","{""casual"": 1.0}","{""no_constraint"": 1.0}","{""dark"": 1.0}",train,original
"neutral casual date look, the most natural and genuine version of myself",date,casual,understated,neutral,"{""date"": 1.0}","{""casual"": 1.0}","{""understated"": 1.0}","{""neutral"": 1.0}",train,original
"soft bold casual date look, playful and feminine, I'm having fun with this",date,casual,bold,soft,"{""date"": 1.0}","{""casual"": 1.0}","{""bold"": 1.0}","{""soft"": 1.0}",train,original
"bright casual date look with no rules, easy and luminous and completely comfortable",date,casual,no_constraint,bright,"{""date"": 1.0}","{""casual"": 1.0}","{""no_constraint"": 1.0}","{""bright"": 1.0}",train,original
"dark casual date look with zero constraints, effortless in the truest sense",date,casual,understated,dark,"{""date"": 1.0}","{""casual"": 1.0}","{""understated"": 1.0}","{""dark"": 1.0}",heldout,original
"neutral casual date look, no agenda, just want to look exactly like myself",date,casual,bold,neutral,"{""date"": 1.0}","{""casual"": 1.0}","{""bold"": 1.0}","{""neutral"": 1.0}",train,original
"packing for a week in goa, easy breezy outfits for the beach and shacks",vacation,casual,no_constraint,bright,"{""vacation"": 1.0}","{""casual"": 1.0}","{""no_constraint"": 1.0}","{""bright"": 1.0}",train,seed_vacation
"european summer trip, put-together in photos but comfy for walking all day",vacation,casual,understated,neutral,"{""vacation"": 1.0}","{""casual"": 1.0}","{""understated"": 1.0}","{""neutral"": 1.0}",train,seed_vacation
"tropical island honeymoon, romantic soft outfits for sunset dinners",vacation,semi-formal,understated,soft,"{""vacation"": 1.0}","{""semi-formal"": 1.0}","{""understated"": 1.0}","{""soft"": 1.0}",train,seed_vacation
"backpacking through southeast asia, lightweight and practical, nothing precious",vacation,casual,understated,neutral,"{""vacation"": 1.0}","{""casual"": 1.0}","{""understated"": 1.0}","{""neutral"": 1.0}",train,seed_vacation
"cruise vacation, dressier looks for formal nights plus daytime deck wear",vacation,semi-formal,no_constraint,neutral,"{""vacation"": 1.0}","{""semi-formal"": 1.0}","{""no_constraint"": 1.0}","{""neutral"": 1.0}",train,seed_vacation
"road trip across rajasthan, comfortable cotton that handles heat and dust",vacation,casual,understated,bright,"{""vacation"": 1.0}","{""casual"": 1.0}","{""understated"": 1.0}","{""bright"": 1.0}",train,seed_vacation
apres-ski drinks in the lodge after a day on the slopes,vacation,casual,bold,dark,"{""vacation"": 1.0}","{""casual"": 1.0}","{""bold"": 1.0}","{""dark"": 1.0}",train,seed_vacation
"girls trip to bali, instagrammable outfits, lots of colour and print",vacation,casual,bold,bright,"{""vacation"": 1.0}","{""casual"": 1.0}","{""bold"": 1.0}","{""bright"": 1.0}",train,seed_vacation
"family holiday in the hills, cozy layers for cool evenings and light walks",vacation,casual,understated,neutral,"{""vacation"": 1.0}","{""casual"": 1.0}","{""understated"": 1.0}","{""neutral"": 1.0}",train,seed_vacation
"beach club day in mykonos, chic swimwear coverups and gold accessories",vacation,casual,bold,bright,"{""vacation"": 1.0}","{""casual"": 1.0}","{""bold"": 1.0}","{""bright"": 1.0}",train,seed_vacation
"weekend lake house getaway, relaxed cabincore, flannels and denim",vacation,casual,understated,neutral,"{""vacation"": 1.0}","{""casual"": 1.0}","{""understated"": 1.0}","{""neutral"": 1.0}",heldout,seed_vacation
"safari in kenya, khaki and olive practical outfits",vacation,casual,understated,neutral,"{""vacation"": 1.0}","{""casual"": 1.0}","{""understated"": 1.0}","{""neutral"": 1.0}",train,seed_vacation
"long haul flight outfit for a two week trip, comfiest possible but not sloppy",vacation,casual,understated,neutral,"{""vacation"": 1.0}","{""casual"": 1.0}","{""understated"": 1.0}","{""neutral"": 1.0}",train,seed_vacation
"beach vacation with my girls, something fun and colourful",vacation,casual,bold,bright,"{""vacation"": 1.0}","{""casual"": 1.0}","{""bold"": 1.0}","{""bright"": 1.0}",train,seed_vacation
"resort wear for a maldives stay, flowy whites and pastels",vacation,casual,understated,soft,"{""vacation"": 1.0}","{""casual"": 1.0}","{""understated"": 1.0}","{""soft"": 1.0}",train,seed_vacation
"sightseeing in rome all day, cute but walkable, breathable fabrics",vacation,casual,no_constraint,neutral,"{""vacation"": 1.0}","{""casual"": 1.0}","{""no_constraint"": 1.0}","{""neutral"": 1.0}",train,seed_vacation
"poolside lounging on holiday, kaftans and oversized sunglasses",vacation,casual,no_constraint,bright,"{""vacation"": 1.0}","{""casual"": 1.0}","{""no_constraint"": 1.0}","{""bright"": 1.0}",heldout,seed_vacation
"winter escape to the desert, warm days cold nights, layering pieces",vacation,casual,understated,neutral,"{""vacation"": 1.0}","{""casual"": 1.0}","{""understated"": 1.0}","{""neutral"": 1.0}",heldout,seed_vacation
"tropical getaway, breezy linen sets in warm earthy tones",vacation,casual,understated,neutral,"{""vacation"": 1.0}","{""casual"": 1.0}","{""understated"": 1.0}","{""neutral"": 1.0}",train,seed_vacation
"budget interrail trip, three outfits max, everything mixes and matches",vacation,casual,understated,dark,"{""vacation"": 1.0}","{""casual"": 1.0}","{""understated"": 1.0}","{""dark"": 1.0}",train,seed_vacation
"hiking holiday in the alps, moisture wicking layers and a solid shell",vacation,casual,understated,dark,"{""vacation"": 1.0}","{""casual"": 1.0}","{""understated"": 1.0}","{""dark"": 1.0}",train,seed_vacation
"city break in paris, effortless vacation style, striped tops and flats",vacation,casual,understated,neutral,"{""vacation"": 1.0}","{""casual"": 1.0}","{""understated"": 1.0}","{""neutral"": 1.0}",train,seed_vacation
"holiday in a hot country, i burn easily so cover me up but keep it cute",vacation,casual,understated,soft,"{""vacation"": 1.0}","{""casual"": 1.0}","{""understated"": 1.0}","{""soft"": 1.0}",train,seed_vacation
"beach bar hopping on holiday in tulum, boho and golden hour ready",vacation,casual,bold,bright,"{""vacation"": 1.0}","{""casual"": 1.0}","{""bold"": 1.0}","{""bright"": 1.0}",train,seed_vacation
"relaxed coastal holiday, oversized shirts over swimwear",vacation,casual,no_constraint,neutral,"{""vacation"": 1.0}","{""casual"": 1.0}","{""no_constraint"": 1.0}","{""neutral"": 1.0}",train,seed_vacation
"amalfi coast trip, i want that bright vacation glamour",vacation,semi-formal,bold,bright,"{""vacation"": 1.0}","{""semi-formal"": 1.0}","{""bold"": 1.0}","{""bright"": 1.0}",train,seed_vacation
"camping trip, functional and warm, do not care how it looks",vacation,casual,understated,dark,"{""vacation"": 1.0}","{""casual"": 1.0}","{""understated"": 1.0}","{""dark"": 1.0}",train,seed_vacation
"quiet solo retreat by the sea, soft neutral loungewear and linen",vacation,casual,understated,soft,"{""vacation"": 1.0}","{""casual"": 1.0}","{""understated"": 1.0}","{""soft"": 1.0}",train,seed_vacation
"long weekend in lisbon, comfy sneakers and easy dresses",vacation,casual,understated,bright,"{""vacation"": 1.0}","{""casual"": 1.0}","{""understated"": 1.0}","{""bright"": 1.0}",train,seed_vacation
"beach holiday, minimalist capsule, black and white swimwear and one linen shirt",vacation,casual,understated,dark,"{""vacation"": 1.0}","{""casual"": 1.0}","{""understated"": 1.0}","{""dark"": 1.0}",train,seed_vacation
"tropical resort, colourful maximalist prints, the louder the better",vacation,casual,bold,bright,"{""vacation"": 1.0}","{""casual"": 1.0}","{""bold"": 1.0}","{""bright"": 1.0}",train,seed_vacation
"vacation in a cold climate, chunky knits and a good coat for walking around town",vacation,casual,understated,neutral,"{""vacation"": 1.0}","{""casual"": 1.0}","{""understated"": 1.0}","{""neutral"": 1.0}",heldout,seed_vacation
"sailing trip for a few days, non-slip shoes and wind proof layers",vacation,casual,understated,dark,"{""vacation"": 1.0}","{""casual"": 1.0}","{""understated"": 1.0}","{""dark"": 1.0}",train,seed_vacation
"wine country weekend, breezy midi dresses and a hat for the vineyards",vacation,semi-formal,understated,soft,"{""vacation"": 1.0}","{""semi-formal"": 1.0}","{""understated"": 1.0}","{""soft"": 1.0}",train,seed_vacation
"beach day on holiday, just need a good coverup and sandals",vacation,casual,no_constraint,neutral,"{""vacation"": 1.0}","{""casual"": 1.0}","{""no_constraint"": 1.0}","{""neutral"": 1.0}",train,seed_vacation
"two weeks in japan in autumn, walkable layers, muted tones for the cities",vacation,casual,understated,dark,"{""vacation"": 1.0}","{""casual"": 1.0}","{""understated"": 1.0}","{""dark"": 1.0}",heldout,seed_vacation
"holiday in the greek islands, whites and blues, breezy and sun bleached",vacation,casual,understated,soft,"{""vacation"": 1.0}","{""casual"": 1.0}","{""understated"": 1.0}","{""soft"": 1.0}",train,seed_vacation
"mountain cabin trip over new year, warm cosy neutrals by the fire",vacation,casual,understated,neutral,"{""vacation"": 1.0}","{""casual"": 1.0}","{""understated"": 1.0}","{""neutral"": 1.0}",train,seed_vacation
"beach resort, elegant poolside looks, monochrome and gold jewellery",vacation,semi-formal,understated,neutral,"{""vacation"": 1.0}","{""semi-formal"": 1.0}","{""understated"": 1.0}","{""neutral"": 1.0}",train,seed_vacation
"trekking holiday, all technical gear, comfort and function only",vacation,casual,understated,dark,"{""vacation"": 1.0}","{""casual"": 1.0}","{""understated"": 1.0}","{""dark"": 1.0}",train,seed_vacation
"seaside town holiday, nautical stripes and rolled up chinos",vacation,casual,understated,neutral,"{""vacation"": 1.0}","{""casual"": 1.0}","{""understated"": 1.0}","{""neutral"": 1.0}",train,seed_vacation
"hot springs getaway in the snow, robe to pool plus warm outerwear",vacation,casual,no_constraint,neutral,"{""vacation"": 1.0}","{""casual"": 1.0}","{""no_constraint"": 1.0}","{""neutral"": 1.0}",train,seed_vacation
"family beach holiday, practical outfits that survive sand and snacks",vacation,casual,understated,bright,"{""vacation"": 1.0}","{""casual"": 1.0}","{""understated"": 1.0}","{""bright"": 1.0}",train,seed_vacation
"island hopping in the philippines, quick dry everything, salt proof",vacation,casual,no_constraint,bright,"{""vacation"": 1.0}","{""casual"": 1.0}","{""no_constraint"": 1.0}","{""bright"": 1.0}",train,seed_vacation
"desert glamping in morocco, flowing neutrals and a warm layer for night",vacation,casual,understated,neutral,"{""vacation"": 1.0}","{""casual"": 1.0}","{""understated"": 1.0}","{""neutral"": 1.0}",train,seed_vacation
"staycation spa weekend, soft loungewear and slippers energy",vacation,casual,no_constraint,soft,"{""vacation"": 1.0}","{""casual"": 1.0}","{""no_constraint"": 1.0}","{""soft"": 1.0}",train,seed_vacation
"scenic train journey through switzerland, comfy layered neutrals for long days",vacation,casual,understated,neutral,"{""vacation"": 1.0}","{""casual"": 1.0}","{""understated"": 1.0}","{""neutral"": 1.0}",heldout,seed_vacation
"outfits for a trip to goa, breezy and easy for the beach",vacation,casual,no_constraint,bright,"{""vacation"": 1.0}","{""casual"": 1.0}","{""no_constraint"": 1.0}","{""bright"": 1.0}",train,aug_vacation
"goa holiday, i want practical lightweight layers, nothing fancy",vacation,casual,understated,dark,"{""vacation"": 1.0}","{""casual"": 1.0}","{""understated"": 1.0}","{""dark"": 1.0}",train,aug_vacation
"what to pack for bali, comfy for walking around cities all day",vacation,casual,understated,neutral,"{""vacation"": 1.0}","{""casual"": 1.0}","{""understated"": 1.0}","{""neutral"": 1.0}",train,aug_vacation
"going to bali for a week, need bright colourful prints for photos",vacation,casual,bold,bright,"{""vacation"": 1.0}","{""casual"": 1.0}","{""bold"": 1.0}","{""bright"": 1.0}",train,aug_vacation
"greece holiday, i want soft flowy pieces for warm evenings",vacation,semi-formal,understated,soft,"{""vacation"": 1.0}","{""semi-formal"": 1.0}","{""understated"": 1.0}","{""soft"": 1.0}",train,aug_vacation
"vacation in greece, elegant poolside looks with gold accessories",vacation,semi-formal,understated,neutral,"{""vacation"": 1.0}","{""semi-formal"": 1.0}","{""understated"": 1.0}","{""neutral"": 1.0}",train,aug_vacation
"going to italy for a week, need practical lightweight layers, nothing fancy",vacation,casual,understated,dark,"{""vacation"": 1.0}","{""casual"": 1.0}","{""understated"": 1.0}","{""dark"": 1.0}",train,aug_vacation
"outfits for a trip to italy, cosy warm neutrals for cool nights",vacation,casual,understated,neutral,"{""vacation"": 1.0}","{""casual"": 1.0}","{""understated"": 1.0}","{""neutral"": 1.0}",train,aug_vacation
"vacation in thailand, bright colourful prints for photos",vacation,casual,bold,bright,"{""vacation"": 1.0}","{""casual"": 1.0}","{""bold"": 1.0}","{""bright"": 1.0}",train,aug_vacation
"what to pack for thailand, minimal black and white capsule",vacation,casual,understated,dark,"{""vacation"": 1.0}","{""casual"": 1.0}","{""understated"": 1.0}","{""dark"": 1.0}",train,aug_vacation
"outfits for a trip to portugal, elegant poolside looks with gold accessories",vacation,semi-formal,understated,neutral,"{""vacation"": 1.0}","{""semi-formal"": 1.0}","{""understated"": 1.0}","{""neutral"": 1.0}",train,aug_vacation
"portugal holiday, i want breezy and easy for the beach",vacation,casual,no_constraint,bright,"{""vacation"": 1.0}","{""casual"": 1.0}","{""no_constraint"": 1.0}","{""bright"": 1.0}",train,aug_vacation
"what to pack for mexico, cosy warm neutrals for cool nights",vacation,casual,understated,neutral,"{""vacation"": 1.0}","{""casual"": 1.0}","{""understated"": 1.0}","{""neutral"": 1.0}",train,aug_vacation
"going to mexico for a week, need comfy for walking around cities all day",vacation,casual,understated,neutral,"{""vacation"": 1.0}","{""casual"": 1.0}","{""understated"": 1.0}","{""neutral"": 1.0}",train,aug_vacation
"morocco holiday, i want minimal black and white capsule",vacation,casual,understated,dark,"{""vacation"": 1.0}","{""casual"": 1.0}","{""understated"": 1.0}","{""dark"": 1.0}",train,aug_vacation
"vacation in morocco, soft flowy pieces for warm evenings",vacation,semi-formal,understated,soft,"{""vacation"": 1.0}","{""semi-formal"": 1.0}","{""understated"": 1.0}","{""soft"": 1.0}",train,aug_vacation
"going to vietnam for a week, need breezy and easy for the beach",vacation,casual,no_constraint,bright,"{""vacation"": 1.0}","{""casual"": 1.0}","{""no_constraint"": 1.0}","{""bright"": 1.0}",train,aug_vacation
"outfits for a trip to vietnam, practical lightweight layers, nothing fancy",vacation,casual,understated,dark,"{""vacation"": 1.0}","{""casual"": 1.0}","{""understated"": 1.0}","{""dark"": 1.0}",train,aug_vacation
"vacation in sri lanka, comfy for walking around cities all day",vacation,casual,understated,neutral,"{""vacation"": 1.0}","{""casual"": 1.0}","{""understated"": 1.0}","{""neutral"": 1.0}",train,aug_vacation
"what to pack for sri lanka, bright colourful prints for photos",vacation,casual,bold,bright,"{""vacation"": 1.0}","{""casual"": 1.0}","{""bold"": 1.0}","{""bright"": 1.0}",train,aug_vacation
"outfits for a trip to the maldives, soft flowy pieces for warm evenings",vacation,semi-formal,understated,soft,"{""vacation"": 1.0}","{""semi-formal"": 1.0}","{""understated"": 1.0}","{""soft"": 1.0}",train,aug_vacation
"the maldives holiday, i want elegant poolside looks with gold accessories",vacation,semi-formal,understated,neutral,"{""vacation"": 1.0}","{""semi-formal"": 1.0}","{""understated"": 1.0}","{""neutral"": 1.0}",train,aug_vacation
"what to pack for croatia, practical lightweight layers, nothing fancy",vacation,casual,understated,dark,"{""vacation"": 1.0}","{""casual"": 1.0}","{""understated"": 1.0}","{""dark"": 1.0}",train,aug_vacation
"going to croatia for a week, need cosy warm neutrals for cool nights",vacation,casual,understated,neutral,"{""vacation"": 1.0}","{""casual"": 1.0}","{""understated"": 1.0}","{""neutral"": 1.0}",train,aug_vacation
"spain holiday, i want bright colourful prints for photos",vacation,casual,bold,bright,"{""vacation"": 1.0}","{""casual"": 1.0}","{""bold"": 1.0}","{""bright"": 1.0}",train,aug_vacation
"vacation in spain, minimal black and white capsule",vacation,casual,understated,dark,"{""vacation"": 1.0}","{""casual"": 1.0}","{""understated"": 1.0}","{""dark"": 1.0}",train,aug_vacation
"going to turkey for a week, need elegant poolside looks with gold accessories",vacation,semi-formal,understated,neutral,"{""vacation"": 1.0}","{""semi-formal"": 1.0}","{""understated"": 1.0}","{""neutral"": 1.0}",train,aug_vacation
"outfits for a trip to turkey, breezy and easy for the beach",vacation,casual,no_constraint,bright,"{""vacation"": 1.0}","{""casual"": 1.0}","{""no_constraint"": 1.0}","{""bright"": 1.0}",train,aug_vacation
"vacation in dubai, cosy warm neutrals for cool nights",vacation,casual,understated,neutral,"{""vacation"": 1.0}","{""casual"": 1.0}","{""understated"": 1.0}","{""neutral"": 1.0}",train,aug_vacation
"what to pack for dubai, comfy for walking around cities all day",vacation,casual,understated,neutral,"{""vacation"": 1.0}","{""casual"": 1.0}","{""understated"": 1.0}","{""neutral"": 1.0}",train,aug_vacation
"outfits for a trip to kerala, minimal black and white capsule",vacation,casual,understated,dark,"{""vacation"": 1.0}","{""casual"": 1.0}","{""understated"": 1.0}","{""dark"": 1.0}",train,aug_vacation
"kerala holiday, i want soft flowy pieces for warm evenings",vacation,semi-formal,understated,soft,"{""vacation"": 1.0}","{""semi-formal"": 1.0}","{""understated"": 1.0}","{""soft"": 1.0}",train,aug_vacation
"what to pack for the andamans, breezy and easy for the beach",vacation,casual,no_constraint,bright,"{""vacation"": 1.0}","{""casual"": 1.0}","{""no_constraint"": 1.0}","{""bright"": 1.0}",train,aug_vacation
"going to the andamans for a week, need practical lightweight layers, nothing fancy",vacation,casual,understated,dark,"{""vacation"": 1.0}","{""casual"": 1.0}","{""understated"": 1.0}","{""dark"": 1.0}",train,aug_vacation
"coorg holiday, i want comfy for walking around cities all day",vacation,casual,understated,neutral,"{""vacation"": 1.0}","{""casual"": 1.0}","{""understated"": 1.0}","{""neutral"": 1.0}",train,aug_vacation
"vacation in coorg, bright colourful prints for photos",vacation,casual,bold,bright,"{""vacation"": 1.0}","{""casual"": 1.0}","{""bold"": 1.0}","{""bright"": 1.0}",train,aug_vacation
"going to the alps for a week, need soft flowy pieces for warm evenings",vacation,semi-formal,understated,soft,"{""vacation"": 1.0}","{""semi-formal"": 1.0}","{""understated"": 1.0}","{""soft"": 1.0}",train,aug_vacation
"outfits for a trip to the alps, elegant poolside looks with gold accessories",vacation,semi-formal,understated,neutral,"{""vacation"": 1.0}","{""semi-formal"": 1.0}","{""understated"": 1.0}","{""neutral"": 1.0}",train,aug_vacation
"vacation in iceland, practical lightweight layers, nothing fancy",vacation,casual,understated,dark,"{""vacation"": 1.0}","{""casual"": 1.0}","{""understated"": 1.0}","{""dark"": 1.0}",train,aug_vacation
"what to pack for iceland, cosy warm neutrals for cool nights",vacation,casual,understated,neutral,"{""vacation"": 1.0}","{""casual"": 1.0}","{""understated"": 1.0}","{""neutral"": 1.0}",train,aug_vacation
"outfits for a trip to norway, bright colourful prints for photos",vacation,casual,bold,bright,"{""vacation"": 1.0}","{""casual"": 1.0}","{""bold"": 1.0}","{""bright"": 1.0}",train,aug_vacation
"norway holiday, i want minimal black and white capsule",vacation,casual,understated,dark,"{""vacation"": 1.0}","{""casual"": 1.0}","{""understated"": 1.0}","{""dark"": 1.0}",train,aug_vacation
"what to pack for a lake house, elegant poolside looks with gold accessories",vacation,semi-formal,understated,neutral,"{""vacation"": 1.0}","{""semi-formal"": 1.0}","{""understated"": 1.0}","{""neutral"": 1.0}",train,aug_vacation
"going to a lake house for a week, need breezy and easy for the beach",vacation,casual,no_constraint,bright,"{""vacation"": 1.0}","{""casual"": 1.0}","{""no_constraint"": 1.0}","{""bright"": 1.0}",train,aug_vacation
"the countryside holiday, i want cosy warm neutrals for cool nights",vacation,casual,understated,neutral,"{""vacation"": 1.0}","{""casual"": 1.0}","{""understated"": 1.0}","{""neutral"": 1.0}",train,aug_vacation
"vacation in the countryside, comfy for walking around cities all day",vacation,casual,understated,neutral,"{""vacation"": 1.0}","{""casual"": 1.0}","{""understated"": 1.0}","{""neutral"": 1.0}",train,aug_vacation
"going to a beach town for a week, need minimal black and white capsule",vacation,casual,understated,dark,"{""vacation"": 1.0}","{""casual"": 1.0}","{""understated"": 1.0}","{""dark"": 1.0}",train,aug_vacation
"outfits for a trip to a beach town, soft flowy pieces for warm evenings",vacation,semi-formal,understated,soft,"{""vacation"": 1.0}","{""semi-formal"": 1.0}","{""understated"": 1.0}","{""soft"": 1.0}",train,aug_vacation
"vacation in a hill station, breezy and easy for the beach",vacation,casual,no_constraint,bright,"{""vacation"": 1.0}","{""casual"": 1.0}","{""no_constraint"": 1.0}","{""bright"": 1.0}",train,aug_vacation
"what to pack for a hill station, practical lightweight layers, nothing fancy",vacation,casual,understated,dark,"{""vacation"": 1.0}","{""casual"": 1.0}","{""understated"": 1.0}","{""dark"": 1.0}",train,aug_vacation
"outfits for a trip to a desert camp, comfy for walking around cities all day",vacation,casual,understated,neutral,"{""vacation"": 1.0}","{""casual"": 1.0}","{""understated"": 1.0}","{""neutral"": 1.0}",train,aug_vacation
"a desert camp holiday, i want bright colourful prints for photos",vacation,casual,bold,bright,"{""vacation"": 1.0}","{""casual"": 1.0}","{""bold"": 1.0}","{""bright"": 1.0}",train,aug_vacation
"help - packing for a week in goa, easy breezy outfits for the beach and shacks help pls",vacation,casual,no_constraint,bright,"{""vacation"": 1.0}","{""casual"": 1.0}","{""no_constraint"": 1.0}","{""bright"": 1.0}",train,aug_vacation
"hey, european summer trip, put-together in photos but comfy for walking all day tia",vacation,casual,understated,neutral,"{""vacation"": 1.0}","{""casual"": 1.0}","{""understated"": 1.0}","{""neutral"": 1.0}",train,aug_vacation
"hi - tropical island honeymoon, romantic soft outfits for sunset dinners",vacation,semi-formal,understated,soft,"{""vacation"": 1.0}","{""semi-formal"": 1.0}","{""understated"": 1.0}","{""soft"": 1.0}",train,aug_vacation
"ok so backpacking through southeast asia, lightweight and practical, nothing precious any ideas?",vacation,casual,understated,neutral,"{""vacation"": 1.0}","{""casual"": 1.0}","{""understated"": 1.0}","{""neutral"": 1.0}",train,aug_vacation
"need advice, cruise vacation, dressier looks for formal nights plus daytime deck wear what should i wear",vacation,semi-formal,no_constraint,neutral,"{""vacation"": 1.0}","{""semi-formal"": 1.0}","{""no_constraint"": 1.0}","{""neutral"": 1.0}",train,aug_vacation
"road trip across rajasthan, comfortable cotton that handles heat and dust ideas welcome",vacation,casual,understated,bright,"{""vacation"": 1.0}","{""casual"": 1.0}","{""understated"": 1.0}","{""bright"": 1.0}",train,aug_vacation
quick one: apres-ski drinks in the lodge after a day on the slopes thanks,vacation,casual,bold,dark,"{""vacation"": 1.0}","{""casual"": 1.0}","{""bold"": 1.0}","{""dark"": 1.0}",train,aug_vacation
"so girls trip to bali, instagrammable outfits, lots of colour and print help pls",vacation,casual,bold,bright,"{""vacation"": 1.0}","{""casual"": 1.0}","{""bold"": 1.0}","{""bright"": 1.0}",train,aug_vacation
"help - family holiday in the hills, cozy layers for cool evenings and light walks tia",vacation,casual,understated,neutral,"{""vacation"": 1.0}","{""casual"": 1.0}","{""understated"": 1.0}","{""neutral"": 1.0}",train,aug_vacation
"hey, beach club day in mykonos, chic swimwear coverups and gold accessories",vacation,casual,bold,bright,"{""vacation"": 1.0}","{""casual"": 1.0}","{""bold"": 1.0}","{""bright"": 1.0}",train,aug_vacation
"hi - weekend lake house getaway, relaxed cabincore, flannels and denim any ideas?",vacation,casual,understated,neutral,"{""vacation"": 1.0}","{""casual"": 1.0}","{""understated"": 1.0}","{""neutral"": 1.0}",train,aug_vacation
"ok so safari in kenya, khaki and olive practical outfits what should i wear",vacation,casual,understated,neutral,"{""vacation"": 1.0}","{""casual"": 1.0}","{""understated"": 1.0}","{""neutral"": 1.0}",train,aug_vacation
"need advice, long haul flight outfit for a two week trip, comfiest possible but not sloppy ideas welcome",vacation,casual,understated,neutral,"{""vacation"": 1.0}","{""casual"": 1.0}","{""understated"": 1.0}","{""neutral"": 1.0}",train,aug_vacation
"beach vacation with my girls, something fun and colourful thanks",vacation,casual,bold,bright,"{""vacation"": 1.0}","{""casual"": 1.0}","{""bold"": 1.0}","{""bright"": 1.0}",train,aug_vacation
"quick one: resort wear for a maldives stay, flowy whites and pastels help pls",vacation,casual,understated,soft,"{""vacation"": 1.0}","{""casual"": 1.0}","{""understated"": 1.0}","{""soft"": 1.0}",train,aug_vacation
"so sightseeing in rome all day, cute but walkable, breathable fabrics tia",vacation,casual,no_constraint,neutral,"{""vacation"": 1.0}","{""casual"": 1.0}","{""no_constraint"": 1.0}","{""neutral"": 1.0}",train,aug_vacation
"help - poolside lounging on holiday, kaftans and oversized sunglasses",vacation,casual,no_constraint,bright,"{""vacation"": 1.0}","{""casual"": 1.0}","{""no_constraint"": 1.0}","{""bright"": 1.0}",train,aug_vacation
"hey, winter escape to the desert, warm days cold nights, layering pieces any ideas?",vacation,casual,understated,neutral,"{""vacation"": 1.0}","{""casual"": 1.0}","{""understated"": 1.0}","{""neutral"": 1.0}",train,aug_vacation
"hi - tropical getaway, breezy linen sets in warm earthy tones what should i wear",vacation,casual,understated,neutral,"{""vacation"": 1.0}","{""casual"": 1.0}","{""understated"": 1.0}","{""neutral"": 1.0}",train,aug_vacation
"ok so budget interrail trip, three outfits max, everything mixes and matches ideas welcome",vacation,casual,understated,dark,"{""vacation"": 1.0}","{""casual"": 1.0}","{""understated"": 1.0}","{""dark"": 1.0}",train,aug_vacation
"need advice, hiking holiday in the alps, moisture wicking layers and a solid shell thanks",vacation,casual,understated,dark,"{""vacation"": 1.0}","{""casual"": 1.0}","{""understated"": 1.0}","{""dark"": 1.0}",train,aug_vacation
"city break in paris, effortless vacation style, striped tops and flats help pls",vacation,casual,understated,neutral,"{""vacation"": 1.0}","{""casual"": 1.0}","{""understated"": 1.0}","{""neutral"": 1.0}",train,aug_vacation
"quick one: holiday in a hot country, i burn easily so cover me up but keep it cute tia",vacation,casual,understated,soft,"{""vacation"": 1.0}","{""casual"": 1.0}","{""understated"": 1.0}","{""soft"": 1.0}",train,aug_vacation
"so beach bar hopping on holiday in tulum, boho and golden hour ready",vacation,casual,bold,bright,"{""vacation"": 1.0}","{""casual"": 1.0}","{""bold"": 1.0}","{""bright"": 1.0}",train,aug_vacation
"help - relaxed coastal holiday, oversized shirts over swimwear any ideas?",vacation,casual,no_constraint,neutral,"{""vacation"": 1.0}","{""casual"": 1.0}","{""no_constraint"": 1.0}","{""neutral"": 1.0}",train,aug_vacation
"hey, amalfi coast trip, i want that bright vacation glamour what should i wear",vacation,semi-formal,bold,bright,"{""vacation"": 1.0}","{""semi-formal"": 1.0}","{""bold"": 1.0}","{""bright"": 1.0}",train,aug_vacation
"hi - camping trip, functional and warm, do not care how it looks ideas welcome",vacation,casual,understated,dark,"{""vacation"": 1.0}","{""casual"": 1.0}","{""understated"": 1.0}","{""dark"": 1.0}",train,aug_vacation
"ok so quiet solo retreat by the sea, soft neutral loungewear and linen thanks",vacation,casual,understated,soft,"{""vacation"": 1.0}","{""casual"": 1.0}","{""understated"": 1.0}","{""soft"": 1.0}",train,aug_vacation
"need advice, long weekend in lisbon, comfy sneakers and easy dresses help pls",vacation,casual,understated,bright,"{""vacation"": 1.0}","{""casual"": 1.0}","{""understated"": 1.0}","{""bright"": 1.0}",train,aug_vacation
"beach holiday, minimalist capsule, black and white swimwear and one linen shirt tia",vacation,casual,understated,dark,"{""vacation"": 1.0}","{""casual"": 1.0}","{""understated"": 1.0}","{""dark"": 1.0}",train,aug_vacation
"quick one: tropical resort, colourful maximalist prints, the louder the better",vacation,casual,bold,bright,"{""vacation"": 1.0}","{""casual"": 1.0}","{""bold"": 1.0}","{""bright"": 1.0}",train,aug_vacation
"so vacation in a cold climate, chunky knits and a good coat for walking around town any ideas?",vacation,casual,understated,neutral,"{""vacation"": 1.0}","{""casual"": 1.0}","{""understated"": 1.0}","{""neutral"": 1.0}",train,aug_vacation
"help - sailing trip for a few days, non-slip shoes and wind proof layers what should i wear",vacation,casual,understated,dark,"{""vacation"": 1.0}","{""casual"": 1.0}","{""understated"": 1.0}","{""dark"": 1.0}",train,aug_vacation
"hey, wine country weekend, breezy midi dresses and a hat for the vineyards ideas welcome",vacation,semi-formal,understated,soft,"{""vacation"": 1.0}","{""semi-formal"": 1.0}","{""understated"": 1.0}","{""soft"": 1.0}",train,aug_vacation
"hi - beach day on holiday, just need a good coverup and sandals thanks",vacation,casual,no_constraint,neutral,"{""vacation"": 1.0}","{""casual"": 1.0}","{""no_constraint"": 1.0}","{""neutral"": 1.0}",train,aug_vacation
"ok so two weeks in japan in autumn, walkable layers, muted tones for the cities help pls",vacation,casual,understated,dark,"{""vacation"": 1.0}","{""casual"": 1.0}","{""understated"": 1.0}","{""dark"": 1.0}",train,aug_vacation
"need advice, holiday in the greek islands, whites and blues, breezy and sun bleached tia",vacation,casual,understated,soft,"{""vacation"": 1.0}","{""casual"": 1.0}","{""understated"": 1.0}","{""soft"": 1.0}",train,aug_vacation
"quick one: beach resort, elegant poolside looks, monochrome and gold jewellery any ideas?",vacation,semi-formal,understated,neutral,"{""vacation"": 1.0}","{""semi-formal"": 1.0}","{""understated"": 1.0}","{""neutral"": 1.0}",train,aug_vacation
"so trekking holiday, all technical gear, comfort and function only what should i wear",vacation,casual,understated,dark,"{""vacation"": 1.0}","{""casual"": 1.0}","{""understated"": 1.0}","{""dark"": 1.0}",train,aug_vacation
"help - seaside town holiday, nautical stripes and rolled up chinos ideas welcome",vacation,casual,understated,neutral,"{""vacation"": 1.0}","{""casual"": 1.0}","{""understated"": 1.0}","{""neutral"": 1.0}",train,aug_vacation
"hey, hot springs getaway in the snow, robe to pool plus warm outerwear thanks",vacation,casual,no_constraint,neutral,"{""vacation"": 1.0}","{""casual"": 1.0}","{""no_constraint"": 1.0}","{""neutral"": 1.0}",train,aug_vacation
"hi - family beach holiday, practical outfits that survive sand and snacks help pls",vacation,casual,understated,bright,"{""vacation"": 1.0}","{""casual"": 1.0}","{""understated"": 1.0}","{""bright"": 1.0}",train,aug_vacation
"ok so island hopping in the philippines, quick dry everything, salt proof tia",vacation,casual,no_constraint,bright,"{""vacation"": 1.0}","{""casual"": 1.0}","{""no_constraint"": 1.0}","{""bright"": 1.0}",train,aug_vacation
"need advice, desert glamping in morocco, flowing neutrals and a warm layer for night",vacation,casual,understated,neutral,"{""vacation"": 1.0}","{""casual"": 1.0}","{""understated"": 1.0}","{""neutral"": 1.0}",train,aug_vacation
"staycation spa weekend, soft loungewear and slippers energy any ideas?",vacation,casual,no_constraint,soft,"{""vacation"": 1.0}","{""casual"": 1.0}","{""no_constraint"": 1.0}","{""soft"": 1.0}",train,aug_vacation
"quick one: scenic train journey through switzerland, comfy layered neutrals for long days what should i wear",vacation,casual,understated,neutral,"{""vacation"": 1.0}","{""casual"": 1.0}","{""understated"": 1.0}","{""neutral"": 1.0}",train,aug_vacation
"it is a birthday, i want something party style but a little casual",party,casual,bold,bright,"{""casual"": 0.3, ""party"": 0.7}","{""casual"": 0.6, ""semi-formal"": 0.4}","{""bold"": 0.5, ""no_constraint"": 0.5}","{""bright"": 1.0}",train,seed_blend
"office party, mostly work appropriate but slightly festive",office,semi-formal,understated,neutral,"{""office"": 0.6, ""party"": 0.4}","{""casual"": 0.1, ""formal"": 0.3, ""semi-formal"": 0.6}","{""bold"": 0.4, ""understated"": 0.6}","{""bright"": 0.4, ""neutral"": 0.6}",train,seed_blend
rooftop date but a bit party since friends join later,date,semi-formal,bold,dark,"{""date"": 0.6, ""party"": 0.4}","{""casual"": 0.3, ""semi-formal"": 0.7}","{""bold"": 0.5, ""understated"": 0.5}","{""bright"": 0.4, ""dark"": 0.6}",train,seed_blend
"beach wedding guest, formal-ish but breezy for the sand",wedding,semi-formal,understated,soft,"{""vacation"": 0.25, ""wedding"": 0.75}","{""formal"": 0.4, ""semi-formal"": 0.6}","{""no_constraint"": 0.4, ""understated"": 0.6}","{""bright"": 0.4, ""soft"": 0.6}",heldout,seed_blend
"work drinks straight after the office, professional but a little going-out",office,semi-formal,understated,dark,"{""office"": 0.55, ""party"": 0.45}","{""casual"": 0.2, ""formal"": 0.2, ""semi-formal"": 0.6}","{""bold"": 0.45, ""understated"": 0.55}","{""dark"": 1.0}",train,seed_blend
"casual friday but there is a client lunch, smart but relaxed",office,semi-formal,understated,neutral,"{""casual"": 0.3, ""office"": 0.7}","{""casual"": 0.4, ""semi-formal"": 0.6}","{""understated"": 1.0}","{""neutral"": 1.0}",train,seed_blend
"engagement party for close friends, dressy but fun and danceable",party,semi-formal,bold,bright,"{""party"": 0.6, ""wedding"": 0.4}","{""formal"": 0.3, ""semi-formal"": 0.7}","{""bold"": 0.55, ""no_constraint"": 0.45}","{""bright"": 1.0}",train,seed_blend
"first date at a nice restaurant, elegant but not like i tried too hard",date,semi-formal,understated,neutral,"{""date"": 1.0}","{""casual"": 0.4, ""semi-formal"": 0.6}","{""no_constraint"": 0.3, ""understated"": 0.7}","{""dark"": 0.4, ""neutral"": 0.6}",heldout,seed_blend
"birthday dinner then a club, needs to work for both",party,semi-formal,bold,dark,"{""date"": 0.35, ""party"": 0.65}","{""casual"": 0.45, ""semi-formal"": 0.55}","{""bold"": 0.6, ""understated"": 0.4}","{""dark"": 1.0}",train,seed_blend
"holiday but there is one fancy dinner, mostly beach with one dressy look",vacation,casual,understated,bright,"{""date"": 0.3, ""vacation"": 0.7}","{""casual"": 0.6, ""semi-formal"": 0.4}","{""no_constraint"": 0.4, ""understated"": 0.6}","{""bright"": 0.5, ""soft"": 0.5}",heldout,seed_blend
"cousin's mehndi, festive and colourful but comfortable to sit on the floor",wedding,semi-formal,bold,bright,"{""party"": 0.2, ""wedding"": 0.8}","{""casual"": 0.4, ""semi-formal"": 0.6}","{""bold"": 0.6, ""no_constraint"": 0.4}","{""bright"": 1.0}",train,seed_blend
"sunday brunch with the girls, cute and a little dressy but still casual",casual,casual,no_constraint,bright,"{""casual"": 0.6, ""party"": 0.4}","{""casual"": 0.6, ""semi-formal"": 0.4}","{""bold"": 0.4, ""no_constraint"": 0.6}","{""bright"": 1.0}",train,seed_blend
"date night but we are just walking and getting coffee, pretty but low effort",date,casual,understated,neutral,"{""date"": 1.0}","{""casual"": 1.0}","{""no_constraint"": 0.3, ""understated"": 0.7}","{""neutral"": 0.5, ""soft"": 0.5}",heldout,seed_blend
"office but there is a photoshoot for the website, polished and a bit bold",office,formal,bold,bright,"{""office"": 1.0}","{""formal"": 0.5, ""semi-formal"": 0.5}","{""bold"": 0.6, ""understated"": 0.4}","{""bright"": 0.5, ""neutral"": 0.5}",train,seed_blend
"new year's eve house party, glam but i still have to help host",party,semi-formal,bold,dark,"{""party"": 1.0}","{""casual"": 0.4, ""semi-formal"": 0.6}","{""bold"": 0.7, ""no_constraint"": 0.3}","{""dark"": 1.0}",train,seed_blend
"diwali party at a relative's, traditional-ish but modern and not too flashy",party,semi-formal,understated,bright,"{""party"": 0.6, ""wedding"": 0.4}","{""formal"": 0.3, ""semi-formal"": 0.7}","{""bold"": 0.45, ""understated"": 0.55}","{""bright"": 1.0}",train,seed_blend
"beach holiday with a boat party one afternoon, mostly relaxed one loud look",vacation,casual,bold,bright,"{""party"": 0.35, ""vacation"": 0.65}","{""casual"": 1.0}","{""bold"": 0.5, ""no_constraint"": 0.5}","{""bright"": 1.0}",heldout,seed_blend
"client dinner, formal but the restaurant is trendy so not stuffy",office,formal,understated,dark,"{""date"": 0.4, ""office"": 0.6}","{""formal"": 0.55, ""semi-formal"": 0.45}","{""understated"": 1.0}","{""dark"": 1.0}",train,seed_blend
"friend's birthday picnic in the park, casual but photo-ready",casual,casual,no_constraint,bright,"{""casual"": 0.6, ""party"": 0.4}","{""casual"": 1.0}","{""no_constraint"": 0.6, ""understated"": 0.4}","{""bright"": 0.6, ""soft"": 0.4}",train,seed_blend
"cocktail hour at a wedding, dressy and a bit bold but still guest-appropriate",wedding,semi-formal,bold,bright,"{""wedding"": 1.0}","{""formal"": 0.4, ""semi-formal"": 0.6}","{""bold"": 0.55, ""understated"": 0.45}","{""bright"": 0.5, ""dark"": 0.5}",train,seed_blend
"work conference, professional but i am presenting so a little statement",office,formal,bold,neutral,"{""office"": 1.0}","{""formal"": 0.6, ""semi-formal"": 0.4}","{""bold"": 0.55, ""understated"": 0.45}","{""bright"": 0.4, ""neutral"": 0.6}",train,seed_blend
"date at an art gallery opening, creative and elevated but comfortable",date,semi-formal,bold,dark,"{""date"": 0.6, ""party"": 0.4}","{""casual"": 0.3, ""semi-formal"": 0.7}","{""bold"": 0.5, ""understated"": 0.5}","{""dark"": 1.0}",train,seed_blend
"sister's roka, intimate family function, understated festive",wedding,semi-formal,understated,soft,"{""party"": 0.3, ""wedding"": 0.7}","{""formal"": 0.35, ""semi-formal"": 0.65}","{""understated"": 1.0}","{""bright"": 0.4, ""soft"": 0.6}",train,seed_blend
"team offsite dinner, smart casual, relaxed but not scruffy",office,semi-formal,understated,neutral,"{""casual"": 0.45, ""office"": 0.55}","{""casual"": 0.4, ""semi-formal"": 0.6}","{""understated"": 1.0}","{""neutral"": 1.0}",heldout,seed_blend
house party but mostly close friends so comfy-glam,party,casual,bold,dark,"{""casual"": 0.3, ""party"": 0.7}","{""casual"": 1.0}","{""bold"": 0.5, ""no_constraint"": 0.5}","{""dark"": 1.0}",train,seed_blend
"valentine's dinner, romantic and a little dressy, soft not sexy",date,semi-formal,understated,soft,"{""date"": 1.0}","{""casual"": 0.4, ""semi-formal"": 0.6}","{""bold"": 0.3, ""understated"": 0.7}","{""soft"": 1.0}",train,seed_blend
"farewell drinks for a colleague, office-to-bar, sentimental not wild",office,semi-formal,understated,neutral,"{""office"": 0.5, ""party"": 0.5}","{""casual"": 0.4, ""semi-formal"": 0.6}","{""bold"": 0.4, ""understated"": 0.6}","{""neutral"": 1.0}",train,seed_blend
"beach vacation but we have dinner reservations most nights, need range",vacation,casual,no_constraint,bright,"{""date"": 0.4, ""vacation"": 0.6}","{""casual"": 0.55, ""semi-formal"": 0.45}","{""no_constraint"": 0.5, ""understated"": 0.5}","{""bright"": 0.5, ""soft"": 0.5}",train,seed_blend
"birthday brunch then shopping, cute comfortable and a bit festive",casual,casual,no_constraint,bright,"{""casual"": 0.55, ""party"": 0.45}","{""casual"": 1.0}","{""bold"": 0.4, ""no_constraint"": 0.6}","{""bright"": 1.0}",train,seed_blend
"work event at a museum, business formal but with personality",office,formal,understated,dark,"{""office"": 1.0}","{""formal"": 0.6, ""semi-formal"": 0.4}","{""bold"": 0.45, ""understated"": 0.55}","{""dark"": 1.0}",train,seed_blend
"casual engagement dinner at home, festive but relaxed",wedding,casual,no_constraint,bright,"{""casual"": 0.45, ""wedding"": 0.55}","{""casual"": 0.6, ""semi-formal"": 0.4}","{""no_constraint"": 0.6, ""understated"": 0.4}","{""bright"": 0.5, ""soft"": 0.5}",heldout,seed_blend
clubbing for a birthday but the theme is all black elegant,party,semi-formal,bold,dark,"{""party"": 1.0}","{""casual"": 0.4, ""semi-formal"": 0.6}","{""bold"": 0.5, ""understated"": 0.5}","{""dark"": 1.0}",train,seed_blend
"office holiday lunch, festive knitwear territory, cosy but neat",office,semi-formal,understated,bright,"{""office"": 0.6, ""party"": 0.4}","{""casual"": 0.4, ""semi-formal"": 0.6}","{""understated"": 1.0}","{""bright"": 0.5, ""neutral"": 0.5}",train,seed_blend
"date at a live gig, edgy and fun but i still want to look nice",date,casual,bold,dark,"{""date"": 0.5, ""party"": 0.5}","{""casual"": 1.0}","{""bold"": 0.65, ""understated"": 0.35}","{""dark"": 1.0}",train,seed_blend
"sangeet night, high energy dance floor, bold colour and movement",wedding,semi-formal,bold,bright,"{""party"": 0.4, ""wedding"": 0.6}","{""formal"": 0.4, ""semi-formal"": 0.6}","{""bold"": 1.0}","{""bright"": 1.0}",train,seed_blend
"smart casual networking breakfast, approachable but credible",office,semi-formal,understated,neutral,"{""office"": 1.0}","{""casual"": 0.35, ""semi-formal"": 0.65}","{""understated"": 1.0}","{""neutral"": 1.0}",train,seed_blend
"beach club party on holiday, glam swimwear to cocktails",party,casual,bold,bright,"{""party"": 0.5, ""vacation"": 0.5}","{""casual"": 1.0}","{""bold"": 0.6, ""no_constraint"": 0.4}","{""bright"": 1.0}",train,seed_blend
"quiet birthday dinner with parents, nice but modest",date,semi-formal,understated,neutral,"{""date"": 0.5, ""party"": 0.5}","{""casual"": 0.4, ""semi-formal"": 0.6}","{""understated"": 1.0}","{""neutral"": 0.6, ""soft"": 0.4}",train,seed_blend
"work from home but a video shoot at 3, presentable and a bit polished",office,casual,understated,neutral,"{""office"": 1.0}","{""casual"": 0.5, ""semi-formal"": 0.5}","{""understated"": 1.0}","{""neutral"": 1.0}",train,seed_blend
"reception after a registry wedding, celebratory but low key",wedding,semi-formal,no_constraint,bright,"{""wedding"": 1.0}","{""casual"": 0.4, ""semi-formal"": 0.6}","{""no_constraint"": 0.6, ""understated"": 0.4}","{""bright"": 0.5, ""soft"": 0.5}",train,seed_blend
"date turned group hang, cute but not too date-y now that it is friends",date,casual,understated,neutral,"{""casual"": 0.35, ""date"": 0.45, ""party"": 0.2}","{""casual"": 1.0}","{""no_constraint"": 0.4, ""understated"": 0.6}","{""neutral"": 1.0}",train,seed_blend
festive office party but i am leaving early for a real party after,party,semi-formal,bold,dark,"{""office"": 0.4, ""party"": 0.6}","{""casual"": 0.4, ""semi-formal"": 0.6}","{""bold"": 0.6, ""understated"": 0.4}","{""dark"": 1.0}",train,seed_blend
"beachside vows for a friend, relaxed wedding not black tie",wedding,semi-formal,no_constraint,soft,"{""vacation"": 0.3, ""wedding"": 0.7}","{""casual"": 0.45, ""semi-formal"": 0.55}","{""no_constraint"": 1.0}","{""bright"": 0.4, ""soft"": 0.6}",train,seed_blend
"birthday party but daytime and outdoors, playful and sunny not night-out",party,casual,no_constraint,bright,"{""casual"": 0.3, ""party"": 0.7}","{""casual"": 1.0}","{""bold"": 0.45, ""no_constraint"": 0.55}","{""bright"": 1.0}",heldout,seed_blend
"help - it is a birthday, i need something party style but a little casual help pls",party,casual,bold,bright,"{""casual"": 0.3, ""party"": 0.7}","{""casual"": 0.6, ""semi-formal"": 0.4}","{""bold"": 0.5, ""no_constraint"": 0.5}","{""bright"": 1.0}",train,aug_blend
"ok so it is a birthday, i want an outfit party style but a little casual any ideas?",party,casual,bold,bright,"{""casual"": 0.3, ""party"": 0.7}","{""casual"": 0.6, ""semi-formal"": 0.4}","{""bold"": 0.5, ""no_constraint"": 0.5}","{""bright"": 1.0}",train,aug_blend
"hey, office party, mostly work appropriate but slightly festive tia",office,semi-formal,understated,neutral,"{""office"": 0.6, ""party"": 0.4}","{""casual"": 0.1, ""formal"": 0.3, ""semi-formal"": 0.6}","{""bold"": 0.4, ""understated"": 0.6}","{""bright"": 0.4, ""neutral"": 0.6}",train,aug_blend
"need advice, office party, mostly work appropriate but slightly festive what should i wear",office,semi-formal,understated,neutral,"{""office"": 0.6, ""party"": 0.4}","{""casual"": 0.1, ""formal"": 0.3, ""semi-formal"": 0.6}","{""bold"": 0.4, ""understated"": 0.6}","{""bright"": 0.4, ""neutral"": 0.6}",train,aug_blend
hi - rooftop date though a bit party since friends join later,date,semi-formal,bold,dark,"{""date"": 0.6, ""party"": 0.4}","{""casual"": 0.3, ""semi-formal"": 0.7}","{""bold"": 0.5, ""understated"": 0.5}","{""bright"": 0.4, ""dark"": 0.6}",train,aug_blend
rooftop date but a bit party since friends join later ideas welcome,date,semi-formal,bold,dark,"{""date"": 0.6, ""party"": 0.4}","{""casual"": 0.3, ""semi-formal"": 0.7}","{""bold"": 0.5, ""understated"": 0.5}","{""bright"": 0.4, ""dark"": 0.6}",train,aug_blend
"ok so beach wedding guest, formal-ish but breezy for the sand any ideas?",wedding,semi-formal,understated,soft,"{""vacation"": 0.25, ""wedding"": 0.75}","{""formal"": 0.4, ""semi-formal"": 0.6}","{""no_constraint"": 0.4, ""understated"": 0.6}","{""bright"": 0.4, ""soft"": 0.6}",train,aug_blend
"quick one: beach wedding guest, formal-ish but breezy for the sand thanks",wedding,semi-formal,understated,soft,"{""vacation"": 0.25, ""wedding"": 0.75}","{""formal"": 0.4, ""semi-formal"": 0.6}","{""no_constraint"": 0.4, ""understated"": 0.6}","{""bright"": 0.4, ""soft"": 0.6}",train,aug_blend
"need advice, work drinks straight after the office, professional but a little going-out what should i wear",office,semi-formal,understated,dark,"{""office"": 0.55, ""party"": 0.45}","{""casual"": 0.2, ""formal"": 0.2, ""semi-formal"": 0.6}","{""bold"": 0.45, ""understated"": 0.55}","{""dark"": 1.0}",train,aug_blend
"so work drinks straight after the office, professional but slightly going-out help pls",office,semi-formal,understated,dark,"{""office"": 0.55, ""party"": 0.45}","{""casual"": 0.2, ""formal"": 0.2, ""semi-formal"": 0.6}","{""bold"": 0.45, ""understated"": 0.55}","{""dark"": 1.0}",train,aug_blend
"casual friday but there is a client lunch, smart but relaxed ideas welcome",office,semi-formal,understated,neutral,"{""casual"": 0.3, ""office"": 0.7}","{""casual"": 0.4, ""semi-formal"": 0.6}","{""understated"": 1.0}","{""neutral"": 1.0}",train,aug_blend
"help - casual friday though there is a client lunch, smart but relaxed tia",office,semi-formal,understated,neutral,"{""casual"": 0.3, ""office"": 0.7}","{""casual"": 0.4, ""semi-formal"": 0.6}","{""understated"": 1.0}","{""neutral"": 1.0}",train,aug_blend
"quick one: engagement party for close friends, dressy but fun and danceable thanks",party,semi-formal,bold,bright,"{""party"": 0.6, ""wedding"": 0.4}","{""formal"": 0.3, ""semi-formal"": 0.7}","{""bold"": 0.55, ""no_constraint"": 0.45}","{""bright"": 1.0}",train,aug_blend
"hey, engagement party for close friends, dressy but fun and danceable",party,semi-formal,bold,bright,"{""party"": 0.6, ""wedding"": 0.4}","{""formal"": 0.3, ""semi-formal"": 0.7}","{""bold"": 0.55, ""no_constraint"": 0.45}","{""bright"": 1.0}",train,aug_blend
"so first date at a nice restaurant, elegant but not like i tried too hard help pls",date,semi-formal,understated,neutral,"{""date"": 1.0}","{""casual"": 0.4, ""semi-formal"": 0.6}","{""no_constraint"": 0.3, ""understated"": 0.7}","{""dark"": 0.4, ""neutral"": 0.6}",train,aug_blend
"hi - first date at a nice restaurant, elegant but not like i tried too hard any ideas?",date,semi-formal,understated,neutral,"{""date"": 1.0}","{""casual"": 0.4, ""semi-formal"": 0.6}","{""no_constraint"": 0.3, ""understated"": 0.7}","{""dark"": 0.4, ""neutral"": 0.6}",train,aug_blend
"help - birthday dinner then a club, needs to work for both tia",party,semi-formal,bold,dark,"{""date"": 0.35, ""party"": 0.65}","{""casual"": 0.45, ""semi-formal"": 0.55}","{""bold"": 0.6, ""understated"": 0.4}","{""dark"": 1.0}",train,aug_blend
"ok so birthday dinner then a club, wants to work for both what should i wear",party,semi-formal,bold,dark,"{""date"": 0.35, ""party"": 0.65}","{""casual"": 0.45, ""semi-formal"": 0.55}","{""bold"": 0.6, ""understated"": 0.4}","{""dark"": 1.0}",train,aug_blend
"hey, holiday but there is one fancy dinner, mostly beach with one dressy look",vacation,casual,understated,bright,"{""date"": 0.3, ""vacation"": 0.7}","{""casual"": 0.6, ""semi-formal"": 0.4}","{""no_constraint"": 0.4, ""understated"": 0.6}","{""bright"": 0.5, ""soft"": 0.5}",train,aug_blend
"need advice, holiday but there is one fancy dinner, mostly beach with one dressy look ideas welcome",vacation,casual,understated,bright,"{""date"": 0.3, ""vacation"": 0.7}","{""casual"": 0.6, ""semi-formal"": 0.4}","{""no_constraint"": 0.4, ""understated"": 0.6}","{""bright"": 0.5, ""soft"": 0.5}",train,aug_blend
"hi - cousin's mehndi, festive and colourful but comfortable to sit on the floor any ideas?",wedding,semi-formal,bold,bright,"{""party"": 0.2, ""wedding"": 0.8}","{""casual"": 0.4, ""semi-formal"": 0.6}","{""bold"": 0.6, ""no_constraint"": 0.4}","{""bright"": 1.0}",train,aug_blend
"cousin's mehndi, festive and colourful but comfortable to sit on the floor thanks",wedding,semi-formal,bold,bright,"{""party"": 0.2, ""wedding"": 0.8}","{""casual"": 0.4, ""semi-formal"": 0.6}","{""bold"": 0.6, ""no_constraint"": 0.4}","{""bright"": 1.0}",train,aug_blend
"ok so sunday brunch with the girls, cute and a little dressy but still casual what should i wear",casual,casual,no_constraint,bright,"{""casual"": 0.6, ""party"": 0.4}","{""casual"": 0.6, ""semi-formal"": 0.4}","{""bold"": 0.4, ""no_constraint"": 0.6}","{""bright"": 1.0}",train,aug_blend
"quick one: sunday brunch with the girls, cute and a little dressy though still casual help pls",casual,casual,no_constraint,bright,"{""casual"": 0.6, ""party"": 0.4}","{""casual"": 0.6, ""semi-formal"": 0.4}","{""bold"": 0.4, ""no_constraint"": 0.6}","{""bright"": 1.0}",train,aug_blend
"need advice, date night but we are just walking and getting coffee, pretty but low effort ideas welcome",date,casual,understated,neutral,"{""date"": 1.0}","{""casual"": 1.0}","{""no_constraint"": 0.3, ""understated"": 0.7}","{""neutral"": 0.5, ""soft"": 0.5}",train,aug_blend
"so date night but we are just walking and getting coffee, pretty but low effort tia",date,casual,understated,neutral,"{""date"": 1.0}","{""casual"": 1.0}","{""no_constraint"": 0.3, ""understated"": 0.7}","{""neutral"": 0.5, ""soft"": 0.5}",train,aug_blend
"office but there is a photoshoot for the website, polished and a bit bold thanks",office,formal,bold,bright,"{""office"": 1.0}","{""formal"": 0.5, ""semi-formal"": 0.5}","{""bold"": 0.6, ""understated"": 0.4}","{""bright"": 0.5, ""neutral"": 0.5}",train,aug_blend
"help - office but there is a photoshoot for the website, polished and a bit bold",office,formal,bold,bright,"{""office"": 1.0}","{""formal"": 0.5, ""semi-formal"": 0.5}","{""bold"": 0.6, ""understated"": 0.4}","{""bright"": 0.5, ""neutral"": 0.5}",train,aug_blend
"quick one: new year's eve house party, glam though i still have to help host help pls",party,semi-formal,bold,dark,"{""party"": 1.0}","{""casual"": 0.4, ""semi-formal"": 0.6}","{""bold"": 0.7, ""no_constraint"": 0.3}","{""dark"": 1.0}",train,aug_blend
"hey, new year's eve house party, glam but i still have to help host any ideas?",party,semi-formal,bold,dark,"{""party"": 1.0}","{""casual"": 0.4, ""semi-formal"": 0.6}","{""bold"": 0.7, ""no_constraint"": 0.3}","{""dark"": 1.0}",train,aug_blend
"so diwali party at a relative's, traditional-ish but modern and not too flashy tia",party,semi-formal,understated,bright,"{""party"": 0.6, ""wedding"": 0.4}","{""formal"": 0.3, ""semi-formal"": 0.7}","{""bold"": 0.45, ""understated"": 0.55}","{""bright"": 1.0}",train,aug_blend
"hi - diwali party at a relative's, traditional-ish but modern and not too flashy what should i wear",party,semi-formal,understated,bright,"{""party"": 0.6, ""wedding"": 0.4}","{""formal"": 0.3, ""semi-formal"": 0.7}","{""bold"": 0.45, ""understated"": 0.55}","{""bright"": 1.0}",train,aug_blend
"help - beach holiday with a boat party one afternoon, mostly relaxed one loud look",vacation,casual,bold,bright,"{""party"": 0.35, ""vacation"": 0.65}","{""casual"": 1.0}","{""bold"": 0.5, ""no_constraint"": 0.5}","{""bright"": 1.0}",train,aug_blend
"ok so beach holiday with a boat party one afternoon, mostly relaxed one loud look ideas welcome",vacation,casual,bold,bright,"{""party"": 0.35, ""vacation"": 0.65}","{""casual"": 1.0}","{""bold"": 0.5, ""no_constraint"": 0.5}","{""bright"": 1.0}",train,aug_blend
"hey, client dinner, formal but the restaurant is trendy so not stuffy any ideas?",office,formal,understated,dark,"{""date"": 0.4, ""office"": 0.6}","{""formal"": 0.55, ""semi-formal"": 0.45}","{""understated"": 1.0}","{""dark"": 1.0}",train,aug_blend
"need advice, client dinner, formal though the restaurant is trendy so not stuffy thanks",office,formal,understated,dark,"{""date"": 0.4, ""office"": 0.6}","{""formal"": 0.55, ""semi-formal"": 0.45}","{""understated"": 1.0}","{""dark"": 1.0}",train,aug_blend
"hi - friend's birthday picnic in the park, casual but photo-ready what should i wear",casual,casual,no_constraint,bright,"{""casual"": 0.6, ""party"": 0.4}","{""casual"": 1.0}","{""no_constraint"": 0.6, ""understated"": 0.4}","{""bright"": 0.6, ""soft"": 0.4}",train,aug_blend
"friend's birthday picnic in the park, casual but photo-ready help pls",casual,casual,no_constraint,bright,"{""casual"": 0.6, ""party"": 0.4}","{""casual"": 1.0}","{""no_constraint"": 0.6, ""understated"": 0.4}","{""bright"": 0.6, ""soft"": 0.4}",train,aug_blend
"ok so cocktail hour at a wedding, dressy and a bit bold but still guest-appropriate ideas welcome",wedding,semi-formal,bold,bright,"{""wedding"": 1.0}","{""formal"": 0.4, ""semi-formal"": 0.6}","{""bold"": 0.55, ""understated"": 0.45}","{""bright"": 0.5, ""dark"": 0.5}",train,aug_blend
"quick one: cocktail hour at a wedding, dressy and a bit bold but still guest-appropriate tia",wedding,semi-formal,bold,bright,"{""wedding"": 1.0}","{""formal"": 0.4, ""semi-formal"": 0.6}","{""bold"": 0.55, ""understated"": 0.45}","{""bright"": 0.5, ""dark"": 0.5}",train,aug_blend
"need advice, work conference, professional though i am presenting so a little statement thanks",office,formal,bold,neutral,"{""office"": 1.0}","{""formal"": 0.6, ""semi-formal"": 0.4}","{""bold"": 0.55, ""understated"": 0.45}","{""bright"": 0.4, ""neutral"": 0.6}",train,aug_blend
"so work conference, professional but i am presenting so a little statement",office,formal,bold,neutral,"{""office"": 1.0}","{""formal"": 0.6, ""semi-formal"": 0.4}","{""bold"": 0.55, ""understated"": 0.45}","{""bright"": 0.4, ""neutral"": 0.6}",train,aug_blend
"date at an art gallery opening, creative and elevated but comfortable help pls",date,semi-formal,bold,dark,"{""date"": 0.6, ""party"": 0.4}","{""casual"": 0.3, ""semi-formal"": 0.7}","{""bold"": 0.5, ""understated"": 0.5}","{""dark"": 1.0}",train,aug_blend
"help - date at an art gallery opening, creative and elevated but comfortable any ideas?",date,semi-formal,bold,dark,"{""date"": 0.6, ""party"": 0.4}","{""casual"": 0.3, ""semi-formal"": 0.7}","{""bold"": 0.5, ""understated"": 0.5}","{""dark"": 1.0}",train,aug_blend
"quick one: sister's roka, intimate family function, understated festive tia",wedding,semi-formal,understated,soft,"{""party"": 0.3, ""wedding"": 0.7}","{""formal"": 0.35, ""semi-formal"": 0.65}","{""understated"": 1.0}","{""bright"": 0.4, ""soft"": 0.6}",train,aug_blend
"hey, sister's roka, intimate family function, understated festive what should i wear",wedding,semi-formal,understated,soft,"{""party"": 0.3, ""wedding"": 0.7}","{""formal"": 0.35, ""semi-formal"": 0.65}","{""understated"": 1.0}","{""bright"": 0.4, ""soft"": 0.6}",train,aug_blend
"so team offsite dinner, smart casual, relaxed but not scruffy",office,semi-formal,understated,neutral,"{""casual"": 0.45, ""office"": 0.55}","{""casual"": 0.4, ""semi-formal"": 0.6}","{""understated"": 1.0}","{""neutral"": 1.0}",train,aug_blend
"hi - team offsite dinner, smart casual, relaxed though not scruffy ideas welcome",office,semi-formal,understated,neutral,"{""casual"": 0.45, ""office"": 0.55}","{""casual"": 0.4, ""semi-formal"": 0.6}","{""understated"": 1.0}","{""neutral"": 1.0}",train,aug_blend
help - house party but mostly close friends so comfy-glam any ideas?,party,casual,bold,dark,"{""casual"": 0.3, ""party"": 0.7}","{""casual"": 1.0}","{""bold"": 0.5, ""no_constraint"": 0.5}","{""dark"": 1.0}",train,aug_blend
ok so house party but mostly close friends so comfy-glam thanks,party,casual,bold,dark,"{""casual"": 0.3, ""party"": 0.7}","{""casual"": 1.0}","{""bold"": 0.5, ""no_constraint"": 0.5}","{""dark"": 1.0}",train,aug_blend
"hey, valentine's dinner, romantic and slightly dressy, soft not sexy what should i wear",date,semi-formal,understated,soft,"{""date"": 1.0}","{""casual"": 0.4, ""semi-formal"": 0.6}","{""bold"": 0.3, ""understated"": 0.7}","{""soft"": 1.0}",train,aug_blend
"need advice, valentine's dinner, romantic and a little dressy, soft not sexy help pls",date,semi-formal,understated,soft,"{""date"": 1.0}","{""casual"": 0.4, ""semi-formal"": 0.6}","{""bold"": 0.3, ""understated"": 0.7}","{""soft"": 1.0}",train,aug_blend
"hi - farewell drinks for a colleague, office-to-bar, sentimental not wild ideas welcome",office,semi-formal,understated,neutral,"{""office"": 0.5, ""party"": 0.5}","{""casual"": 0.4, ""semi-formal"": 0.6}","{""bold"": 0.4, ""understated"": 0.6}","{""neutral"": 1.0}",train,aug_blend
"farewell drinks for a colleague, office-to-bar, sentimental not wild tia",office,semi-formal,understated,neutral,"{""office"": 0.5, ""party"": 0.5}","{""casual"": 0.4, ""semi-formal"": 0.6}","{""bold"": 0.4, ""understated"": 0.6}","{""neutral"": 1.0}",train,aug_blend
"ok so beach vacation but we have dinner reservations most nights, need range thanks",vacation,casual,no_constraint,bright,"{""date"": 0.4, ""vacation"": 0.6}","{""casual"": 0.55, ""semi-formal"": 0.45}","{""no_constraint"": 0.5, ""understated"": 0.5}","{""bright"": 0.5, ""soft"": 0.5}",train,aug_blend
"quick one: beach vacation but we have dinner reservations most nights, need range",vacation,casual,no_constraint,bright,"{""date"": 0.4, ""vacation"": 0.6}","{""casual"": 0.55, ""semi-formal"": 0.45}","{""no_constraint"": 0.5, ""understated"": 0.5}","{""bright"": 0.5, ""soft"": 0.5}",train,aug_blend
"need advice, birthday brunch then shopping, cute comfortable and a bit festive help pls",casual,casual,no_constraint,bright,"{""casual"": 0.55, ""party"": 0.45}","{""casual"": 1.0}","{""bold"": 0.4, ""no_constraint"": 0.6}","{""bright"": 1.0}",train,aug_blend
"so birthday brunch then shopping, cute comfortable and a bit festive any ideas?",casual,casual,no_constraint,bright,"{""casual"": 0.55, ""party"": 0.45}","{""casual"": 1.0}","{""bold"": 0.4, ""no_constraint"": 0.6}","{""bright"": 1.0}",train,aug_blend
"work event at a museum, business formal but with personality tia",office,formal,understated,dark,"{""office"": 1.0}","{""formal"": 0.6, ""semi-formal"": 0.4}","{""bold"": 0.45, ""understated"": 0.55}","{""dark"": 1.0}",train,aug_blend
"help - work event at a museum, business formal though with personality what should i wear",office,formal,understated,dark,"{""office"": 1.0}","{""formal"": 0.6, ""semi-formal"": 0.4}","{""bold"": 0.45, ""understated"": 0.55}","{""dark"": 1.0}",train,aug_blend
"quick one: casual engagement dinner at home, festive but relaxed",wedding,casual,no_constraint,bright,"{""casual"": 0.45, ""wedding"": 0.55}","{""casual"": 0.6, ""semi-formal"": 0.4}","{""no_constraint"": 0.6, ""understated"": 0.4}","{""bright"": 0.5, ""soft"": 0.5}",train,aug_blend
"hey, casual engagement dinner at home, festive but relaxed ideas welcome",wedding,casual,no_constraint,bright,"{""casual"": 0.45, ""wedding"": 0.55}","{""casual"": 0.6, ""semi-formal"": 0.4}","{""no_constraint"": 0.6, ""understated"": 0.4}","{""bright"": 0.5, ""soft"": 0.5}",train,aug_blend
so clubbing for a birthday but the theme is all black elegant any ideas?,party,semi-formal,bold,dark,"{""party"": 1.0}","{""casual"": 0.4, ""semi-formal"": 0.6}","{""bold"": 0.5, ""understated"": 0.5}","{""dark"": 1.0}",train,aug_blend
hi - clubbing for a birthday but the theme is all black elegant thanks,party,semi-formal,bold,dark,"{""party"": 1.0}","{""casual"": 0.4, ""semi-formal"": 0.6}","{""bold"": 0.5, ""understated"": 0.5}","{""dark"": 1.0}",train,aug_blend
"help - office holiday lunch, festive knitwear territory, cosy though neat what should i wear",office,semi-formal,understated,bright,"{""office"": 0.6, ""party"": 0.4}","{""casual"": 0.4, ""semi-formal"": 0.6}","{""understated"": 1.0}","{""bright"": 0.5, ""neutral"": 0.5}",train,aug_blend
"ok so office holiday lunch, festive knitwear territory, cosy but neat help pls",office,semi-formal,understated,bright,"{""office"": 0.6, ""party"": 0.4}","{""casual"": 0.4, ""semi-formal"": 0.6}","{""understated"": 1.0}","{""bright"": 0.5, ""neutral"": 0.5}",train,aug_blend
"hey, date at a live gig, edgy and fun but i still want to look nice ideas welcome",date,casual,bold,dark,"{""date"": 0.5, ""party"": 0.5}","{""casual"": 1.0}","{""bold"": 0.65, ""understated"": 0.35}","{""dark"": 1.0}",train,aug_blend
"need advice, date at a live gig, edgy and fun but i still want to look nice tia",date,casual,bold,dark,"{""date"": 0.5, ""party"": 0.5}","{""casual"": 1.0}","{""bold"": 0.65, ""understated"": 0.35}","{""dark"": 1.0}",train,aug_blend
"hi - sangeet night, high energy dance floor, bold colour and movement thanks",wedding,semi-formal,bold,bright,"{""party"": 0.4, ""wedding"": 0.6}","{""formal"": 0.4, ""semi-formal"": 0.6}","{""bold"": 1.0}","{""bright"": 1.0}",train,aug_blend
"ok so smart casual networking breakfast, approachable but credible help pls",office,semi-formal,understated,neutral,"{""office"": 1.0}","{""casual"": 0.35, ""semi-formal"": 0.65}","{""understated"": 1.0}","{""neutral"": 1.0}",train,aug_blend
"quick one: smart casual networking breakfast, approachable though credible any ideas?",office,semi-formal,understated,neutral,"{""office"": 1.0}","{""casual"": 0.35, ""semi-formal"": 0.65}","{""understated"": 1.0}","{""neutral"": 1.0}",train,aug_blend
"need advice, beach club party on holiday, glam swimwear to cocktails tia",party,casual,bold,bright,"{""party"": 0.5, ""vacation"": 0.5}","{""casual"": 1.0}","{""bold"": 0.6, ""no_constraint"": 0.4}","{""bright"": 1.0}",train,aug_blend
"so beach club party on holiday, glam swimwear to cocktails what should i wear",party,casual,bold,bright,"{""party"": 0.5, ""vacation"": 0.5}","{""casual"": 1.0}","{""bold"": 0.6, ""no_constraint"": 0.4}","{""bright"": 1.0}",train,aug_blend
"help - quiet birthday dinner with parents, nice but modest ideas welcome",date,semi-formal,understated,neutral,"{""date"": 0.5, ""party"": 0.5}","{""casual"": 0.4, ""semi-formal"": 0.6}","{""understated"": 1.0}","{""neutral"": 0.6, ""soft"": 0.4}",train,aug_blend
"quick one: work from home though a video shoot at 3, presentable and a bit polished any ideas?",office,casual,understated,neutral,"{""office"": 1.0}","{""casual"": 0.5, ""semi-formal"": 0.5}","{""understated"": 1.0}","{""neutral"": 1.0}",train,aug_blend
"hey, work from home but a video shoot at 3, presentable and a bit polished thanks",office,casual,understated,neutral,"{""office"": 1.0}","{""casual"": 0.5, ""semi-formal"": 0.5}","{""understated"": 1.0}","{""neutral"": 1.0}",train,aug_blend
"so reception after a registry wedding, celebratory but low key what should i wear",wedding,semi-formal,no_constraint,bright,"{""wedding"": 1.0}","{""casual"": 0.4, ""semi-formal"": 0.6}","{""no_constraint"": 0.6, ""understated"": 0.4}","{""bright"": 0.5, ""soft"": 0.5}",train,aug_blend
"hi - reception after a registry wedding, celebratory but low key help pls",wedding,semi-formal,no_constraint,bright,"{""wedding"": 1.0}","{""casual"": 0.4, ""semi-formal"": 0.6}","{""no_constraint"": 0.6, ""understated"": 0.4}","{""bright"": 0.5, ""soft"": 0.5}",train,aug_blend
"help - date turned group hang, cute but not too date-y now that it is friends ideas welcome",date,casual,understated,neutral,"{""casual"": 0.35, ""date"": 0.45, ""party"": 0.2}","{""casual"": 1.0}","{""no_constraint"": 0.4, ""understated"": 0.6}","{""neutral"": 1.0}",train,aug_blend
"ok so date turned group hang, cute but not too date-y now that it is friends tia",date,casual,understated,neutral,"{""casual"": 0.35, ""date"": 0.45, ""party"": 0.2}","{""casual"": 1.0}","{""no_constraint"": 0.4, ""understated"": 0.6}","{""neutral"": 1.0}",train,aug_blend
"hey, festive office party but i am leaving early for a real party after thanks",party,semi-formal,bold,dark,"{""office"": 0.4, ""party"": 0.6}","{""casual"": 0.4, ""semi-formal"": 0.6}","{""bold"": 0.6, ""understated"": 0.4}","{""dark"": 1.0}",train,aug_blend
"need advice, festive office party though i am leaving early for a real party after",party,semi-formal,bold,dark,"{""office"": 0.4, ""party"": 0.6}","{""casual"": 0.4, ""semi-formal"": 0.6}","{""bold"": 0.6, ""understated"": 0.4}","{""dark"": 1.0}",train,aug_blend
"hi - beachside vows for a friend, relaxed wedding not black tie help pls",wedding,semi-formal,no_constraint,soft,"{""vacation"": 0.3, ""wedding"": 0.7}","{""casual"": 0.45, ""semi-formal"": 0.55}","{""no_constraint"": 1.0}","{""bright"": 0.4, ""soft"": 0.6}",train,aug_blend
"beachside vows for a friend, relaxed wedding not black tie any ideas?",wedding,semi-formal,no_constraint,soft,"{""vacation"": 0.3, ""wedding"": 0.7}","{""casual"": 0.45, ""semi-formal"": 0.55}","{""no_constraint"": 1.0}","{""bright"": 0.4, ""soft"": 0.6}",train,aug_blend
"ok so birthday party but daytime and outdoors, playful and sunny not night-out tia",party,casual,no_constraint,bright,"{""casual"": 0.3, ""party"": 0.7}","{""casual"": 1.0}","{""bold"": 0.45, ""no_constraint"": 0.55}","{""bright"": 1.0}",train,aug_blend
"quick one: birthday party but daytime and outdoors, playful and sunny not night-out what should i wear",party,casual,no_constraint,bright,"{""casual"": 0.3, ""party"": 0.7}","{""casual"": 1.0}","{""bold"": 0.45, ""no_constraint"": 0.55}","{""bright"": 1.0}",train,aug_blend
