product_id,title,price,image_url,url,local_image_path,garment_code,occasion_scores,boldness_scores,color_scores,formality_scores
1,Blue Mid Rise Bootcut Pants,₹849,https://assets.newme.asia/wp-content/uploads/2026/04/21130251db818835/NM-PRC-345-TRS-26-MAR-32381-BLUE(0).webp,https://newme.asia/product/blue-mid-rise-bootcut-pants,product_images/0.jpg,TRS,"{""casual everyday wear"": 0.2455, ""party outfit"": 0.1, ""wedding guest outfit"": 0.0091, ""office wear"": 0.4818, ""date night outfit"": 0.1545, ""beach vacation outfit"": 0.0091}","{""subtle and understated outfit"": 0.5, ""bold and loud statement outfit"": 0.5}","{""soft muted pastel colors"": 0.0714, ""bright bold colors"": 0.7857, ""dark moody colors"": 0.0714, ""neutral minimal colors"": 0.0714}","{""very formal outfit"": 0.3058, ""semi formal outfit"": 0.4298, ""casual informal outfit"": 0.2645}"
2,Off White Striped Maxi Dress,₹999,https://assets.newme.asia/wp-content/uploads/2026/03/1715592685b4dd97/NM-PRC-178-DRS-26-MAR-31596-OFFWHITE(1).webp,https://newme.asia/product/off-white-striped-maxi-dress,product_images/1.jpg,DRS,"{""casual everyday wear"": 0.0962, ""party outfit"": 0.1859, ""wedding guest outfit"": 0.3141, ""office wear"": 0.0064, ""date night outfit"": 0.2372, ""beach vacation outfit"": 0.1603}","{""subtle and understated outfit"": 0.1154, ""bold and loud statement outfit"": 0.8846}","{""soft muted pastel colors"": 0.0417, ""bright bold colors"": 0.0417, ""dark moody colors"": 0.0417, ""neutral minimal colors"": 0.875}","{""very formal outfit"": 0.2328, ""semi formal outfit"": 0.4914, ""casual informal outfit"": 0.2759}"
3,White Polka Dot One Shoulder Top,₹549,https://assets.newme.asia/wp-content/uploads/2026/03/1814131481d17570/NM-PRC-391-BLS-26-MAR-31666-WHITE(1).webp,https://newme.asia/product/white-polka-dot-one-shoulder-top,product_images/2.jpg,BLS,"{""casual everyday wear"": 0.2063, ""party outfit"": 0.3312, ""wedding guest outfit"": 0.0688, ""office wear"": 0.1188, ""date night outfit"": 0.2687, ""beach vacation outfit"": 0.0063}","{""subtle and understated outfit"": 0.0652, ""bold and loud statement outfit"": 0.9348}","{""soft muted pastel colors"": 0.0714, ""bright bold colors"": 0.0714, ""dark moody colors"": 0.0714, ""neutral minimal colors"": 0.7857}","{""very formal outfit"": 0.1718, ""semi formal outfit"": 0.4141, ""casual informal outfit"": 0.4141}"
4,Red Draped Detail Mini Dress,₹749,https://assets.newme.asia/wp-content/uploads/2025/05/171834445a6b7ead/NM-IN-56-DRS-24-DEC-13851-DARKBROWN(1)_c.webp,https://newme.asia/product/red-draped-detail-mini-dress,product_images/3.jpg,DRS,"{""casual everyday wear"": 0.1442, ""party outfit"": 0.2788, ""wedding guest outfit"": 0.2404, ""office wear"": 0.0096, ""date night outfit"": 0.2404, ""beach vacation outfit"": 0.0865}","{""subtle and understated outfit"": 0.5, ""bold and loud statement outfit"": 0.5}","{""soft muted pastel colors"": 0.0714, ""bright bold colors"": 0.7857, ""dark moody colors"": 0.0714, ""neutral minimal colors"": 0.0714}","{""very formal outfit"": 0.2328, ""semi formal outfit"": 0.4914, ""casual informal outfit"": 0.2759}"
5,Black Floral V-Neck Mini Dress,₹1149,https://assets.newme.asia/wp-content/uploads/2025/12/20141302005069d8/NM-PRC-385-DRS-25-DEC-28872-BLACK(1).webp,https://newme.asia/product/black-floral-v-neck-mini-dress-4,product_images/4.jpg,DRS,"{""casual everyday wear"": 0.121, ""party outfit"": 0.2339, ""wedding guest outfit"": 0.2016, ""office wear"": 0.0081, ""date night outfit"": 0.2661, ""beach vacation outfit"": 0.1694}","{""subtle and understated outfit"": 0.1154, ""bold and loud statement outfit"": 0.8846}","{""soft muted pastel colors"": 0.0714, ""bright bold colors"": 0.0714, ""dark moody colors"": 0.7857, ""neutral minimal colors"": 0.0714}","{""very formal outfit"": 0.2328, ""semi formal outfit"": 0.4914, ""casual informal outfit"": 0.2759}"
6,Maroon One Shoulder Ruched Maxi Dress,₹729,https://assets.newme.asia/wp-content/uploads/2026/01/14125603a1b4688e/NM-IN-56-DRS-25-JUL-20853-MAROON(1).webp,https://newme.asia/product/maroon-one-shoulder-ruched-maxi-dress,product_images/5.jpg,DRS,"{""casual everyday wear"": 0.0743, ""party outfit"": 0.2723, ""wedding guest outfit"": 0.2426, ""office wear"": 0.005, ""date night outfit"": 0.2822, ""beach vacation outfit"": 0.1238}","{""subtle and understated outfit"": 0.0652, ""bold and loud statement outfit"": 0.9348}","{""soft muted pastel colors"": 0.0714, ""bright bold colors"": 0.0714, ""dark moody colors"": 0.7857, ""neutral minimal colors"": 0.0714}","{""very formal outfit"": 0.2328, ""semi formal outfit"": 0.4914, ""casual informal outfit"": 0.2759}"
7,Maroon Lace Bodycon Maxi Dress,₹1799,https://assets.newme.asia/wp-content/uploads/2025/11/13165048d0dd9835/NM-PRC-119-DRS-25-NOV-26550-MAROON(1).webp,https://newme.asia/product/maroon-lace-bodycon-maxi-dress,product_images/6.jpg,DRS,"{""casual everyday wear"": 0.0636, ""party outfit"": 0.3347, ""wedding guest outfit"": 0.2076, ""office wear"": 0.0042, ""date night outfit"": 0.2839, ""beach vacation outfit"": 0.1059}","{""subtle and understated outfit"": 0.1154, ""bold and loud statement outfit"": 0.8846}","{""soft muted pastel colors"": 0.0714, ""bright bold colors"": 0.0714, ""dark moody colors"": 0.7857, ""neutral minimal colors"": 0.0714}","{""very formal outfit"": 0.1915, ""semi formal outfit"": 0.5816, ""casual informal outfit"": 0.227}"
8,Black Pu Slit Bodycon Skirt,₹759,https://assets.newme.asia/wp-content/uploads/2025/11/14143607fdad3cdf/NM-PRC-356-SKT-25-NOV-26617-BLACK(1).webp,https://newme.asia/product/black-pu-slit-bodycon-skirt,product_images/7.jpg,SKT,"{""casual everyday wear"": 0.1262, ""party outfit"": 0.4533, ""wedding guest outfit"": 0.0047, ""office wear"": 0.0888, ""date night outfit"": 0.3224, ""beach vacation outfit"": 0.0047}","{""subtle and understated outfit"": 0.1154, ""bold and loud statement outfit"": 0.8846}","{""soft muted pastel colors"": 0.0714, ""bright bold colors"": 0.0714, ""dark moody colors"": 0.7857, ""neutral minimal colors"": 0.0714}","{""very formal outfit"": 0.1461, ""semi formal outfit"": 0.5768, ""casual informal outfit"": 0.2772}"
9,Yellow Floral A-Line Maxi Dress,₹1099,https://assets.newme.asia/wp-content/uploads/2026/04/021348591258e001/NM-PRC-414-DRS-26-APR-32495-YELLOW(1).webp,https://newme.asia/product/yellow-floral-a-line-maxi-dress,product_images/8.jpg,DRS,"{""casual everyday wear"": 0.0852, ""party outfit"": 0.1648, ""wedding guest outfit"": 0.2784, ""office wear"": 0.0057, ""date night outfit"": 0.2557, ""beach vacation outfit"": 0.2102}","{""subtle and understated outfit"": 0.1154, ""bold and loud statement outfit"": 0.8846}","{""soft muted pastel colors"": 0.0714, ""bright bold colors"": 0.7857, ""dark moody colors"": 0.0714, ""neutral minimal colors"": 0.0714}","{""very formal outfit"": 0.2328, ""semi formal outfit"": 0.4914, ""casual informal outfit"": 0.2759}"
10,Brown Solid V-Neck Top,₹849,https://assets.newme.asia/wp-content/uploads/2026/03/161047038e85156d/NM-PRC-312-BLS-26-JAN-30706-BROWN(1).webp,https://newme.asia/product/brown-solid-v-neck-top-4,product_images/9.jpg,BLS,"{""casual everyday wear"": 0.2895, ""party outfit"": 0.2368, ""wedding guest outfit"": 0.0965, ""office wear"": 0.1667, ""date night outfit"": 0.2018, ""beach vacation outfit"": 0.0088}","{""subtle and understated outfit"": 0.8846, ""bold and loud statement outfit"": 0.1154}","{""soft muted pastel colors"": 0.0714, ""bright bold colors"": 0.0714, ""dark moody colors"": 0.7857, ""neutral minimal colors"": 0.0714}","{""very formal outfit"": 0.1579, ""semi formal outfit"": 0.4615, ""casual informal outfit"": 0.3806}"
11,Maroon Embellished Off Shoulder Dress,₹1529,https://assets.newme.asia/wp-content/uploads/2025/07/21171726a657059d/NM-IN-56-DRS-24-SEP-9134-MAROON(1).webp,https://newme.asia/product/maroon-embellished-off-shoulder-dress-2,product_images/10.jpg,DRS,"{""casual everyday wear"": 0.0893, ""party outfit"": 0.2917, ""wedding guest outfit"": 0.4107, ""office wear"": 0.006, ""date night outfit"": 0.1488, ""beach vacation outfit"": 0.0536}","{""subtle and understated outfit"": 0.1154, ""bold and loud statement outfit"": 0.8846}","{""soft muted pastel colors"": 0.0714, ""bright bold colors"": 0.0714, ""dark moody colors"": 0.7857, ""neutral minimal colors"": 0.0714}","{""very formal outfit"": 0.1915, ""semi formal outfit"": 0.5816, ""casual informal outfit"": 0.227}"
12,Black Solid One Shoulder Top,₹429,https://assets.newme.asia/wp-content/uploads/2026/01/141248540d8de836/NM-IN-56-BLS-25-OCT-25336-BLACK(1).webp,https://newme.asia/product/black-solid-one-shoulder-top-11,product_images/11.jpg,BLS,"{""casual everyday wear"": 0.2063, ""party outfit"": 0.3312, ""wedding guest outfit"": 0.0688, ""office wear"": 0.1188, ""date night outfit"": 0.2687, ""beach vacation outfit"": 0.0063}","{""subtle and understated outfit"": 0.5, ""bold and loud statement outfit"": 0.5}","{""soft muted pastel colors"": 0.0714, ""bright bold colors"": 0.0714, ""dark moody colors"": 0.7857, ""neutral minimal colors"": 0.0714}","{""very formal outfit"": 0.1579, ""semi formal outfit"": 0.4615, ""casual informal outfit"": 0.3806}"
13,Maroon Solid Slit Bodycon Midi Dress,₹639,https://assets.newme.asia/wp-content/uploads/2026/05/09102408177a07d0/NM-IN-56-DRS-24-APR-5058-MAROON(0).webp,https://newme.asia/product/maroon-solid-slit-bodycon-midi-dress,product_images/12.jpg,DRS,"{""casual everyday wear"": 0.0577, ""party outfit"": 0.3808, ""wedding guest outfit"": 0.0962, ""office wear"": 0.0654, ""date night outfit"": 0.3654, ""beach vacation outfit"": 0.0346}","{""subtle and understated outfit"": 0.5, ""bold and loud statement outfit"": 0.5}","{""soft muted pastel colors"": 0.0714, ""bright bold colors"": 0.0714, ""dark moody colors"": 0.7857, ""neutral minimal colors"": 0.0714}","{""very formal outfit"": 0.1788, ""semi formal outfit"": 0.6093, ""casual informal outfit"": 0.2119}"
14,Red Solid Fitted Maxi Dress,₹999,https://assets.newme.asia/wp-content/uploads/2026/01/291024165d8aab25/NM-IN-56-DRS-24-APR-4656-RED(0).webp,https://newme.asia/product/red-solid-fitted-maxi-dress,product_images/13.jpg,DRS,"{""casual everyday wear"": 0.0962, ""party outfit"": 0.1859, ""wedding guest outfit"": 0.3141, ""office wear"": 0.0064, ""date night outfit"": 0.2372, ""beach vacation outfit"": 0.1603}","{""subtle and understated outfit"": 0.9348, ""bold and loud statement outfit"": 0.0652}","{""soft muted pastel colors"": 0.0714, ""bright bold colors"": 0.7857, ""dark moody colors"": 0.0714, ""neutral minimal colors"": 0.0714}","{""very formal outfit"": 0.2143, ""semi formal outfit"": 0.5317, ""casual informal outfit"": 0.254}"
15,Yellow Floral A-Line Mini Dress,₹949,https://assets.newme.asia/wp-content/uploads/2025/11/131655005644e8cd/NM-PRC-385-DRS-25-NOV-26608-YELLOW(1).webp,https://newme.asia/product/yellow-floral-a-line-mini-dress,product_images/14.jpg,DRS,"{""casual everyday wear"": 0.121, ""party outfit"": 0.2339, ""wedding guest outfit"": 0.2016, ""office wear"": 0.0081, ""date night outfit"": 0.2661, ""beach vacation outfit"": 0.1694}","{""subtle and understated outfit"": 0.1154, ""bold and loud statement outfit"": 0.8846}","{""soft muted pastel colors"": 0.0714, ""bright bold colors"": 0.7857, ""dark moody colors"": 0.0714, ""neutral minimal colors"": 0.0714}","{""very formal outfit"": 0.2328, ""semi formal outfit"": 0.4914, ""casual informal outfit"": 0.2759}"
16,Red One Shoulder Ruched Dress,₹569,https://assets.newme.asia/wp-content/uploads/2026/05/09102331e3473fe4/NM-IN-56-DRS-24-APR-5058-RED(0).webp,https://newme.asia/product/red-one-shoulder-ruched-dress,product_images/15.jpg,DRS,"{""casual everyday wear"": 0.1, ""party outfit"": 0.3667, ""wedding guest outfit"": 0.1667, ""office wear"": 0.0067, ""date night outfit"": 0.3, ""beach vacation outfit"": 0.06}","{""subtle and understated outfit"": 0.0652, ""bold and loud statement outfit"": 0.9348}","{""soft muted pastel colors"": 0.0714, ""bright bold colors"": 0.7857, ""dark moody colors"": 0.0714, ""neutral minimal colors"": 0.0714}","{""very formal outfit"": 0.2328, ""semi formal outfit"": 0.4914, ""casual informal outfit"": 0.2759}"
17,Dark Grey Mid Rise Wide Led Jeans,₹999,https://assets.newme.asia/wp-content/uploads/2025/07/23203052e771e235/NM-IN-56-JNS-25-MAR-12870-DARKGREY_(1).webp,https://newme.asia/product/dark-grey-mid-rise-wide-led-jeans,product_images/16.jpg,JNS,"{""casual everyday wear"": 0.6771, ""party outfit"": 0.1146, ""wedding guest outfit"": 0.0104, ""office wear"": 0.0729, ""date night outfit"": 0.1146, ""beach vacation outfit"": 0.0104}","{""subtle and understated outfit"": 0.5, ""bold and loud statement outfit"": 0.5}","{""soft muted pastel colors"": 0.0714, ""bright bold colors"": 0.0714, ""dark moody colors"": 0.0714, ""neutral minimal colors"": 0.7857}","{""very formal outfit"": 0.0405, ""semi formal outfit"": 0.1757, ""casual informal outfit"": 0.7838}"
18,Beige Sweetheart Mermaid Maxi Dress,₹2449,https://assets.newme.asia/wp-content/uploads/2026/05/051023160e2d23d0/NM-PRC-193-DRS-25-JUN-19585-BEIGE(1).webp,https://newme.asia/product/beige-sweetheart-mermaid-maxi-dress,product_images/17.jpg,DRS,"{""casual everyday wear"": 0.0962, ""party outfit"": 0.1859, ""wedding guest outfit"": 0.3141, ""office wear"": 0.0064, ""date night outfit"": 0.2372, ""beach vacation outfit"": 0.1603}","{""subtle and understated outfit"": 0.5, ""bold and loud statement outfit"": 0.5}","{""soft muted pastel colors"": 0.0714, ""bright bold colors"": 0.0714, ""dark moody colors"": 0.0714, ""neutral minimal colors"": 0.7857}","{""very formal outfit"": 0.2328, ""semi formal outfit"": 0.4914, ""casual informal outfit"": 0.2759}"
19,Brown High-Rise Bootcut Trousers,₹769,https://assets.newme.asia/wp-content/uploads/2026/01/02152853c098b756/NM-PRC-345-TRS-26-JAN-29630-BROWN(1).webp,https://newme.asia/product/brown-high-rise-bootcut-trousers,product_images/18.jpg,TRS,"{""casual everyday wear"": 0.2455, ""party outfit"": 0.1, ""wedding guest outfit"": 0.0091, ""office wear"": 0.4818, ""date night outfit"": 0.1545, ""beach vacation outfit"": 0.0091}","{""subtle and understated outfit"": 0.5, ""bold and loud statement outfit"": 0.5}","{""soft muted pastel colors"": 0.0714, ""bright bold colors"": 0.0714, ""dark moody colors"": 0.7857, ""neutral minimal colors"": 0.0714}","{""very formal outfit"": 0.3058, ""semi formal outfit"": 0.4298, ""casual informal outfit"": 0.2645}"
20,White Solid Halter Neck Top,₹499,https://assets.newme.asia/wp-content/uploads/2026/01/14124842c88ef024/NM-IN-56-BLS-25-AUG-23572-WHITE(1).webp,https://newme.asia/product/white-solid-halter-neck-top-29,product_images/19.jpg,BLS,"{""casual everyday wear"": 0.2063, ""party outfit"": 0.3312, ""wedding guest outfit"": 0.0688, ""office wear"": 0.1188, ""date night outfit"": 0.2687, ""beach vacation outfit"": 0.0063}","{""subtle and understated outfit"": 0.8846, ""bold and loud statement outfit"": 0.1154}","{""soft muted pastel colors"": 0.0714, ""bright bold colors"": 0.0714, ""dark moody colors"": 0.0714, ""neutral minimal colors"": 0.7857}","{""very formal outfit"": 0.1579, ""semi formal outfit"": 0.4615, ""casual informal outfit"": 0.3806}"
21,Maroon Ribbed Mock Neck Mini Dress,₹999,https://assets.newme.asia/wp-content/uploads/2025/05/281153347feec5a0/NM-PRC-3-DRS-24-DEC-13637-MAROON(1).webp,https://newme.asia/product/maroon-ribbed-mock-neck-mini-dress,product_images/20.jpg,DRS,"{""casual everyday wear"": 0.1442, ""party outfit"": 0.2788, ""wedding guest outfit"": 0.2404, ""office wear"": 0.0096, ""date night outfit"": 0.2404, ""beach vacation outfit"": 0.0865}","{""subtle and understated outfit"": 0.5, ""bold and loud statement outfit"": 0.5}","{""soft muted pastel colors"": 0.0714, ""bright bold colors"": 0.0714, ""dark moody colors"": 0.7857, ""neutral minimal colors"": 0.0714}","{""very formal outfit"": 0.2328, ""semi formal outfit"": 0.4914, ""casual informal outfit"": 0.2759}"
22,Off White Solid Halter Neck Mini Dress,₹1189,https://assets.newme.asia/wp-content/uploads/2026/01/221106333ae599da/NM-IN-56-DRS-25-DEC-27775-OFFWHITE(1).webp,https://newme.asia/product/off-white-solid-halter-neck-mini-dress-2,product_images/21.jpg,DRS,"{""casual everyday wear"": 0.1, ""party outfit"": 0.3667, ""wedding guest outfit"": 0.1667, ""office wear"": 0.0067, ""date night outfit"": 0.3, ""beach vacation outfit"": 0.06}","{""subtle and understated outfit"": 0.8846, ""bold and loud statement outfit"": 0.1154}","{""soft muted pastel colors"": 0.0417, ""bright bold colors"": 0.0417, ""dark moody colors"": 0.0417, ""neutral minimal colors"": 0.875}","{""very formal outfit"": 0.2143, ""semi formal outfit"": 0.5317, ""casual informal outfit"": 0.254}"
23,Zipper Up Denim Skirt With Flap Pockets,₹499,https://assets.newme.asia/wp-content/uploads/2025/07/22155643ac71ab1a/NM-IN-56-SKT-24-JAN-283-BLACK_(1).webp,https://newme.asia/product/zipper-up-denim-skirt-with-flap-pockets,product_images/22.jpg,SKT,"{""casual everyday wear"": 0.5, ""party outfit"": 0.2015, ""wedding guest outfit"": 0.0075, ""office wear"": 0.1418, ""date night outfit"": 0.1418, ""beach vacation outfit"": 0.0075}","{""subtle and understated outfit"": 0.5, ""bold and loud statement outfit"": 0.5}","{""soft muted pastel colors"": 0.25, ""bright bold colors"": 0.25, ""dark moody colors"": 0.25, ""neutral minimal colors"": 0.25}","{""very formal outfit"": 0.1336, ""semi formal outfit"": 0.3562, ""casual informal outfit"": 0.5103}"
24,Beige Ruched One-Shoulder Mini Dress,₹1039,https://assets.newme.asia/wp-content/uploads/2026/05/2209393638926705/NM-PRC-374-DRS-25-NOV-26106-BEIGE(1).webp,https://newme.asia/product/beige-ruched-one-shoulder-mini-dress,product_images/23.jpg,DRS,"{""casual everyday wear"": 0.1442, ""party outfit"": 0.2788, ""wedding guest outfit"": 0.2404, ""office wear"": 0.0096, ""date night outfit"": 0.2404, ""beach vacation outfit"": 0.0865}","{""subtle and understated outfit"": 0.1154, ""bold and loud statement outfit"": 0.8846}","{""soft muted pastel colors"": 0.0714, ""bright bold colors"": 0.0714, ""dark moody colors"": 0.0714, ""neutral minimal colors"": 0.7857}","{""very formal outfit"": 0.2328, ""semi formal outfit"": 0.4914, ""casual informal outfit"": 0.2759}"
25,Brown Abstract Cowl Neck Midi Dress,₹1099,https://assets.newme.asia/wp-content/uploads/2026/04/041154163c1b35a7/NM-PRC-425-DRS-26-APR-32606-BROWN(1).webp,https://newme.asia/product/brown-abstract-cowl-neck-midi-dress,product_images/24.jpg,DRS,"{""casual everyday wear"": 0.1071, ""party outfit"": 0.2071, ""wedding guest outfit"": 0.1786, ""office wear"": 0.1214, ""date night outfit"": 0.3214, ""beach vacation outfit"": 0.0643}","{""subtle and understated outfit"": 0.1154, ""bold and loud statement outfit"": 0.8846}","{""soft muted pastel colors"": 0.0714, ""bright bold colors"": 0.0714, ""dark moody colors"": 0.7857, ""neutral minimal colors"": 0.0714}","{""very formal outfit"": 0.2328, ""semi formal outfit"": 0.4914, ""casual informal outfit"": 0.2759}"
26,Black High-Rise Striped Bootcut Pants,₹899,https://assets.newme.asia/wp-content/uploads/2026/03/25141239914de0e5/NM-PRC-428-TRS-26-MAR-32005-BLACK(1).webp,https://newme.asia/product/black-high-rise-striped-bootcut-pants-4,product_images/25.jpg,TRS,"{""casual everyday wear"": 0.2455, ""party outfit"": 0.1, ""wedding guest outfit"": 0.0091, ""office wear"": 0.4818, ""date night outfit"": 0.1545, ""beach vacation outfit"": 0.0091}","{""subtle and understated outfit"": 0.1154, ""bold and loud statement outfit"": 0.8846}","{""soft muted pastel colors"": 0.0714, ""bright bold colors"": 0.0714, ""dark moody colors"": 0.7857, ""neutral minimal colors"": 0.0714}","{""very formal outfit"": 0.3058, ""semi formal outfit"": 0.4298, ""casual informal outfit"": 0.2645}"
27,Rust Sweetheart Ruffle Mini Dress,₹1439,https://assets.newme.asia/wp-content/uploads/2026/04/28090302ab5cacbf/NM-PRC-425-DRS-26-FEB-31161-RUST(1).webp,https://newme.asia/product/rust-sweetheart-ruffle-mini-dress,product_images/26.jpg,DRS,"{""casual everyday wear"": 0.1442, ""party outfit"": 0.2788, ""wedding guest outfit"": 0.2404, ""office wear"": 0.0096, ""date night outfit"": 0.2404, ""beach vacation outfit"": 0.0865}","{""subtle and understated outfit"": 0.1154, ""bold and loud statement outfit"": 0.8846}","{""soft muted pastel colors"": 0.0714, ""bright bold colors"": 0.7857, ""dark moody colors"": 0.0714, ""neutral minimal colors"": 0.0714}","{""very formal outfit"": 0.2328, ""semi formal outfit"": 0.4914, ""casual informal outfit"": 0.2759}"
28,Spiderman Inspired Oversized Zipper Hoodie,₹1549,https://assets.newme.asia/wp-content/uploads/2025/11/13121802eeb23ed5/NM-PRC-35-SWT-23-OCT-356-BLACK(1).webp,https://newme.asia/product/spiderman-inspired-casual-zipper-hoodie-2,product_images/27.jpg,SWT,"{""casual everyday wear"": 0.9709, ""party outfit"": 0.0058, ""wedding guest outfit"": 0.0058, ""office wear"": 0.0058, ""date night outfit"": 0.0058, ""beach vacation outfit"": 0.0058}","{""subtle and understated outfit"": 0.5, ""bold and loud statement outfit"": 0.5}","{""soft muted pastel colors"": 0.0714, ""bright bold colors"": 0.7857, ""dark moody colors"": 0.0714, ""neutral minimal colors"": 0.0714}","{""very formal outfit"": 0.0144, ""semi formal outfit"": 0.0144, ""casual informal outfit"": 0.9711}"
29,Wine Sequin Mini Corset Dress,₹1599,https://assets.newme.asia/wp-content/uploads/2026/03/031308395ef16c3f/NM-PRC-119-DRS-26-JAN-30572-WINE(1).webp,https://newme.asia/product/wine-sequin-mini-corset-dress,product_images/28.jpg,DRS,"{""casual everyday wear"": 0.0568, ""party outfit"": 0.5265, ""wedding guest outfit"": 0.0947, ""office wear"": 0.0038, ""date night outfit"": 0.2841, ""beach vacation outfit"": 0.0341}","{""subtle and understated outfit"": 0.0652, ""bold and loud statement outfit"": 0.9348}","{""soft muted pastel colors"": 0.0714, ""bright bold colors"": 0.0714, ""dark moody colors"": 0.7857, ""neutral minimal colors"": 0.0714}","{""very formal outfit"": 0.1915, ""semi formal outfit"": 0.5816, ""casual informal outfit"": 0.227}"
30,Yellow Halter Backless Maxi Dress,₹1399,https://assets.newme.asia/wp-content/uploads/2026/01/05132554cc87520c/NM-PRC-25-DRS-25-DEC-29419-YELLOW(1).webp,https://newme.asia/product/yellow-halter-backless-maxi-dress,product_images/29.jpg,DRS,"{""casual everyday wear"": 0.0551, ""party outfit"": 0.3493, ""wedding guest outfit"": 0.1801, ""office wear"": 0.0037, ""date night outfit"": 0.3199, ""beach vacation outfit"": 0.0919}","{""subtle and understated outfit"": 0.1154, ""bold and loud statement outfit"": 0.8846}","{""soft muted pastel colors"": 0.0714, ""bright bold colors"": 0.7857, ""dark moody colors"": 0.0714, ""neutral minimal colors"": 0.0714}","{""very formal outfit"": 0.2328, ""semi formal outfit"": 0.4914, ""casual informal outfit"": 0.2759}"
31,Light Pink Lace Sheer Cutout Neck Top,₹389,https://assets.newme.asia/wp-content/uploads/2025/12/08120041cdbe0fe1/NM-IN-56-BLS-25-NOV-21951-PINK(1).webp,https://newme.asia/product/light-pink-lace-sheer-cutout-neck-top,product_images/30.jpg,BLS,"{""casual everyday wear"": 0.15, ""party outfit"": 0.4227, ""wedding guest outfit"": 0.05, ""office wear"": 0.0864, ""date night outfit"": 0.2864, ""beach vacation outfit"": 0.0045}","{""subtle and understated outfit"": 0.0455, ""bold and loud statement outfit"": 0.9545}","{""soft muted pastel colors"": 0.6176, ""bright bold colors"": 0.3235, ""dark moody colors"": 0.0294, ""neutral minimal colors"": 0.0294}","{""very formal outfit"": 0.1718, ""semi formal outfit"": 0.4141, ""casual informal outfit"": 0.4141}"
32,Black Contrast Printed Half Zipper Top,₹769,https://assets.newme.asia/wp-content/uploads/2024/03/11184021a631b70b/NM-PRC-11-BLS-24-MAR-3649-BLACK_(1).webp,https://newme.asia/product/black-contrast-printed-halfzipper-top,product_images/31.jpg,BLS,"{""casual everyday wear"": 0.2895, ""party outfit"": 0.2368, ""wedding guest outfit"": 0.0965, ""office wear"": 0.1667, ""date night outfit"": 0.2018, ""beach vacation outfit"": 0.0088}","{""subtle and understated outfit"": 0.0652, ""bold and loud statement outfit"": 0.9348}","{""soft muted pastel colors"": 0.0714, ""bright bold colors"": 0.0714, ""dark moody colors"": 0.7857, ""neutral minimal colors"": 0.0714}","{""very formal outfit"": 0.1718, ""semi formal outfit"": 0.4141, ""casual informal outfit"": 0.4141}"
33,Maroon Solid High Neck Tshirt,₹399,https://assets.newme.asia/wp-content/uploads/2025/06/01130919122e751d/NM-IN-50-TSH-23-JUN-132-MAROON_(1).webp,https://newme.asia/product/maroon-solid-high-neck-tshirt,product_images/32.jpg,TSH,"{""casual everyday wear"": 0.8111, ""party outfit"": 0.0778, ""wedding guest outfit"": 0.0111, ""office wear"": 0.0111, ""date night outfit"": 0.0778, ""beach vacation outfit"": 0.0111}","{""subtle and understated outfit"": 0.8846, ""bold and loud statement outfit"": 0.1154}","{""soft muted pastel colors"": 0.0714, ""bright bold colors"": 0.0714, ""dark moody colors"": 0.7857, ""neutral minimal colors"": 0.0714}","{""very formal outfit"": 0.0364, ""semi formal outfit"": 0.1781, ""casual informal outfit"": 0.7854}"
34,Teal Lace Sheer Cutout Neck Top,₹499,https://assets.newme.asia/wp-content/uploads/2025/12/08120044b65604ce/NM-IN-56-BLS-25-NOV-21950-TEAL(1).webp,https://newme.asia/product/teal-lace-sheer-cutout-neck-top,product_images/33.jpg,BLS,"{""casual everyday wear"": 0.15, ""party outfit"": 0.4227, ""wedding guest outfit"": 0.05, ""office wear"": 0.0864, ""date night outfit"": 0.2864, ""beach vacation outfit"": 0.0045}","{""subtle and understated outfit"": 0.0455, ""bold and loud statement outfit"": 0.9545}","{""soft muted pastel colors"": 0.0714, ""bright bold colors"": 0.7857, ""dark moody colors"": 0.0714, ""neutral minimal colors"": 0.0714}","{""very formal outfit"": 0.1718, ""semi formal outfit"": 0.4141, ""casual informal outfit"": 0.4141}"
35,Black Solid Lapel Collar Shirt,₹969,https://assets.newme.asia/wp-content/uploads/2026/01/10133944aac7b8fb/NM-PRC-415-BLS-26-JAN-30284-BLACK(1).webp,https://newme.asia/product/black-solid-lapel-collar-shirt,product_images/34.jpg,BLS,"{""casual everyday wear"": 0.2292, ""party outfit"": 0.1875, ""wedding guest outfit"": 0.0764, ""office wear"": 0.3403, ""date night outfit"": 0.1597, ""beach vacation outfit"": 0.0069}","{""subtle and understated outfit"": 0.8846, ""bold and loud statement outfit"": 0.1154}","{""soft muted pastel colors"": 0.0714, ""bright bold colors"": 0.0714, ""dark moody colors"": 0.7857, ""neutral minimal colors"": 0.0714}","{""very formal outfit"": 0.3225, ""semi formal outfit"": 0.3713, ""casual informal outfit"": 0.3062}"
36,Light Blue Fitted Crew Neck T-Shirt,₹549,https://assets.newme.asia/wp-content/uploads/2025/10/061437374bffbb69/NM-PRC-370-TSH-25-OCT-25237-LIGHTBLUE(1).webp,https://newme.asia/product/light-blue-fitted-crew-neck-t-shirt-2,product_images/35.jpg,TSH,"{""casual everyday wear"": 0.8509, ""party outfit"": 0.0614, ""wedding guest outfit"": 0.0088, ""office wear"": 0.0088, ""date night outfit"": 0.0614, ""beach vacation outfit"": 0.0088}","{""subtle and understated outfit"": 0.8846, ""bold and loud statement outfit"": 0.1154}","{""soft muted pastel colors"": 0.875, ""bright bold colors"": 0.0417, ""dark moody colors"": 0.0417, ""neutral minimal colors"": 0.0417}","{""very formal outfit"": 0.0396, ""semi formal outfit"": 0.1057, ""casual informal outfit"": 0.8546}"
37,Lavender Fitted Crew Neck T-Shirt,₹589,https://assets.newme.asia/wp-content/uploads/2025/10/06143736c350ed2c/NM-PRC-370-TSH-25-OCT-25237-LAVENDER(1).webp,https://newme.asia/product/lavender-fitted-crew-neck-t-shirt,product_images/36.jpg,TSH,"{""casual everyday wear"": 0.8509, ""party outfit"": 0.0614, ""wedding guest outfit"": 0.0088, ""office wear"": 0.0088, ""date night outfit"": 0.0614, ""beach vacation outfit"": 0.0088}","{""subtle and understated outfit"": 0.8846, ""bold and loud statement outfit"": 0.1154}","{""soft muted pastel colors"": 0.7857, ""bright bold colors"": 0.0714, ""dark moody colors"": 0.0714, ""neutral minimal colors"": 0.0714}","{""very formal outfit"": 0.0396, ""semi formal outfit"": 0.1057, ""casual informal outfit"": 0.8546}"
38,Light Green Fitted Crew Neck T-Shirt,₹549,https://assets.newme.asia/wp-content/uploads/2025/10/0614373753dab2bd/NM-PRC-370-TSH-25-OCT-25237-LIGHTGREEN(1).webp,https://newme.asia/product/light-green-fitted-crew-neck-t-shirt-2,product_images/37.jpg,TSH,"{""casual everyday wear"": 0.8509, ""party outfit"": 0.0614, ""wedding guest outfit"": 0.0088, ""office wear"": 0.0088, ""date night outfit"": 0.0614, ""beach vacation outfit"": 0.0088}","{""subtle and understated outfit"": 0.8846, ""bold and loud statement outfit"": 0.1154}","{""soft muted pastel colors"": 0.6176, ""bright bold colors"": 0.3235, ""dark moody colors"": 0.0294, ""neutral minimal colors"": 0.0294}","{""very formal outfit"": 0.0396, ""semi formal outfit"": 0.1057, ""casual informal outfit"": 0.8546}"
39,Light Blue Embroidered Striped Top,₹649,https://assets.newme.asia/wp-content/uploads/2026/03/17160751c81ad130/NM-PRC-391-BLS-26-MAR-31592-LIGHTBLUE(1).webp,https://newme.asia/product/light-blue-embroidered-striped-top,product_images/38.jpg,BLS,"{""casual everyday wear"": 0.2089, ""party outfit"": 0.1709, ""wedding guest outfit"": 0.3481, ""office wear"": 0.1203, ""date night outfit"": 0.1456, ""beach vacation outfit"": 0.0063}","{""subtle and understated outfit"": 0.0652, ""bold and loud statement outfit"": 0.9348}","{""soft muted pastel colors"": 0.6176, ""bright bold colors"": 0.3235, ""dark moody colors"": 0.0294, ""neutral minimal colors"": 0.0294}","{""very formal outfit"": 0.1718, ""semi formal outfit"": 0.4141, ""casual informal outfit"": 0.4141}"
40,White Floral Built-In Strap Crop T-Shirt,₹599,https://assets.newme.asia/wp-content/uploads/2025/08/2807313581f9f88c/NM-IN-56-TSH-25-AUG-21348-WHITE_(1).webp,https://newme.asia/product/white-floral-built-in-strap-crop-t-shirt,product_images/39.jpg,TSH,"{""casual everyday wear"": 0.6449, ""party outfit"": 0.1377, ""wedding guest outfit"": 0.0072, ""office wear"": 0.0072, ""date night outfit"": 0.1087, ""beach vacation outfit"": 0.0942}","{""subtle and understated outfit"": 0.1154, ""bold and loud statement outfit"": 0.8846}","{""soft muted pastel colors"": 0.0714, ""bright bold colors"": 0.0714, ""dark moody colors"": 0.0714, ""neutral minimal colors"": 0.7857}","{""very formal outfit"": 0.0396, ""semi formal outfit"": 0.1057, ""casual informal outfit"": 0.8546}"
41,Light Blue Solid Crew Neck Top,₹679,https://assets.newme.asia/wp-content/uploads/2025/08/1611124084bf6bf6/NM-PRC-343-BLS-25-AUG-23947-LIGHTBLUE(1).webp,https://newme.asia/product/light-blue-solid-crew-neck-top,product_images/40.jpg,BLS,"{""casual everyday wear"": 0.413, ""party outfit"": 0.1957, ""wedding guest outfit"": 0.0797, ""office wear"": 0.1377, ""date night outfit"": 0.1667, ""beach vacation outfit"": 0.0072}","{""subtle and understated outfit"": 0.8846, ""bold and loud statement outfit"": 0.1154}","{""soft muted pastel colors"": 0.875, ""bright bold colors"": 0.0417, ""dark moody colors"": 0.0417, ""neutral minimal colors"": 0.0417}","{""very formal outfit"": 0.1579, ""semi formal outfit"": 0.4615, ""casual informal outfit"": 0.3806}"
42,Off White Lace Top With Tie Up Detail,₹539,https://assets.newme.asia/wp-content/uploads/2025/01/15201238aa4ec5d1/NM-IN-56-BLS-25-JAN-12375-OFFWHITE(1).webp,https://newme.asia/product/off-white-lace-top-with-tie-up-detail,product_images/41.jpg,BLS,"{""casual everyday wear"": 0.2895, ""party outfit"": 0.2368, ""wedding guest outfit"": 0.0965, ""office wear"": 0.1667, ""date night outfit"": 0.2018, ""beach vacation outfit"": 0.0088}","{""subtle and understated outfit"": 0.1154, ""bold and loud statement outfit"": 0.8846}","{""soft muted pastel colors"": 0.0417, ""bright bold colors"": 0.0417, ""dark moody colors"": 0.0417, ""neutral minimal colors"": 0.875}","{""very formal outfit"": 0.1718, ""semi formal outfit"": 0.4141, ""casual informal outfit"": 0.4141}"
43,White Typography Crew Neck T-Shirt,₹389,https://assets.newme.asia/wp-content/uploads/2026/01/03110543465d4167/NM-IN-56-TSH-25-DEC-22243-WHITE(1).webp,https://newme.asia/product/white-typography-crew-neck-t-shirt-4,product_images/42.jpg,TSH,"{""casual everyday wear"": 0.8963, ""party outfit"": 0.0427, ""wedding guest outfit"": 0.0061, ""office wear"": 0.0061, ""date night outfit"": 0.0427, ""beach vacation outfit"": 0.0061}","{""subtle and understated outfit"": 0.1154, ""bold and loud statement outfit"": 0.8846}","{""soft muted pastel colors"": 0.0714, ""bright bold colors"": 0.0714, ""dark moody colors"": 0.0714, ""neutral minimal colors"": 0.7857}","{""very formal outfit"": 0.0396, ""semi formal outfit"": 0.1057, ""casual informal outfit"": 0.8546}"
44,Dark Grey Graphic Acid Wash T-Shirt,₹849,https://assets.newme.asia/wp-content/uploads/2026/03/23152119f19752f5/NM-PRC-35-TSH-26-MAR-31876-DARKGREY(1).webp,https://newme.asia/product/dark-grey-graphic-acid-wash-t-shirt,product_images/43.jpg,TSH,"{""casual everyday wear"": 0.8786, ""party outfit"": 0.05, ""wedding guest outfit"": 0.0071, ""office wear"": 0.0071, ""date night outfit"": 0.05, ""beach vacation outfit"": 0.0071}","{""subtle and understated outfit"": 0.1154, ""bold and loud statement outfit"": 0.8846}","{""soft muted pastel colors"": 0.0714, ""bright bold colors"": 0.0714, ""dark moody colors"": 0.0714, ""neutral minimal colors"": 0.7857}","{""very formal outfit"": 0.0275, ""semi formal outfit"": 0.0734, ""casual informal outfit"": 0.8991}"
45,Red Boat Neck Lace Top,₹569,https://assets.newme.asia/wp-content/uploads/2026/02/23080701e84a50a0/NM-IN-56-BLS-25-DEC-22273-PURPLE(0).webp,https://newme.asia/product/purple-lace-semi-sheer-top,product_images/44.jpg,BLS,"{""casual everyday wear"": 0.2895, ""party outfit"": 0.2368, ""wedding guest outfit"": 0.0965, ""office wear"": 0.1667, ""date night outfit"": 0.2018, ""beach vacation outfit"": 0.0088}","{""subtle and understated outfit"": 0.1154, ""bold and loud statement outfit"": 0.8846}","{""soft muted pastel colors"": 0.0714, ""bright bold colors"": 0.7857, ""dark moody colors"": 0.0714, ""neutral minimal colors"": 0.0714}","{""very formal outfit"": 0.1718, ""semi formal outfit"": 0.4141, ""casual informal outfit"": 0.4141}"
46,Black Typography Crew Neck T-Shirt,₹409,https://assets.newme.asia/wp-content/uploads/2026/01/03111614fe4ad585/NM-IN-56-TSH-25-DEC-22287-BLACK(1).webp,https://newme.asia/product/black-typography-crew-neck-t-shirt-7,product_images/45.jpg,TSH,"{""casual everyday wear"": 0.8963, ""party outfit"": 0.0427, ""wedding guest outfit"": 0.0061, ""office wear"": 0.0061, ""date night outfit"": 0.0427, ""beach vacation outfit"": 0.0061}","{""subtle and understated outfit"": 0.1154, ""bold and loud statement outfit"": 0.8846}","{""soft muted pastel colors"": 0.0714, ""bright bold colors"": 0.0714, ""dark moody colors"": 0.7857, ""neutral minimal colors"": 0.0714}","{""very formal outfit"": 0.0396, ""semi formal outfit"": 0.1057, ""casual informal outfit"": 0.8546}"
47,Black Typography Crew Neck T-Shirt,₹589,https://assets.newme.asia/wp-content/uploads/2026/01/0311064851f658ef/NM-IN-56-TSH-25-DEC-22250-BLACK(1).webp,https://newme.asia/product/black-typography-crew-neck-t-shirt-2,product_images/46.jpg,TSH,"{""casual everyday wear"": 0.8963, ""party outfit"": 0.0427, ""wedding guest outfit"": 0.0061, ""office wear"": 0.0061, ""date night outfit"": 0.0427, ""beach vacation outfit"": 0.0061}","{""subtle and understated outfit"": 0.1154, ""bold and loud statement outfit"": 0.8846}","{""soft muted pastel colors"": 0.0714, ""bright bold colors"": 0.0714, ""dark moody colors"": 0.7857, ""neutral minimal colors"": 0.0714}","{""very formal outfit"": 0.0396, ""semi formal outfit"": 0.1057, ""casual informal outfit"": 0.8546}"
48,Light Blue Crew Neck Tshirt,₹729,https://assets.newme.asia/wp-content/uploads/2025/08/24111306d7d0d918/NM-PRC-343-TSH-25-AUG-23949-LIGHTBLUE(1).webp,https://newme.asia/product/light-blue-crew-neck-tshirt,product_images/47.jpg,TSH,"{""casual everyday wear"": 0.8509, ""party outfit"": 0.0614, ""wedding guest outfit"": 0.0088, ""office wear"": 0.0088, ""date night outfit"": 0.0614, ""beach vacation outfit"": 0.0088}","{""subtle and understated outfit"": 0.5, ""bold and loud statement outfit"": 0.5}","{""soft muted pastel colors"": 0.875, ""bright bold colors"": 0.0417, ""dark moody colors"": 0.0417, ""neutral minimal colors"": 0.0417}","{""very formal outfit"": 0.0396, ""semi formal outfit"": 0.1057, ""casual informal outfit"": 0.8546}"
49,Pink Ruched High Neck Top,₹529,https://assets.newme.asia/wp-content/uploads/2026/02/17053013441a74f3/NM-IN-56-BLS-25-DEC-22396-PINK(0).webp,https://newme.asia/product/pink-ruched-high-neck-top,product_images/48.jpg,BLS,"{""casual everyday wear"": 0.2895, ""party outfit"": 0.2368, ""wedding guest outfit"": 0.0965, ""office wear"": 0.1667, ""date night outfit"": 0.2018, ""beach vacation outfit"": 0.0088}","{""subtle and understated outfit"": 0.1154, ""bold and loud statement outfit"": 0.8846}","{""soft muted pastel colors"": 0.0714, ""bright bold colors"": 0.7857, ""dark moody colors"": 0.0714, ""neutral minimal colors"": 0.0714}","{""very formal outfit"": 0.1718, ""semi formal outfit"": 0.4141, ""casual informal outfit"": 0.4141}"
50,White Typography Crew Neck T-Shirt,₹619,https://assets.newme.asia/wp-content/uploads/2026/01/031105340a3dcd9b/NM-IN-56-TSH-25-DEC-22241-WHITE(1).webp,https://newme.asia/product/white-typography-crew-neck-t-shirt-7,product_images/49.jpg,TSH,"{""casual everyday wear"": 0.8963, ""party outfit"": 0.0427, ""wedding guest outfit"": 0.0061, ""office wear"": 0.0061, ""date night outfit"": 0.0427, ""beach vacation outfit"": 0.0061}","{""subtle and understated outfit"": 0.1154, ""bold and loud statement outfit"": 0.8846}","{""soft muted pastel colors"": 0.0714, ""bright bold colors"": 0.0714, ""dark moody colors"": 0.0714, ""neutral minimal colors"": 0.7857}","{""very formal outfit"": 0.0396, ""semi formal outfit"": 0.1057, ""casual informal outfit"": 0.8546}"
51,White Solid Crew Neck Tshirt,₹729,https://assets.newme.asia/wp-content/uploads/2025/08/16111604dd6e0813/NM-PRC-343-TSH-25-AUG-23949-WHITE(1).webp,https://newme.asia/product/white-solid-crew-neck-tshirt-7,product_images/50.jpg,TSH,"{""casual everyday wear"": 0.8509, ""party outfit"": 0.0614, ""wedding guest outfit"": 0.0088, ""office wear"": 0.0088, ""date night outfit"": 0.0614, ""beach vacation outfit"": 0.0088}","{""subtle and understated outfit"": 0.8846, ""bold and loud statement outfit"": 0.1154}","{""soft muted pastel colors"": 0.0714, ""bright bold colors"": 0.0714, ""dark moody colors"": 0.0714, ""neutral minimal colors"": 0.7857}","{""very formal outfit"": 0.0364, ""semi formal outfit"": 0.1781, ""casual informal outfit"": 0.7854}"
52,White Solid Lapel Collar Top,₹599,https://assets.newme.asia/wp-content/uploads/2026/02/1407540330c8f0a0/NM-IN-56-BLS-25-DEC-22361-WHITE(0).webp,https://newme.asia/product/white-solid-lapel-collar-top,product_images/51.jpg,BLS,"{""casual everyday wear"": 0.2292, ""party outfit"": 0.1875, ""wedding guest outfit"": 0.0764, ""office wear"": 0.3403, ""date night outfit"": 0.1597, ""beach vacation outfit"": 0.0069}","{""subtle and understated outfit"": 0.8846, ""bold and loud statement outfit"": 0.1154}","{""soft muted pastel colors"": 0.0714, ""bright bold colors"": 0.0714, ""dark moody colors"": 0.0714, ""neutral minimal colors"": 0.7857}","{""very formal outfit"": 0.3225, ""semi formal outfit"": 0.3713, ""casual informal outfit"": 0.3062}"
53,Black Graphic Printed T-Shirt,₹409,https://assets.newme.asia/wp-content/uploads/2026/01/12081220f3a6fdfa/NM-IN-56-TSH-26-JAN-22431-BLACK(1).webp,https://newme.asia/product/black-graphic-printed-t-shirt,product_images/52.jpg,TSH,"{""casual everyday wear"": 0.8786, ""party outfit"": 0.05, ""wedding guest outfit"": 0.0071, ""office wear"": 0.0071, ""date night outfit"": 0.05, ""beach vacation outfit"": 0.0071}","{""subtle and understated outfit"": 0.0455, ""bold and loud statement outfit"": 0.9545}","{""soft muted pastel colors"": 0.0714, ""bright bold colors"": 0.0714, ""dark moody colors"": 0.7857, ""neutral minimal colors"": 0.0714}","{""very formal outfit"": 0.0275, ""semi formal outfit"": 0.0734, ""casual informal outfit"": 0.8991}"
54,Light Pink Solid Crew Neck Tshirt,₹679,https://assets.newme.asia/wp-content/uploads/2025/08/161112342a0f0fc6/NM-PRC-343-TSH-25-AUG-23946-LIGHTPINK(1).webp,https://newme.asia/product/light-pink-solid-crew-neck-tshirt,product_images/53.jpg,TSH,"{""casual everyday wear"": 0.8509, ""party outfit"": 0.0614, ""wedding guest outfit"": 0.0088, ""office wear"": 0.0088, ""date night outfit"": 0.0614, ""beach vacation outfit"": 0.0088}","{""subtle and understated outfit"": 0.8846, ""bold and loud statement outfit"": 0.1154}","{""soft muted pastel colors"": 0.6176, ""bright bold colors"": 0.3235, ""dark moody colors"": 0.0294, ""neutral minimal colors"": 0.0294}","{""very formal outfit"": 0.0364, ""semi formal outfit"": 0.1781, ""casual informal outfit"": 0.7854}"
55,Bustier Corset Top,₹499,https://assets.newme.asia/wp-content/uploads/2025/07/23185449302fea9a/NM-PRC-11-BLS-23-JUN-828-WHITE_(1).webp,https://newme.asia/product/bustier-corset-top-3,product_images/54.jpg,BLS,"{""casual everyday wear"": 0.141, ""party outfit"": 0.5427, ""wedding guest outfit"": 0.047, ""office wear"": 0.0812, ""date night outfit"": 0.1838, ""beach vacation outfit"": 0.0043}","{""subtle and understated outfit"": 0.1154, ""bold and loud statement outfit"": 0.8846}","{""soft muted pastel colors"": 0.25, ""bright bold colors"": 0.25, ""dark moody colors"": 0.25, ""neutral minimal colors"": 0.25}","{""very formal outfit"": 0.1718, ""semi formal outfit"": 0.4141, ""casual informal outfit"": 0.4141}"
56,Black Graphic Print Crew Neck T-Shirt,₹639,https://assets.newme.asia/wp-content/uploads/2026/01/201228335f0bb277/NM-IN-56-TSH-26-JAN-22457-BLACK(1).webp,https://newme.asia/product/black-graphic-print-crew-neck-t-shirt-7,product_images/55.jpg,TSH,"{""casual everyday wear"": 0.8963, ""party outfit"": 0.0427, ""wedding guest outfit"": 0.0061, ""office wear"": 0.0061, ""date night outfit"": 0.0427, ""beach vacation outfit"": 0.0061}","{""subtle and understated outfit"": 0.0652, ""bold and loud statement outfit"": 0.9348}","{""soft muted pastel colors"": 0.0714, ""bright bold colors"": 0.0714, ""dark moody colors"": 0.7857, ""neutral minimal colors"": 0.0714}","{""very formal outfit"": 0.0275, ""semi formal outfit"": 0.0734, ""casual informal outfit"": 0.8991}"
57,Black Floral Buttoned Shirt,₹769,https://assets.newme.asia/wp-content/uploads/2026/03/181413133de41952/NM-PRC-437-SHT-26-MAR-31675-BLACK(1).webp,https://newme.asia/product/black-floral-buttoned-shirt,product_images/56.jpg,SHT,"{""casual everyday wear"": 0.1859, ""party outfit"": 0.109, ""wedding guest outfit"": 0.0064, ""office wear"": 0.4551, ""date night outfit"": 0.1603, ""beach vacation outfit"": 0.0833}","{""subtle and understated outfit"": 0.1154, ""bold and loud statement outfit"": 0.8846}","{""soft muted pastel colors"": 0.0714, ""bright bold colors"": 0.0714, ""dark moody colors"": 0.7857, ""neutral minimal colors"": 0.0714}","{""very formal outfit"": 0.2119, ""semi formal outfit"": 0.5762, ""casual informal outfit"": 0.2119}"
58,Blue Striped Button Down Shirt,₹1189,https://assets.newme.asia/wp-content/uploads/2025/09/0513553841733467/NM-PRC-144-SHT-25-SEP-24560-BLUE(1).webp,https://newme.asia/product/blue-striped-button-down-shirt-4,product_images/57.jpg,SHT,"{""casual everyday wear"": 0.2132, ""party outfit"": 0.125, ""wedding guest outfit"": 0.0074, ""office wear"": 0.5221, ""date night outfit"": 0.125, ""beach vacation outfit"": 0.0074}","{""subtle and understated outfit"": 0.1154, ""bold and loud statement outfit"": 0.8846}","{""soft muted pastel colors"": 0.0714, ""bright bold colors"": 0.7857, ""dark moody colors"": 0.0714, ""neutral minimal colors"": 0.0714}","{""very formal outfit"": 0.2645, ""semi formal outfit"": 0.4711, ""casual informal outfit"": 0.2645}"
59,Black Sequined V-Neck Top,₹899,https://assets.newme.asia/wp-content/uploads/2026/03/28141136393a49bf/NM-PRC-443-BLS-26-MAR-32218-BLACK(1).webp,https://newme.asia/product/black-sequined-v-neck-top-2,product_images/58.jpg,BLS,"{""casual everyday wear"": 0.1618, ""party outfit"": 0.4265, ""wedding guest outfit"": 0.0539, ""office wear"": 0.0931, ""date night outfit"": 0.2598, ""beach vacation outfit"": 0.0049}","{""subtle and understated outfit"": 0.0652, ""bold and loud statement outfit"": 0.9348}","{""soft muted pastel colors"": 0.0714, ""bright bold colors"": 0.0714, ""dark moody colors"": 0.7857, ""neutral minimal colors"": 0.0714}","{""very formal outfit"": 0.1408, ""semi formal outfit"": 0.5199, ""casual informal outfit"": 0.3394}"
60,Dark Grey Graphic Printed T-Shirt,₹849,https://assets.newme.asia/wp-content/uploads/2026/03/23152123ec393c92/NM-PRC-35-TSH-26-MAR-31877-DARKGREY(1).webp,https://newme.asia/product/dark-grey-graphic-printed-t-shirt,product_images/59.jpg,TSH,"{""casual everyday wear"": 0.8786, ""party outfit"": 0.05, ""wedding guest outfit"": 0.0071, ""office wear"": 0.0071, ""date night outfit"": 0.05, ""beach vacation outfit"": 0.0071}","{""subtle and understated outfit"": 0.0455, ""bold and loud statement outfit"": 0.9545}","{""soft muted pastel colors"": 0.0714, ""bright bold colors"": 0.0714, ""dark moody colors"": 0.0714, ""neutral minimal colors"": 0.7857}","{""very formal outfit"": 0.0275, ""semi formal outfit"": 0.0734, ""casual informal outfit"": 0.8991}"
61,Light Grey Bootcut Fit Trackpant,₹679,https://assets.newme.asia/wp-content/uploads/2025/07/301340068f619116/NM-PRC-25-TRS-25-MAR-14929-LIGHTGREY(1).webp,https://newme.asia/product/light-grey-bootcut-fit-trackpant,product_images/60.jpg,TRS,"{""casual everyday wear"": 0.5118, ""party outfit"": 0.0647, ""wedding guest outfit"": 0.0059, ""office wear"": 0.3118, ""date night outfit"": 0.1, ""beach vacation outfit"": 0.0059}","{""subtle and understated outfit"": 0.5, ""bold and loud statement outfit"": 0.5}","{""soft muted pastel colors"": 0.6176, ""bright bold colors"": 0.0294, ""dark moody colors"": 0.0294, ""neutral minimal colors"": 0.3235}","{""very formal outfit"": 0.1888, ""semi formal outfit"": 0.2653, ""casual informal outfit"": 0.5459}"
62,Light Grey Solid Relaxed Trackpants,₹999,https://assets.newme.asia/wp-content/uploads/2025/05/18091420c759d692/NM-PRC-176-TRS-25-MAR-15385-LIGHTGREY(1).webp,https://newme.asia/product/light-grey-solid-relaxed-trackpants,product_images/61.jpg,TRS,"{""casual everyday wear"": 0.5118, ""party outfit"": 0.0647, ""wedding guest outfit"": 0.0059, ""office wear"": 0.3118, ""date night outfit"": 0.1, ""beach vacation outfit"": 0.0059}","{""subtle and understated outfit"": 0.8846, ""bold and loud statement outfit"": 0.1154}","{""soft muted pastel colors"": 0.6176, ""bright bold colors"": 0.0294, ""dark moody colors"": 0.0294, ""neutral minimal colors"": 0.3235}","{""very formal outfit"": 0.1796, ""semi formal outfit"": 0.301, ""casual informal outfit"": 0.5194}"
63,Beige Regular Sweatpants,₹849,https://assets.newme.asia/wp-content/uploads/2025/07/232042067dada216/NM-IN-56-TRS-25-APR-12506-BEIGE(1).webp,https://newme.asia/product/beige-regular-sweatpants,product_images/62.jpg,TRS,"{""casual everyday wear"": 0.5118, ""party outfit"": 0.0647, ""wedding guest outfit"": 0.0059, ""office wear"": 0.3118, ""date night outfit"": 0.1, ""beach vacation outfit"": 0.0059}","{""subtle and understated outfit"": 0.5, ""bold and loud statement outfit"": 0.5}","{""soft muted pastel colors"": 0.0714, ""bright bold colors"": 0.0714, ""dark moody colors"": 0.0714, ""neutral minimal colors"": 0.7857}","{""very formal outfit"": 0.3058, ""semi formal outfit"": 0.4298, ""casual informal outfit"": 0.2645}"
64,Black Colour-Blocked Mid-Rise Pants,₹1539,https://assets.newme.asia/wp-content/uploads/2026/03/1110541658eb6a64/NM-PRC-427-TRS-26-FEB-31189-BLACK(1).webp,https://newme.asia/product/black-colour-blocked-mid-rise-pants,product_images/63.jpg,TRS,"{""casual everyday wear"": 0.2455, ""party outfit"": 0.1, ""wedding guest outfit"": 0.0091, ""office wear"": 0.4818, ""date night outfit"": 0.1545, ""beach vacation outfit"": 0.0091}","{""subtle and understated outfit"": 0.5, ""bold and loud statement outfit"": 0.5}","{""soft muted pastel colors"": 0.0714, ""bright bold colors"": 0.0714, ""dark moody colors"": 0.7857, ""neutral minimal colors"": 0.0714}","{""very formal outfit"": 0.3058, ""semi formal outfit"": 0.4298, ""casual informal outfit"": 0.2645}"
65,Black Mid Rise Striped Pants,₹999,https://assets.newme.asia/wp-content/uploads/2026/03/181344162e35692d/NM-PRC-345-TRS-26-MAR-31671-BLACK(1).webp,https://newme.asia/product/black-mid-rise-striped-pants,product_images/64.jpg,TRS,"{""casual everyday wear"": 0.2455, ""party outfit"": 0.1, ""wedding guest outfit"": 0.0091, ""office wear"": 0.4818, ""date night outfit"": 0.1545, ""beach vacation outfit"": 0.0091}","{""subtle and understated outfit"": 0.1154, ""bold and loud statement outfit"": 0.8846}","{""soft muted pastel colors"": 0.0714, ""bright bold colors"": 0.0714, ""dark moody colors"": 0.7857, ""neutral minimal colors"": 0.0714}","{""very formal outfit"": 0.3058, ""semi formal outfit"": 0.4298, ""casual informal outfit"": 0.2645}"
66,Brown Regular Sweatpants,₹899,https://assets.newme.asia/wp-content/uploads/2025/05/18093635ea004d69/NM-IN-56-TRS-25-APR-12506-BROWN(1).webp,https://newme.asia/product/brown-regular-sweatpants,product_images/65.jpg,TRS,"{""casual everyday wear"": 0.5118, ""party outfit"": 0.0647, ""wedding guest outfit"": 0.0059, ""office wear"": 0.3118, ""date night outfit"": 0.1, ""beach vacation outfit"": 0.0059}","{""subtle and understated outfit"": 0.5, ""bold and loud statement outfit"": 0.5}","{""soft muted pastel colors"": 0.0714, ""bright bold colors"": 0.0714, ""dark moody colors"": 0.7857, ""neutral minimal colors"": 0.0714}","{""very formal outfit"": 0.3058, ""semi formal outfit"": 0.4298, ""casual informal outfit"": 0.2645}"
67,Black High-Rise Colour-Blocked Pants,₹1199,https://assets.newme.asia/wp-content/uploads/2026/05/15121535040d923b/NM-PRC-345-TRS-26-MAY-33575-BLACK(1).webp,https://newme.asia/product/black-high-rise-colour-blocked-pants,product_images/66.jpg,TRS,"{""casual everyday wear"": 0.2455, ""party outfit"": 0.1, ""wedding guest outfit"": 0.0091, ""office wear"": 0.4818, ""date night outfit"": 0.1545, ""beach vacation outfit"": 0.0091}","{""subtle and understated outfit"": 0.5, ""bold and loud statement outfit"": 0.5}","{""soft muted pastel colors"": 0.0714, ""bright bold colors"": 0.0714, ""dark moody colors"": 0.7857, ""neutral minimal colors"": 0.0714}","{""very formal outfit"": 0.3058, ""semi formal outfit"": 0.4298, ""casual informal outfit"": 0.2645}"
68,Light Grey Mid Rise Striped Pants,₹899,https://assets.newme.asia/wp-content/uploads/2026/01/141254251c64e49a/NM-IN-56-TRS-25-APR-17284-LIGHTGREY(1).webp,https://newme.asia/product/light-grey-mid-rise-striped-pants,product_images/67.jpg,TRS,"{""casual everyday wear"": 0.2455, ""party outfit"": 0.1, ""wedding guest outfit"": 0.0091, ""office wear"": 0.4818, ""date night outfit"": 0.1545, ""beach vacation outfit"": 0.0091}","{""subtle and understated outfit"": 0.1154, ""bold and loud statement outfit"": 0.8846}","{""soft muted pastel colors"": 0.6176, ""bright bold colors"": 0.0294, ""dark moody colors"": 0.0294, ""neutral minimal colors"": 0.3235}","{""very formal outfit"": 0.3058, ""semi formal outfit"": 0.4298, ""casual informal outfit"": 0.2645}"
69,Black Solid Relaxed Track Pants,₹1539,https://assets.newme.asia/wp-content/uploads/2025/07/232319070ee61dd4/NM-IN-56-TRS-24-NOV-11604-BLACK(1).webp,https://newme.asia/product/black-solid-relaxed-track-pants-11,product_images/68.jpg,TRS,"{""casual everyday wear"": 0.5118, ""party outfit"": 0.0647, ""wedding guest outfit"": 0.0059, ""office wear"": 0.3118, ""date night outfit"": 0.1, ""beach vacation outfit"": 0.0059}","{""subtle and understated outfit"": 0.8846, ""bold and loud statement outfit"": 0.1154}","{""soft muted pastel colors"": 0.0714, ""bright bold colors"": 0.0714, ""dark moody colors"": 0.7857, ""neutral minimal colors"": 0.0714}","{""very formal outfit"": 0.1796, ""semi formal outfit"": 0.301, ""casual informal outfit"": 0.5194}"
70,Khaki Solid Mid Rise Trackpants,₹829,https://assets.newme.asia/wp-content/uploads/2025/08/22070556e7e91725/NM-IN-56-TRS-24-AUG-8481-KHAKI_(1).webp,https://newme.asia/product/khaki-solid-mid-rise-trackpants,product_images/69.jpg,TRS,"{""casual everyday wear"": 0.5118, ""party outfit"": 0.0647, ""wedding guest outfit"": 0.0059, ""office wear"": 0.3118, ""date night outfit"": 0.1, ""beach vacation outfit"": 0.0059}","{""subtle and understated outfit"": 0.8846, ""bold and loud statement outfit"": 0.1154}","{""soft muted pastel colors"": 0.0714, ""bright bold colors"": 0.0714, ""dark moody colors"": 0.0714, ""neutral minimal colors"": 0.7857}","{""very formal outfit"": 0.1796, ""semi formal outfit"": 0.301, ""casual informal outfit"": 0.5194}"
71,Light Grey Mid Rise Trackpants,₹1099,https://assets.newme.asia/wp-content/uploads/2025/09/1913253597ec0ed9/NM-PRC-12-TRS-25-SEP-24911-LIGHTGREY(1).webp,https://newme.asia/product/light-grey-mid-rise-trackpants,product_images/70.jpg,TRS,"{""casual everyday wear"": 0.5118, ""party outfit"": 0.0647, ""wedding guest outfit"": 0.0059, ""office wear"": 0.3118, ""date night outfit"": 0.1, ""beach vacation outfit"": 0.0059}","{""subtle and understated outfit"": 0.5, ""bold and loud statement outfit"": 0.5}","{""soft muted pastel colors"": 0.6176, ""bright bold colors"": 0.0294, ""dark moody colors"": 0.0294, ""neutral minimal colors"": 0.3235}","{""very formal outfit"": 0.1888, ""semi formal outfit"": 0.2653, ""casual informal outfit"": 0.5459}"
72,Dark Blue Mid Rise Tie-Up Trackpants,₹949,https://assets.newme.asia/wp-content/uploads/2025/10/11122247aab73786/NM-PRC-313-TRS-25-OCT-25419-DARKBLUE(1).webp,https://newme.asia/product/dark-blue-mid-rise-tie-up-trackpants,product_images/71.jpg,TRS,"{""casual everyday wear"": 0.5118, ""party outfit"": 0.0647, ""wedding guest outfit"": 0.0059, ""office wear"": 0.3118, ""date night outfit"": 0.1, ""beach vacation outfit"": 0.0059}","{""subtle and understated outfit"": 0.1154, ""bold and loud statement outfit"": 0.8846}","{""soft muted pastel colors"": 0.0714, ""bright bold colors"": 0.0714, ""dark moody colors"": 0.7857, ""neutral minimal colors"": 0.0714}","{""very formal outfit"": 0.1888, ""semi formal outfit"": 0.2653, ""casual informal outfit"": 0.5459}"
73,Mint Green Regular Sweatpants,₹679,https://assets.newme.asia/wp-content/uploads/2025/07/2320423605770c44/NM-IN-56-TRS-25-APR-12506-MINTGREEN(1).webp,https://newme.asia/product/mint-green-regular-sweatpants,product_images/72.jpg,TRS,"{""casual everyday wear"": 0.5118, ""party outfit"": 0.0647, ""wedding guest outfit"": 0.0059, ""office wear"": 0.3118, ""date night outfit"": 0.1, ""beach vacation outfit"": 0.0059}","{""subtle and understated outfit"": 0.5, ""bold and loud statement outfit"": 0.5}","{""soft muted pastel colors"": 0.4583, ""bright bold colors"": 0.4583, ""dark moody colors"": 0.0417, ""neutral minimal colors"": 0.0417}","{""very formal outfit"": 0.3058, ""semi formal outfit"": 0.4298, ""casual informal outfit"": 0.2645}"
75,Red Striped Mid-Rise Pants,₹1099,https://assets.newme.asia/wp-content/uploads/2026/05/22082422c25338ac/NM-PRC-345-TRS-26-MAY-33799-RED(1).webp,https://newme.asia/product/red-striped-mid-rise-pants,product_images/74.jpg,TRS,"{""casual everyday wear"": 0.2455, ""party outfit"": 0.1, ""wedding guest outfit"": 0.0091, ""office wear"": 0.4818, ""date night outfit"": 0.1545, ""beach vacation outfit"": 0.0091}","{""subtle and understated outfit"": 0.1154, ""bold and loud statement outfit"": 0.8846}","{""soft muted pastel colors"": 0.0714, ""bright bold colors"": 0.7857, ""dark moody colors"": 0.0714, ""neutral minimal colors"": 0.0714}","{""very formal outfit"": 0.3058, ""semi formal outfit"": 0.4298, ""casual informal outfit"": 0.2645}"
76,Grey High Rise Monochrome Leggings,₹999,https://assets.newme.asia/wp-content/uploads/2026/05/2208245607766121/NM-PRC-344-TRS-26-MAY-33843-GREY(1).webp,https://newme.asia/product/grey-high-rise-monochrome-leggings,product_images/75.jpg,TRS,"{""casual everyday wear"": 0.4812, ""party outfit"": 0.0688, ""wedding guest outfit"": 0.0063, ""office wear"": 0.3312, ""date night outfit"": 0.1063, ""beach vacation outfit"": 0.0063}","{""subtle and understated outfit"": 0.8846, ""bold and loud statement outfit"": 0.1154}","{""soft muted pastel colors"": 0.0714, ""bright bold colors"": 0.0714, ""dark moody colors"": 0.0714, ""neutral minimal colors"": 0.7857}","{""very formal outfit"": 0.3058, ""semi formal outfit"": 0.4298, ""casual informal outfit"": 0.2645}"
77,Black High-Rise Geometric Leggings,₹999,https://assets.newme.asia/wp-content/uploads/2026/05/22082416c042e1d5/NM-PRC-438-TRS-26-MAY-33771-BLACK(1).webp,https://newme.asia/product/black-high-rise-geometric-leggings-2,product_images/76.jpg,TRS,"{""casual everyday wear"": 0.4812, ""party outfit"": 0.0688, ""wedding guest outfit"": 0.0063, ""office wear"": 0.3312, ""date night outfit"": 0.1063, ""beach vacation outfit"": 0.0063}","{""subtle and understated outfit"": 0.1154, ""bold and loud statement outfit"": 0.8846}","{""soft muted pastel colors"": 0.0714, ""bright bold colors"": 0.0714, ""dark moody colors"": 0.7857, ""neutral minimal colors"": 0.0714}","{""very formal outfit"": 0.3058, ""semi formal outfit"": 0.4298, ""casual informal outfit"": 0.2645}"
78,Blue Striped Mid-Rise Pants,₹1099,https://assets.newme.asia/wp-content/uploads/2026/05/22082428ff175fcd/NM-PRC-345-TRS-26-MAY-33814-BLUE(1).webp,https://newme.asia/product/blue-striped-mid-rise-pants-7,product_images/77.jpg,TRS,"{""casual everyday wear"": 0.2455, ""party outfit"": 0.1, ""wedding guest outfit"": 0.0091, ""office wear"": 0.4818, ""date night outfit"": 0.1545, ""beach vacation outfit"": 0.0091}","{""subtle and understated outfit"": 0.1154, ""bold and loud statement outfit"": 0.8846}","{""soft muted pastel colors"": 0.0714, ""bright bold colors"": 0.7857, ""dark moody colors"": 0.0714, ""neutral minimal colors"": 0.0714}","{""very formal outfit"": 0.3058, ""semi formal outfit"": 0.4298, ""casual informal outfit"": 0.2645}"
79,Light Pink Leopard Print High Rise Leggings,₹999,https://assets.newme.asia/wp-content/uploads/2026/05/220822349116ca82/NM-PRC-438-TRS-26-MAY-33625-LIGHTPINK(1).webp,https://newme.asia/product/light-pink-leopard-print-high-rise-leggings,product_images/78.jpg,TRS,"{""casual everyday wear"": 0.4812, ""party outfit"": 0.0688, ""wedding guest outfit"": 0.0063, ""office wear"": 0.3312, ""date night outfit"": 0.1063, ""beach vacation outfit"": 0.0063}","{""subtle and understated outfit"": 0.0652, ""bold and loud statement outfit"": 0.9348}","{""soft muted pastel colors"": 0.6176, ""bright bold colors"": 0.3235, ""dark moody colors"": 0.0294, ""neutral minimal colors"": 0.0294}","{""very formal outfit"": 0.3058, ""semi formal outfit"": 0.4298, ""casual informal outfit"": 0.2645}"
80,Black Striped Mid Rise Trousers,₹1299,https://assets.newme.asia/wp-content/uploads/2026/05/2208250346bf5b08/NM-PRC-427-TRS-26-MAY-33848-BLACK(1).webp,https://newme.asia/product/black-striped-mid-rise-trousers-4,product_images/79.jpg,TRS,"{""casual everyday wear"": 0.2455, ""party outfit"": 0.1, ""wedding guest outfit"": 0.0091, ""office wear"": 0.4818, ""date night outfit"": 0.1545, ""beach vacation outfit"": 0.0091}","{""subtle and understated outfit"": 0.1154, ""bold and loud statement outfit"": 0.8846}","{""soft muted pastel colors"": 0.0714, ""bright bold colors"": 0.0714, ""dark moody colors"": 0.7857, ""neutral minimal colors"": 0.0714}","{""very formal outfit"": 0.3058, ""semi formal outfit"": 0.4298, ""casual informal outfit"": 0.2645}"
81,Light Yellow Regular Sweatpants,₹549,https://assets.newme.asia/wp-content/uploads/2025/07/23204220cdde36c9/NM-IN-56-TRS-25-APR-12506-LIGHTYELLOW(1).webp,https://newme.asia/product/light-yellow-regular-sweatpants,product_images/80.jpg,TRS,"{""casual everyday wear"": 0.5118, ""party outfit"": 0.0647, ""wedding guest outfit"": 0.0059, ""office wear"": 0.3118, ""date night outfit"": 0.1, ""beach vacation outfit"": 0.0059}","{""subtle and understated outfit"": 0.5, ""bold and loud statement outfit"": 0.5}","{""soft muted pastel colors"": 0.6176, ""bright bold colors"": 0.3235, ""dark moody colors"": 0.0294, ""neutral minimal colors"": 0.0294}","{""very formal outfit"": 0.3058, ""semi formal outfit"": 0.4298, ""casual informal outfit"": 0.2645}"
83,Black High-Rise Bootcut Pants,₹999,https://assets.newme.asia/wp-content/uploads/2025/12/03125836d93e06ab/NM-PRC-345-TRS-25-DEC-27738-BLACK(1).webp,https://newme.asia/product/black-high-rise-bootcut-pants-11,product_images/82.jpg,TRS,"{""casual everyday wear"": 0.2455, ""party outfit"": 0.1, ""wedding guest outfit"": 0.0091, ""office wear"": 0.4818, ""date night outfit"": 0.1545, ""beach vacation outfit"": 0.0091}","{""subtle and understated outfit"": 0.5, ""bold and loud statement outfit"": 0.5}","{""soft muted pastel colors"": 0.0714, ""bright bold colors"": 0.0714, ""dark moody colors"": 0.7857, ""neutral minimal colors"": 0.0714}","{""very formal outfit"": 0.3058, ""semi formal outfit"": 0.4298, ""casual informal outfit"": 0.2645}"
84,Light Grey Stripes High Rise Trackpants,₹1179,https://assets.newme.asia/wp-content/uploads/2025/05/1809284889898bf6/NM-PRC-83-TRS-25-MAR-15511-LIGHTGREY(1).webp,https://newme.asia/product/light-grey-stripes-high-rise-trackpants,product_images/83.jpg,TRS,"{""casual everyday wear"": 0.5118, ""party outfit"": 0.0647, ""wedding guest outfit"": 0.0059, ""office wear"": 0.3118, ""date night outfit"": 0.1, ""beach vacation outfit"": 0.0059}","{""subtle and understated outfit"": 0.5, ""bold and loud statement outfit"": 0.5}","{""soft muted pastel colors"": 0.6176, ""bright bold colors"": 0.0294, ""dark moody colors"": 0.0294, ""neutral minimal colors"": 0.3235}","{""very formal outfit"": 0.1888, ""semi formal outfit"": 0.2653, ""casual informal outfit"": 0.5459}"
85,Light Grey High Rise Bootcut Trackpants,₹649,https://assets.newme.asia/wp-content/uploads/2025/09/19132202b2cf6cd2/NM-PRC-345-TRS-25-SEP-24894-LIGHTGREY(1).webp,https://newme.asia/product/light-grey-high-rise-bootcut-trackpants,product_images/84.jpg,TRS,"{""casual everyday wear"": 0.5118, ""party outfit"": 0.0647, ""wedding guest outfit"": 0.0059, ""office wear"": 0.3118, ""date night outfit"": 0.1, ""beach vacation outfit"": 0.0059}","{""subtle and understated outfit"": 0.5, ""bold and loud statement outfit"": 0.5}","{""soft muted pastel colors"": 0.6176, ""bright bold colors"": 0.0294, ""dark moody colors"": 0.0294, ""neutral minimal colors"": 0.3235}","{""very formal outfit"": 0.1888, ""semi formal outfit"": 0.2653, ""casual informal outfit"": 0.5459}"
86,Maroon Highrise Trackpants,₹649,https://assets.newme.asia/wp-content/uploads/2025/08/05125730c56a6f1d/NM-IN-56-TRS-25-JUL-21116-MAROON(1).webp,https://newme.asia/product/maroon-highrise-trackpants,product_images/85.jpg,TRS,"{""casual everyday wear"": 0.5118, ""party outfit"": 0.0647, ""wedding guest outfit"": 0.0059, ""office wear"": 0.3118, ""date night outfit"": 0.1, ""beach vacation outfit"": 0.0059}","{""subtle and understated outfit"": 0.5, ""bold and loud statement outfit"": 0.5}","{""soft muted pastel colors"": 0.0714, ""bright bold colors"": 0.0714, ""dark moody colors"": 0.7857, ""neutral minimal colors"": 0.0714}","{""very formal outfit"": 0.1888, ""semi formal outfit"": 0.2653, ""casual informal outfit"": 0.5459}"
87,Beige Stripes High Rise Trackpants,₹869,https://assets.newme.asia/wp-content/uploads/2025/10/24070146d2b563f3/NM-IN-56-TRS-25-APR-17284-BEIGE(1).webp,https://newme.asia/product/beige-stripes-high-rise-trackpants-2,product_images/86.jpg,TRS,"{""casual everyday wear"": 0.5118, ""party outfit"": 0.0647, ""wedding guest outfit"": 0.0059, ""office wear"": 0.3118, ""date night outfit"": 0.1, ""beach vacation outfit"": 0.0059}","{""subtle and understated outfit"": 0.5, ""bold and loud statement outfit"": 0.5}","{""soft muted pastel colors"": 0.0714, ""bright bold colors"": 0.0714, ""dark moody colors"": 0.0714, ""neutral minimal colors"": 0.7857}","{""very formal outfit"": 0.1888, ""semi formal outfit"": 0.2653, ""casual informal outfit"": 0.5459}"
88,Lightgrey Highrise Trackpants,₹649,https://assets.newme.asia/wp-content/uploads/2025/08/0711165962dceb44/NM-IN-56-TRS-25-JUL-21116-LIGHTGREY(1).webp,https://newme.asia/product/lightgrey-highrise-trackpants-2,product_images/87.jpg,TRS,"{""casual everyday wear"": 0.5118, ""party outfit"": 0.0647, ""wedding guest outfit"": 0.0059, ""office wear"": 0.3118, ""date night outfit"": 0.1, ""beach vacation outfit"": 0.0059}","{""subtle and understated outfit"": 0.5, ""bold and loud statement outfit"": 0.5}","{""soft muted pastel colors"": 0.0714, ""bright bold colors"": 0.0714, ""dark moody colors"": 0.0714, ""neutral minimal colors"": 0.7857}","{""very formal outfit"": 0.1888, ""semi formal outfit"": 0.2653, ""casual informal outfit"": 0.5459}"
89,Black Mid Rise Tie-Up Trackpants,₹969,https://assets.newme.asia/wp-content/uploads/2025/11/17063950724e7deb/NM-PRC-313-TRS-25-OCT-25415-BLACK(1).webp,https://newme.asia/product/black-mid-rise-tie-up-trackpants,product_images/88.jpg,TRS,"{""casual everyday wear"": 0.5118, ""party outfit"": 0.0647, ""wedding guest outfit"": 0.0059, ""office wear"": 0.3118, ""date night outfit"": 0.1, ""beach vacation outfit"": 0.0059}","{""subtle and understated outfit"": 0.1154, ""bold and loud statement outfit"": 0.8846}","{""soft muted pastel colors"": 0.0714, ""bright bold colors"": 0.0714, ""dark moody colors"": 0.7857, ""neutral minimal colors"": 0.0714}","{""very formal outfit"": 0.1888, ""semi formal outfit"": 0.2653, ""casual informal outfit"": 0.5459}"
90,Blue Denim Jumpsuit,₹1399,https://assets.newme.asia/wp-content/uploads/2025/07/22124007fb45b6c6/NM-IN-56-JMP-25-MAY-16594-BLUE_(1).webp,https://newme.asia/product/blue-denim-jumpsuit,product_images/89.jpg,JMP,"{""casual everyday wear"": 0.4338, ""party outfit"": 0.1985, ""wedding guest outfit"": 0.0074, ""office wear"": 0.0809, ""date night outfit"": 0.2279, ""beach vacation outfit"": 0.0515}","{""subtle and understated outfit"": 0.5, ""bold and loud statement outfit"": 0.5}","{""soft muted pastel colors"": 0.0714, ""bright bold colors"": 0.7857, ""dark moody colors"": 0.0714, ""neutral minimal colors"": 0.0714}","{""very formal outfit"": 0.1145, ""semi formal outfit"": 0.3502, ""casual informal outfit"": 0.5354}"
91,Red Solid Cut Out Detail Jumpsuit,₹749,https://assets.newme.asia/wp-content/uploads/2025/07/2323140547df451f/NM-IN-56-JMP-24-DEC-12228-RED(1).webp,https://newme.asia/product/red-solid-cut-out-detail-jumpsuit,product_images/90.jpg,JMP,"{""casual everyday wear"": 0.125, ""party outfit"": 0.4145, ""wedding guest outfit"": 0.0066, ""office wear"": 0.0724, ""date night outfit"": 0.3355, ""beach vacation outfit"": 0.0461}","{""subtle and understated outfit"": 0.5, ""bold and loud statement outfit"": 0.5}","{""soft muted pastel colors"": 0.0714, ""bright bold colors"": 0.7857, ""dark moody colors"": 0.0714, ""neutral minimal colors"": 0.0714}","{""very formal outfit"": 0.1405, ""semi formal outfit"": 0.5124, ""casual informal outfit"": 0.3471}"
92,Black Solid Off Shoulder Jumpsuit,₹639,https://assets.newme.asia/wp-content/uploads/2025/05/28121109851c46bf/NM-IN-56-JMP-24-DEC-12230-BLACK(1).webp,https://newme.asia/product/black-solid-off-shoulder-jumpsuit,product_images/91.jpg,JMP,"{""casual everyday wear"": 0.1979, ""party outfit"": 0.2813, ""wedding guest outfit"": 0.0104, ""office wear"": 0.1146, ""date night outfit"": 0.3229, ""beach vacation outfit"": 0.0729}","{""subtle and understated outfit"": 0.8846, ""bold and loud statement outfit"": 0.1154}","{""soft muted pastel colors"": 0.0714, ""bright bold colors"": 0.0714, ""dark moody colors"": 0.7857, ""neutral minimal colors"": 0.0714}","{""very formal outfit"": 0.1405, ""semi formal outfit"": 0.5124, ""casual informal outfit"": 0.3471}"
93,Light Blue Striped Tube Jumpsuit,₹1199,https://assets.newme.asia/wp-content/uploads/2026/02/26143347858298e9/NM-PRC-159-JMP-26-JAN-30538-LIGHTBLUE(1).webp,https://newme.asia/product/light-blue-striped-tube-jumpsuit,product_images/92.jpg,JMP,"{""casual everyday wear"": 0.1979, ""party outfit"": 0.2813, ""wedding guest outfit"": 0.0104, ""office wear"": 0.1146, ""date night outfit"": 0.3229, ""beach vacation outfit"": 0.0729}","{""subtle and understated outfit"": 0.1154, ""bold and loud statement outfit"": 0.8846}","{""soft muted pastel colors"": 0.875, ""bright bold colors"": 0.0417, ""dark moody colors"": 0.0417, ""neutral minimal colors"": 0.0417}","{""very formal outfit"": 0.1532, ""semi formal outfit"": 0.4685, ""casual informal outfit"": 0.3784}"
94,Off White Abstract Tie-Up Jumpsuit,₹1299,https://assets.newme.asia/wp-content/uploads/2026/03/121359401beb1ba0/NM-PRC-159-JMP-26-FEB-31309-OFFWHITE(1).webp,https://newme.asia/product/off-white-abstract-tie-up-jumpsuit,product_images/93.jpg,JMP,"{""casual everyday wear"": 0.1979, ""party outfit"": 0.2813, ""wedding guest outfit"": 0.0104, ""office wear"": 0.1146, ""date night outfit"": 0.3229, ""beach vacation outfit"": 0.0729}","{""subtle and understated outfit"": 0.0652, ""bold and loud statement outfit"": 0.9348}","{""soft muted pastel colors"": 0.0417, ""bright bold colors"": 0.0417, ""dark moody colors"": 0.0417, ""neutral minimal colors"": 0.875}","{""very formal outfit"": 0.1532, ""semi formal outfit"": 0.4685, ""casual informal outfit"": 0.3784}"
95,Black Solid Zipper Neck Jumpsuit,₹1349,https://assets.newme.asia/wp-content/uploads/2026/01/031322212895dc00/NM-PRC-344-JMP-26-JAN-29756-BLACK(1).webp,https://newme.asia/product/black-solid-zipper-neck-jumpsuit,product_images/94.jpg,JMP,"{""casual everyday wear"": 0.1979, ""party outfit"": 0.2813, ""wedding guest outfit"": 0.0104, ""office wear"": 0.1146, ""date night outfit"": 0.3229, ""beach vacation outfit"": 0.0729}","{""subtle and understated outfit"": 0.8846, ""bold and loud statement outfit"": 0.1154}","{""soft muted pastel colors"": 0.0714, ""bright bold colors"": 0.0714, ""dark moody colors"": 0.7857, ""neutral minimal colors"": 0.0714}","{""very formal outfit"": 0.1405, ""semi formal outfit"": 0.5124, ""casual informal outfit"": 0.3471}"
96,Black Abstract Tie-Up Jumpsuit,₹1299,https://assets.newme.asia/wp-content/uploads/2026/03/12135942d9b5fcaa/NM-PRC-159-JMP-26-FEB-31308-BLACK(1).webp,https://newme.asia/product/black-abstract-tie-up-jumpsuit,product_images/95.jpg,JMP,"{""casual everyday wear"": 0.1979, ""party outfit"": 0.2813, ""wedding guest outfit"": 0.0104, ""office wear"": 0.1146, ""date night outfit"": 0.3229, ""beach vacation outfit"": 0.0729}","{""subtle and understated outfit"": 0.0652, ""bold and loud statement outfit"": 0.9348}","{""soft muted pastel colors"": 0.0714, ""bright bold colors"": 0.0714, ""dark moody colors"": 0.7857, ""neutral minimal colors"": 0.0714}","{""very formal outfit"": 0.1532, ""semi formal outfit"": 0.4685, ""casual informal outfit"": 0.3784}"
97,Navy Blue Solid Buttoned Jumpsuit,₹1159,https://assets.newme.asia/wp-content/uploads/2026/03/0211142214ee0020/NM-IN-56-JMP-25-NOV-26033-NAVY(0).webp,https://newme.asia/product/navy-blue-solid-buttoned-jumpsuit,product_images/96.jpg,JMP,"{""casual everyday wear"": 0.1508, ""party outfit"": 0.2143, ""wedding guest outfit"": 0.0079, ""office wear"": 0.3254, ""date night outfit"": 0.246, ""beach vacation outfit"": 0.0556}","{""subtle and understated outfit"": 0.8846, ""bold and loud statement outfit"": 0.1154}","{""soft muted pastel colors"": 0.0714, ""bright bold colors"": 0.0714, ""dark moody colors"": 0.7857, ""neutral minimal colors"": 0.0714}","{""very formal outfit"": 0.1126, ""semi formal outfit"": 0.6093, ""casual informal outfit"": 0.2781}"
98,Light Blue Striped Cut-Out Jumpsuit,₹1499,https://assets.newme.asia/wp-content/uploads/2026/03/1310523404c0d62b/NM-PRC-12-JMP-26-MAR-31555-LIGHTBLUE(1).webp,https://newme.asia/product/light-blue-striped-cut-out-jumpsuit,product_images/97.jpg,JMP,"{""casual everyday wear"": 0.1979, ""party outfit"": 0.2813, ""wedding guest outfit"": 0.0104, ""office wear"": 0.1146, ""date night outfit"": 0.3229, ""beach vacation outfit"": 0.0729}","{""subtle and understated outfit"": 0.1154, ""bold and loud statement outfit"": 0.8846}","{""soft muted pastel colors"": 0.875, ""bright bold colors"": 0.0417, ""dark moody colors"": 0.0417, ""neutral minimal colors"": 0.0417}","{""very formal outfit"": 0.1532, ""semi formal outfit"": 0.4685, ""casual informal outfit"": 0.3784}"
99,Red Solid Balloon Sleeve Jumpsuit,₹1999,https://assets.newme.asia/wp-content/uploads/2026/04/18090811067980d5/NM-IN-56-JMP-25-DEC-29162-RED(0).webp,https://newme.asia/product/red-solid-balloon-sleeve-jumpsuit,product_images/98.jpg,JMP,"{""casual everyday wear"": 0.1979, ""party outfit"": 0.2813, ""wedding guest outfit"": 0.0104, ""office wear"": 0.1146, ""date night outfit"": 0.3229, ""beach vacation outfit"": 0.0729}","{""subtle and understated outfit"": 0.8846, ""bold and loud statement outfit"": 0.1154}","{""soft muted pastel colors"": 0.0714, ""bright bold colors"": 0.7857, ""dark moody colors"": 0.0714, ""neutral minimal colors"": 0.0714}","{""very formal outfit"": 0.1405, ""semi formal outfit"": 0.5124, ""casual informal outfit"": 0.3471}"
100,Dark Brown Solid Square Neck Jumpsuit,₹1399,https://assets.newme.asia/wp-content/uploads/2026/05/091730548bf29566/NM-PRC-395-JMP-26-APR-33096-DARKBROWN(1).webp,https://newme.asia/product/dark-brown-solid-square-neck-jumpsuit,product_images/99.jpg,JMP,"{""casual everyday wear"": 0.1979, ""party outfit"": 0.2813, ""wedding guest outfit"": 0.0104, ""office wear"": 0.1146, ""date night outfit"": 0.3229, ""beach vacation outfit"": 0.0729}","{""subtle and understated outfit"": 0.8846, ""bold and loud statement outfit"": 0.1154}","{""soft muted pastel colors"": 0.0714, ""bright bold colors"": 0.0714, ""dark moody colors"": 0.7857, ""neutral minimal colors"": 0.0714}","{""very formal outfit"": 0.1405, ""semi formal outfit"": 0.5124, ""casual informal outfit"": 0.3471}"
101,Black Embellished Spaghetti Straps Jumpsuit,₹699,https://assets.newme.asia/wp-content/uploads/2025/09/151018143652f4f2/NM-IN-56-JMP-25-APR-17048-BLACK(1).webp,https://newme.asia/product/black-embellished-spaghetti-straps-jumpsuit-2,product_images/100.jpg,JMP,"{""casual everyday wear"": 0.1188, ""party outfit"": 0.2937, ""wedding guest outfit"": 0.2812, ""office wear"": 0.0688, ""date night outfit"": 0.1938, ""beach vacation outfit"": 0.0437}","{""subtle and understated outfit"": 0.1154, ""bold and loud statement outfit"": 0.8846}","{""soft muted pastel colors"": 0.0714, ""bright bold colors"": 0.0714, ""dark moody colors"": 0.7857, ""neutral minimal colors"": 0.0714}","{""very formal outfit"": 0.125, ""semi formal outfit"": 0.5662, ""casual informal outfit"": 0.3088}"
102,Off White Solid Buttoned Jumpsuit,₹1479,https://assets.newme.asia/wp-content/uploads/2026/03/02111421c023aa4d/NM-IN-56-JMP-26-JAN-29816-OFFWHITE(0).webp,https://newme.asia/product/off-white-solid-buttoned-jumpsuit,product_images/101.jpg,JMP,"{""casual everyday wear"": 0.1508, ""party outfit"": 0.2143, ""wedding guest outfit"": 0.0079, ""office wear"": 0.3254, ""date night outfit"": 0.246, ""beach vacation outfit"": 0.0556}","{""subtle and understated outfit"": 0.8846, ""bold and loud statement outfit"": 0.1154}","{""soft muted pastel colors"": 0.0417, ""bright bold colors"": 0.0417, ""dark moody colors"": 0.0417, ""neutral minimal colors"": 0.875}","{""very formal outfit"": 0.1126, ""semi formal outfit"": 0.6093, ""casual informal outfit"": 0.2781}"
103,Black Solid High Neck Jumpsuit,₹1199,https://assets.newme.asia/wp-content/uploads/2026/03/0610220229e8a153/NM-PRC-194-JMP-26-FEB-30896-BLACK(1).webp,https://newme.asia/product/black-solid-high-neck-jumpsuit-2,product_images/102.jpg,JMP,"{""casual everyday wear"": 0.1979, ""party outfit"": 0.2813, ""wedding guest outfit"": 0.0104, ""office wear"": 0.1146, ""date night outfit"": 0.3229, ""beach vacation outfit"": 0.0729}","{""subtle and understated outfit"": 0.8846, ""bold and loud statement outfit"": 0.1154}","{""soft muted pastel colors"": 0.0714, ""bright bold colors"": 0.0714, ""dark moody colors"": 0.7857, ""neutral minimal colors"": 0.0714}","{""very formal outfit"": 0.1405, ""semi formal outfit"": 0.5124, ""casual informal outfit"": 0.3471}"
104,Black Solid Glitter Jumpsuit,₹1029,https://assets.newme.asia/wp-content/uploads/2026/02/1011370443deda3a/NM-IN-56-JMP-25-NOV-26622-BLACK(0).webp,https://newme.asia/product/black-solid-glitter-jumpsuit,product_images/103.jpg,JMP,"{""casual everyday wear"": 0.1301, ""party outfit"": 0.5274, ""wedding guest outfit"": 0.0068, ""office wear"": 0.0753, ""date night outfit"": 0.2123, ""beach vacation outfit"": 0.0479}","{""subtle and understated outfit"": 0.5, ""bold and loud statement outfit"": 0.5}","{""soft muted pastel colors"": 0.0714, ""bright bold colors"": 0.0714, ""dark moody colors"": 0.7857, ""neutral minimal colors"": 0.0714}","{""very formal outfit"": 0.1405, ""semi formal outfit"": 0.5124, ""casual informal outfit"": 0.3471}"
105,Black Solid High Rise Jumpsuit,₹499,https://assets.newme.asia/wp-content/uploads/2026/01/13094002453f3cc9/NM-IN-56-JMP-25-AUG-24343-BLACK(1).webp,https://newme.asia/product/black-solid-high-rise-jumpsuit,product_images/104.jpg,JMP,"{""casual everyday wear"": 0.1979, ""party outfit"": 0.2813, ""wedding guest outfit"": 0.0104, ""office wear"": 0.1146, ""date night outfit"": 0.3229, ""beach vacation outfit"": 0.0729}","{""subtle and understated outfit"": 0.8846, ""bold and loud statement outfit"": 0.1154}","{""soft muted pastel colors"": 0.0714, ""bright bold colors"": 0.0714, ""dark moody colors"": 0.7857, ""neutral minimal colors"": 0.0714}","{""very formal outfit"": 0.1405, ""semi formal outfit"": 0.5124, ""casual informal outfit"": 0.3471}"
106,Black Fitted Cutout Jumpsuit,₹1069,https://assets.newme.asia/wp-content/uploads/2025/08/13075146b3f01a86/NM-PRC-344-JMP-25-AUG-23736-BLACK(1).webp,https://newme.asia/product/black-fitted-cutout-jumpsuit,product_images/105.jpg,JMP,"{""casual everyday wear"": 0.125, ""party outfit"": 0.4145, ""wedding guest outfit"": 0.0066, ""office wear"": 0.0724, ""date night outfit"": 0.3355, ""beach vacation outfit"": 0.0461}","{""subtle and understated outfit"": 0.5, ""bold and loud statement outfit"": 0.5}","{""soft muted pastel colors"": 0.0714, ""bright bold colors"": 0.0714, ""dark moody colors"": 0.7857, ""neutral minimal colors"": 0.0714}","{""very formal outfit"": 0.1532, ""semi formal outfit"": 0.4685, ""casual informal outfit"": 0.3784}"
107,Offshoulder Floral Ruched Jumpsuit,₹1099,https://assets.newme.asia/wp-content/uploads/2025/05/18101620bd559d6f/NM-PRC-27-JMP-25-APR-18108-BLACK(1).webp,https://newme.asia/product/offshoulder-floral-ruched-jumpsuit,product_images/106.jpg,JMP,"{""casual everyday wear"": 0.1638, ""party outfit"": 0.2328, ""wedding guest outfit"": 0.0086, ""office wear"": 0.0948, ""date night outfit"": 0.3362, ""beach vacation outfit"": 0.1638}","{""subtle and understated outfit"": 0.0652, ""bold and loud statement outfit"": 0.9348}","{""soft muted pastel colors"": 0.25, ""bright bold colors"": 0.25, ""dark moody colors"": 0.25, ""neutral minimal colors"": 0.25}","{""very formal outfit"": 0.1532, ""semi formal outfit"": 0.4685, ""casual informal outfit"": 0.3784}"
108,Pink Fitted Backless Jumpsuit,₹1099,https://assets.newme.asia/wp-content/uploads/2025/08/30133603d25760bd/NM-PRC-150-JMP-25-AUG-24371-PINK(1).webp,https://newme.asia/product/pink-fitted-backless-jumpsuit,product_images/107.jpg,JMP,"{""casual everyday wear"": 0.1145, ""party outfit"": 0.4036, ""wedding guest outfit"": 0.006, ""office wear"": 0.0663, ""date night outfit"": 0.3675, ""beach vacation outfit"": 0.0422}","{""subtle and understated outfit"": 0.5, ""bold and loud statement outfit"": 0.5}","{""soft muted pastel colors"": 0.0714, ""bright bold colors"": 0.7857, ""dark moody colors"": 0.0714, ""neutral minimal colors"": 0.0714}","{""very formal outfit"": 0.1532, ""semi formal outfit"": 0.4685, ""casual informal outfit"": 0.3784}"
109,Leopard Print Sweetheart Neck Jumpsuit,₹1179,https://assets.newme.asia/wp-content/uploads/2026/05/0809553436467343/NM-IN-56-JMP-25-NOV-22088-BROWN(0).webp,https://newme.asia/product/leopard-print-sweetheart-neck-jumpsuit-2,product_images/108.jpg,JMP,"{""casual everyday wear"": 0.1979, ""party outfit"": 0.2813, ""wedding guest outfit"": 0.0104, ""office wear"": 0.1146, ""date night outfit"": 0.3229, ""beach vacation outfit"": 0.0729}","{""subtle and understated outfit"": 0.0652, ""bold and loud statement outfit"": 0.9348}","{""soft muted pastel colors"": 0.25, ""bright bold colors"": 0.25, ""dark moody colors"": 0.25, ""neutral minimal colors"": 0.25}","{""very formal outfit"": 0.1532, ""semi formal outfit"": 0.4685, ""casual informal outfit"": 0.3784}"
110,Black Fitted Sports Jumpsuit,₹1449,https://assets.newme.asia/wp-content/uploads/2025/11/151352519cda54c1/NM-PRC-344-JMP-25-NOV-26770-BLACK(1).webp,https://newme.asia/product/black-fitted-sports-jumpsuit,product_images/109.jpg,JMP,"{""casual everyday wear"": 0.1979, ""party outfit"": 0.2813, ""wedding guest outfit"": 0.0104, ""office wear"": 0.1146, ""date night outfit"": 0.3229, ""beach vacation outfit"": 0.0729}","{""subtle and understated outfit"": 0.8846, ""bold and loud statement outfit"": 0.1154}","{""soft muted pastel colors"": 0.0714, ""bright bold colors"": 0.0714, ""dark moody colors"": 0.7857, ""neutral minimal colors"": 0.0714}","{""very formal outfit"": 0.1532, ""semi formal outfit"": 0.4685, ""casual informal outfit"": 0.3784}"
111,White Leaf Print Jumpsuit,₹1499,https://assets.newme.asia/wp-content/uploads/2026/05/1519360572be130a/NM-PRC-395-JMP-26-APR-33006-WHITE(1).webp,https://newme.asia/product/white-leaf-print-jumpsuit,product_images/110.jpg,JMP,"{""casual everyday wear"": 0.1979, ""party outfit"": 0.2813, ""wedding guest outfit"": 0.0104, ""office wear"": 0.1146, ""date night outfit"": 0.3229, ""beach vacation outfit"": 0.0729}","{""subtle and understated outfit"": 0.1154, ""bold and loud statement outfit"": 0.8846}","{""soft muted pastel colors"": 0.0714, ""bright bold colors"": 0.0714, ""dark moody colors"": 0.0714, ""neutral minimal colors"": 0.7857}","{""very formal outfit"": 0.1532, ""semi formal outfit"": 0.4685, ""casual informal outfit"": 0.3784}"
112,Light Yellow Embroidered Jumpsuit,₹1489,https://assets.newme.asia/wp-content/uploads/2026/01/0313222629d71a08/NM-PRC-313-JMP-26-JAN-29757-LIGHTYELLOW(1).webp,https://newme.asia/product/light-yellow-embroidered-jumpsuit,product_images/111.jpg,JMP,"{""casual everyday wear"": 0.1357, ""party outfit"": 0.1929, ""wedding guest outfit"": 0.3214, ""office wear"": 0.0786, ""date night outfit"": 0.2214, ""beach vacation outfit"": 0.05}","{""subtle and understated outfit"": 0.1154, ""bold and loud statement outfit"": 0.8846}","{""soft muted pastel colors"": 0.4773, ""bright bold colors"": 0.4773, ""dark moody colors"": 0.0227, ""neutral minimal colors"": 0.0227}","{""very formal outfit"": 0.1532, ""semi formal outfit"": 0.4685, ""casual informal outfit"": 0.3784}"
113,Green Solid Plunge Neck Jumpsuit,₹1269,https://assets.newme.asia/wp-content/uploads/2026/05/060609113cd511e4/NM-IN-56-JMP-26-APR-22673-GREEN(0).webp,https://newme.asia/product/green-solid-plunge-neck-jumpsuit,product_images/112.jpg,JMP,"{""casual everyday wear"": 0.1979, ""party outfit"": 0.2813, ""wedding guest outfit"": 0.0104, ""office wear"": 0.1146, ""date night outfit"": 0.3229, ""beach vacation outfit"": 0.0729}","{""subtle and understated outfit"": 0.8846, ""bold and loud statement outfit"": 0.1154}","{""soft muted pastel colors"": 0.0714, ""bright bold colors"": 0.7857, ""dark moody colors"": 0.0714, ""neutral minimal colors"": 0.0714}","{""very formal outfit"": 0.1405, ""semi formal outfit"": 0.5124, ""casual informal outfit"": 0.3471}"
114,Rust Floral Plunge Neck Jumpsuit,₹1269,https://assets.newme.asia/wp-content/uploads/2026/05/0606090976402b0d/NM-IN-56-JMP-26-APR-22673-RUST(0).webp,https://newme.asia/product/rust-floral-plunge-neck-jumpsuit,product_images/113.jpg,JMP,"{""casual everyday wear"": 0.1638, ""party outfit"": 0.2328, ""wedding guest outfit"": 0.0086, ""office wear"": 0.0948, ""date night outfit"": 0.3362, ""beach vacation outfit"": 0.1638}","{""subtle and understated outfit"": 0.1154, ""bold and loud statement outfit"": 0.8846}","{""soft muted pastel colors"": 0.0714, ""bright bold colors"": 0.7857, ""dark moody colors"": 0.0714, ""neutral minimal colors"": 0.0714}","{""very formal outfit"": 0.1532, ""semi formal outfit"": 0.4685, ""casual informal outfit"": 0.3784}"
115,White Fitted Sports Jumpsuit,₹1299,https://assets.newme.asia/wp-content/uploads/2025/11/1513525047a6d27a/NM-PRC-344-JMP-25-NOV-26770-WHITE(1).webp,https://newme.asia/product/white-fitted-sports-jumpsuit,product_images/114.jpg,JMP,"{""casual everyday wear"": 0.1979, ""party outfit"": 0.2813, ""wedding guest outfit"": 0.0104, ""office wear"": 0.1146, ""date night outfit"": 0.3229, ""beach vacation outfit"": 0.0729}","{""subtle and understated outfit"": 0.8846, ""bold and loud statement outfit"": 0.1154}","{""soft muted pastel colors"": 0.0714, ""bright bold colors"": 0.0714, ""dark moody colors"": 0.0714, ""neutral minimal colors"": 0.7857}","{""very formal outfit"": 0.1532, ""semi formal outfit"": 0.4685, ""casual informal outfit"": 0.3784}"
116,Black Fitted Backless Jumpsuit,₹1089,https://assets.newme.asia/wp-content/uploads/2025/09/05135421d880d842/NM-PRC-344-JMP-25-AUG-24346-BLACK(1).webp,https://newme.asia/product/black-fitted-backless-jumpsuit,product_images/115.jpg,JMP,"{""casual everyday wear"": 0.1145, ""party outfit"": 0.4036, ""wedding guest outfit"": 0.006, ""office wear"": 0.0663, ""date night outfit"": 0.3675, ""beach vacation outfit"": 0.0422}","{""subtle and understated outfit"": 0.5, ""bold and loud statement outfit"": 0.5}","{""soft muted pastel colors"": 0.0714, ""bright bold colors"": 0.0714, ""dark moody colors"": 0.7857, ""neutral minimal colors"": 0.0714}","{""very formal outfit"": 0.1532, ""semi formal outfit"": 0.4685, ""casual informal outfit"": 0.3784}"
117,Light Yellow Smocked Tube Jumpsuit,₹1729,https://assets.newme.asia/wp-content/uploads/2025/12/2917335411e6a381/NM-PRC-12-JMP-25-DEC-29187-LIGHTYELLOW(1).webp,https://newme.asia/product/light-yellow-smocked-tube-jumpsuit,product_images/116.jpg,JMP,"{""casual everyday wear"": 0.1979, ""party outfit"": 0.2813, ""wedding guest outfit"": 0.0104, ""office wear"": 0.1146, ""date night outfit"": 0.3229, ""beach vacation outfit"": 0.0729}","{""subtle and understated outfit"": 0.5, ""bold and loud statement outfit"": 0.5}","{""soft muted pastel colors"": 0.6176, ""bright bold colors"": 0.3235, ""dark moody colors"": 0.0294, ""neutral minimal colors"": 0.0294}","{""very formal outfit"": 0.1532, ""semi formal outfit"": 0.4685, ""casual informal outfit"": 0.3784}"
118,Rust Solid Wide Leg Jumpsuit,₹1509,https://assets.newme.asia/wp-content/uploads/2026/02/26143317b988d277/NM-PRC-3-JMP-26-JAN-30481-RUST(1).webp,https://newme.asia/product/rust-solid-wide-leg-jumpsuit,product_images/117.jpg,JMP,"{""casual everyday wear"": 0.1979, ""party outfit"": 0.2813, ""wedding guest outfit"": 0.0104, ""office wear"": 0.1146, ""date night outfit"": 0.3229, ""beach vacation outfit"": 0.0729}","{""subtle and understated outfit"": 0.8846, ""bold and loud statement outfit"": 0.1154}","{""soft muted pastel colors"": 0.0714, ""bright bold colors"": 0.7857, ""dark moody colors"": 0.0714, ""neutral minimal colors"": 0.0714}","{""very formal outfit"": 0.1405, ""semi formal outfit"": 0.5124, ""casual informal outfit"": 0.3471}"
119,Black Fitted Squareneck Jumpsuit,₹999,https://assets.newme.asia/wp-content/uploads/2025/07/2814321479ee27ac/NM-PRC-12-JMP-25-JUL-23298-BLACK(1).webp,https://newme.asia/product/black-fitted-squareneck-jumpsuit,product_images/118.jpg,JMP,"{""casual everyday wear"": 0.1979, ""party outfit"": 0.2813, ""wedding guest outfit"": 0.0104, ""office wear"": 0.1146, ""date night outfit"": 0.3229, ""beach vacation outfit"": 0.0729}","{""subtle and understated outfit"": 0.8846, ""bold and loud statement outfit"": 0.1154}","{""soft muted pastel colors"": 0.0714, ""bright bold colors"": 0.0714, ""dark moody colors"": 0.7857, ""neutral minimal colors"": 0.0714}","{""very formal outfit"": 0.1532, ""semi formal outfit"": 0.4685, ""casual informal outfit"": 0.3784}"
120,Blue Mid Rise Sequin Wrap Skirt,₹679,https://assets.newme.asia/wp-content/uploads/2026/04/2405541714e34672/NM-IN-54-SKT-26-MAR-31491-BLUE(0).webp,https://newme.asia/product/blue-mid-rise-sequin-wrap-skirt,product_images/119.jpg,SKT,"{""casual everyday wear"": 0.1467, ""party outfit"": 0.4728, ""wedding guest outfit"": 0.0054, ""office wear"": 0.1033, ""date night outfit"": 0.2663, ""beach vacation outfit"": 0.0054}","{""subtle and understated outfit"": 0.1154, ""bold and loud statement outfit"": 0.8846}","{""soft muted pastel colors"": 0.0714, ""bright bold colors"": 0.7857, ""dark moody colors"": 0.0714, ""neutral minimal colors"": 0.0714}","{""very formal outfit"": 0.1461, ""semi formal outfit"": 0.5768, ""casual informal outfit"": 0.2772}"
121,White Mid Rise Sequin Wrap Skirt,₹679,https://assets.newme.asia/wp-content/uploads/2026/04/24055339cabef7a0/NM-IN-54-SKT-26-MAR-31491-WHITE(0).webp,https://newme.asia/product/white-mid-rise-sequin-wrap-skirt,product_images/120.jpg,SKT,"{""casual everyday wear"": 0.1467, ""party outfit"": 0.4728, ""wedding guest outfit"": 0.0054, ""office wear"": 0.1033, ""date night outfit"": 0.2663, ""beach vacation outfit"": 0.0054}","{""subtle and understated outfit"": 0.1154, ""bold and loud statement outfit"": 0.8846}","{""soft muted pastel colors"": 0.0714, ""bright bold colors"": 0.0714, ""dark moody colors"": 0.0714, ""neutral minimal colors"": 0.7857}","{""very formal outfit"": 0.1461, ""semi formal outfit"": 0.5768, ""casual informal outfit"": 0.2772}"
122,White Sequined Floral Sheer Dress,₹1039,https://assets.newme.asia/wp-content/uploads/2026/05/18082730628e83e1/NM-IN-54-DRS-26-MAR-31587-WHITE(0).webp,https://newme.asia/product/white-sequined-floral-sheer-dress,product_images/121.jpg,DRS,"{""casual everyday wear"": 0.0568, ""party outfit"": 0.4508, ""wedding guest outfit"": 0.0947, ""office wear"": 0.0038, ""date night outfit"": 0.3144, ""beach vacation outfit"": 0.0795}","{""subtle and understated outfit"": 0.0349, ""bold and loud statement outfit"": 0.9651}","{""soft muted pastel colors"": 0.0714, ""bright bold colors"": 0.0714, ""dark moody colors"": 0.0714, ""neutral minimal colors"": 0.7857}","{""very formal outfit"": 0.1915, ""semi formal outfit"": 0.5816, ""casual informal outfit"": 0.227}"
123,Black Sequined Floral Sheer Dress,₹1129,https://assets.newme.asia/wp-content/uploads/2026/04/24055716acc08e09/NM-IN-54-DRS-26-MAR-31586-BLACK(0).webp,https://newme.asia/product/black-sequined-floral-sheer-dress,product_images/122.jpg,DRS,"{""casual everyday wear"": 0.0568, ""party outfit"": 0.4508, ""wedding guest outfit"": 0.0947, ""office wear"": 0.0038, ""date night outfit"": 0.3144, ""beach vacation outfit"": 0.0795}","{""subtle and understated outfit"": 0.0349, ""bold and loud statement outfit"": 0.9651}","{""soft muted pastel colors"": 0.0714, ""bright bold colors"": 0.0714, ""dark moody colors"": 0.7857, ""neutral minimal colors"": 0.0714}","{""very formal outfit"": 0.1915, ""semi formal outfit"": 0.5816, ""casual informal outfit"": 0.227}"
124,Brown Ethnic Print Maxi Dress,₹1549,https://assets.newme.asia/wp-content/uploads/2026/05/211805206e8b976c/NM-PRC-44-DRS-26-MAY-33858-BROWN(1).webp,https://newme.asia/product/brown-ethnic-print-maxi-dress,product_images/123.jpg,DRS,"{""casual everyday wear"": 0.0694, ""party outfit"": 0.2269, ""wedding guest outfit"": 0.412, ""office wear"": 0.0046, ""date night outfit"": 0.1713, ""beach vacation outfit"": 0.1157}","{""subtle and understated outfit"": 0.0652, ""bold and loud statement outfit"": 0.9348}","{""soft muted pastel colors"": 0.0714, ""bright bold colors"": 0.0714, ""dark moody colors"": 0.7857, ""neutral minimal colors"": 0.0714}","{""very formal outfit"": 0.2328, ""semi formal outfit"": 0.4914, ""casual informal outfit"": 0.2759}"
125,Light Blue Schiffli Mid Rise Shorts,₹679,https://assets.newme.asia/wp-content/uploads/2026/04/2913185150d79e67/NM-IN-56-SHO-26-MAR-22624-LIGHTBLUE(0).webp,https://newme.asia/product/light-blue-schiffli-mid-rise-shorts,product_images/124.jpg,SHO,"{""casual everyday wear"": 0.3814, ""party outfit"": 0.0932, ""wedding guest outfit"": 0.0085, ""office wear"": 0.0085, ""date night outfit"": 0.0085, ""beach vacation outfit"": 0.5}","{""subtle and understated outfit"": 0.5, ""bold and loud statement outfit"": 0.5}","{""soft muted pastel colors"": 0.875, ""bright bold colors"": 0.0417, ""dark moody colors"": 0.0417, ""neutral minimal colors"": 0.0417}","{""very formal outfit"": 0.0193, ""semi formal outfit"": 0.1401, ""casual informal outfit"": 0.8406}"
126,Orange Geometric Midi Dress,₹1299,https://assets.newme.asia/wp-content/uploads/2026/05/151904377333cf4c/NM-PRC-376-DRS-26-APR-33020-ORANGE(1).webp,https://newme.asia/product/orange-geometric-midi-dress,product_images/125.jpg,DRS,"{""casual everyday wear"": 0.1071, ""party outfit"": 0.2071, ""wedding guest outfit"": 0.1786, ""office wear"": 0.1214, ""date night outfit"": 0.3214, ""beach vacation outfit"": 0.0643}","{""subtle and understated outfit"": 0.1154, ""bold and loud statement outfit"": 0.8846}","{""soft muted pastel colors"": 0.0714, ""bright bold colors"": 0.7857, ""dark moody colors"": 0.0714, ""neutral minimal colors"": 0.0714}","{""very formal outfit"": 0.2328, ""semi formal outfit"": 0.4914, ""casual informal outfit"": 0.2759}"
127,Navy Blue Ethnic Print Mini Dress,₹1199,https://assets.newme.asia/wp-content/uploads/2026/05/151904029bf0936d/NM-PRC-427-DRS-26-APR-32994-NAVY(1).webp,https://newme.asia/product/navy-blue-ethnic-print-mini-dress,product_images/126.jpg,DRS,"{""casual everyday wear"": 0.0915, ""party outfit"": 0.2988, ""wedding guest outfit"": 0.3963, ""office wear"": 0.0061, ""date night outfit"": 0.1524, ""beach vacation outfit"": 0.0549}","{""subtle and understated outfit"": 0.0652, ""bold and loud statement outfit"": 0.9348}","{""soft muted pastel colors"": 0.0714, ""bright bold colors"": 0.0714, ""dark moody colors"": 0.7857, ""neutral minimal colors"": 0.0714}","{""very formal outfit"": 0.2328, ""semi formal outfit"": 0.4914, ""casual informal outfit"": 0.2759}"
128,Wine Ethnic Print Maxi Dress,₹1549,https://assets.newme.asia/wp-content/uploads/2026/05/211805287c6923b7/NM-PRC-44-DRS-26-MAY-33858-WINE(1).webp,https://newme.asia/product/wine-ethnic-print-maxi-dress,product_images/127.jpg,DRS,"{""casual everyday wear"": 0.0694, ""party outfit"": 0.2269, ""wedding guest outfit"": 0.412, ""office wear"": 0.0046, ""date night outfit"": 0.1713, ""beach vacation outfit"": 0.1157}","{""subtle and understated outfit"": 0.0652, ""bold and loud statement outfit"": 0.9348}","{""soft muted pastel colors"": 0.0714, ""bright bold colors"": 0.0714, ""dark moody colors"": 0.7857, ""neutral minimal colors"": 0.0714}","{""very formal outfit"": 0.2328, ""semi formal outfit"": 0.4914, ""casual informal outfit"": 0.2759}"
129,Black Floral Smocked Maxi Dress,₹1599,https://assets.newme.asia/wp-content/uploads/2026/05/21171919c63b912f/NM-PRC-159-DRS-26-MAY-33635-BLACK(1).webp,https://newme.asia/product/black-floral-smocked-maxi-dress-2,product_images/128.jpg,DRS,"{""casual everyday wear"": 0.0852, ""party outfit"": 0.1648, ""wedding guest outfit"": 0.2784, ""office wear"": 0.0057, ""date night outfit"": 0.2557, ""beach vacation outfit"": 0.2102}","{""subtle and understated outfit"": 0.1154, ""bold and loud statement outfit"": 0.8846}","{""soft muted pastel colors"": 0.0714, ""bright bold colors"": 0.0714, ""dark moody colors"": 0.7857, ""neutral minimal colors"": 0.0714}","{""very formal outfit"": 0.2328, ""semi formal outfit"": 0.4914, ""casual informal outfit"": 0.2759}"
130,Navy Blue Ethnic Print Mini Dress,₹1299,https://assets.newme.asia/wp-content/uploads/2026/05/15190457b218c7d2/NM-PRC-12-DRS-26-APR-33032-NAVY(1).webp,https://newme.asia/product/navy-blue-ethnic-print-mini-dress-2,product_images/129.jpg,DRS,"{""casual everyday wear"": 0.0915, ""party outfit"": 0.2988, ""wedding guest outfit"": 0.3963, ""office wear"": 0.0061, ""date night outfit"": 0.1524, ""beach vacation outfit"": 0.0549}","{""subtle and understated outfit"": 0.0652, ""bold and loud statement outfit"": 0.9348}","{""soft muted pastel colors"": 0.0714, ""bright bold colors"": 0.0714, ""dark moody colors"": 0.7857, ""neutral minimal colors"": 0.0714}","{""very formal outfit"": 0.2328, ""semi formal outfit"": 0.4914, ""casual informal outfit"": 0.2759}"
131,Blue Geometric Midi Dress,₹1299,https://assets.newme.asia/wp-content/uploads/2026/05/15190425bc522285/NM-PRC-376-DRS-26-APR-33020-BLUE(1).webp,https://newme.asia/product/blue-geometric-midi-dress,product_images/130.jpg,DRS,"{""casual everyday wear"": 0.1071, ""party outfit"": 0.2071, ""wedding guest outfit"": 0.1786, ""office wear"": 0.1214, ""date night outfit"": 0.3214, ""beach vacation outfit"": 0.0643}","{""subtle and understated outfit"": 0.1154, ""bold and loud statement outfit"": 0.8846}","{""soft muted pastel colors"": 0.0714, ""bright bold colors"": 0.7857, ""dark moody colors"": 0.0714, ""neutral minimal colors"": 0.0714}","{""very formal outfit"": 0.2328, ""semi formal outfit"": 0.4914, ""casual informal outfit"": 0.2759}"
132,White Contrast Detailed Shirt,₹819,https://assets.newme.asia/wp-content/uploads/2026/04/2913204945f60a5f/NM-IN-56-SHT-26-MAR-22627-WHITE(0).webp,https://newme.asia/product/white-contrast-detailed-shirt,product_images/131.jpg,SHT,"{""casual everyday wear"": 0.2736, ""party outfit"": 0.1604, ""wedding guest outfit"": 0.0094, ""office wear"": 0.3868, ""date night outfit"": 0.1604, ""beach vacation outfit"": 0.0094}","{""subtle and understated outfit"": 0.5, ""bold and loud statement outfit"": 0.5}","{""soft muted pastel colors"": 0.0714, ""bright bold colors"": 0.0714, ""dark moody colors"": 0.0714, ""neutral minimal colors"": 0.7857}","{""very formal outfit"": 0.2645, ""semi formal outfit"": 0.4711, ""casual informal outfit"": 0.2645}"
133,Green Ethnic Print Tieup Detail Top,₹449,https://assets.newme.asia/wp-content/uploads/2025/09/09123818234f1ed8/NM-IN-56-BLS-25-AUG-21202-GREEN_(1).webp,https://newme.asia/product/green-ethnic-print-tieup-detail-top,product_images/132.jpg,BLS,"{""casual everyday wear"": 0.1897, ""party outfit"": 0.2701, ""wedding guest outfit"": 0.2931, ""office wear"": 0.1092, ""date night outfit"": 0.1322, ""beach vacation outfit"": 0.0057}","{""subtle and understated outfit"": 0.0652, ""bold and loud statement outfit"": 0.9348}","{""soft muted pastel colors"": 0.0714, ""bright bold colors"": 0.7857, ""dark moody colors"": 0.0714, ""neutral minimal colors"": 0.0714}","{""very formal outfit"": 0.1718, ""semi formal outfit"": 0.4141, ""casual informal outfit"": 0.4141}"
134,Light Blue Ethnic Print Halter Top,₹819,https://assets.newme.asia/wp-content/uploads/2026/03/18092042da6b8522/NM-IN-54-BLS-26-FEB-31479-LIGHTBLUE(0).webp,https://newme.asia/product/light-blue-ethnic-print-halter-top,product_images/133.jpg,BLS,"{""casual everyday wear"": 0.15, ""party outfit"": 0.3318, ""wedding guest outfit"": 0.2318, ""office wear"": 0.0864, ""date night outfit"": 0.1955, ""beach vacation outfit"": 0.0045}","{""subtle and understated outfit"": 0.0652, ""bold and loud statement outfit"": 0.9348}","{""soft muted pastel colors"": 0.875, ""bright bold colors"": 0.0417, ""dark moody colors"": 0.0417, ""neutral minimal colors"": 0.0417}","{""very formal outfit"": 0.1718, ""semi formal outfit"": 0.4141, ""casual informal outfit"": 0.4141}"
135,Black Embellished Sheer Vneck Top,₹909,https://assets.newme.asia/wp-content/uploads/2025/08/06135429973aca43/NM-PRC-176-BLS-25-AUG-21234-BLACK_(1).webp,https://newme.asia/product/black-embellished-sheer-vneck-top,product_images/134.jpg,BLS,"{""casual everyday wear"": 0.1447, ""party outfit"": 0.3377, ""wedding guest outfit"": 0.2412, ""office wear"": 0.0833, ""date night outfit"": 0.1886, ""beach vacation outfit"": 0.0044}","{""subtle and understated outfit"": 0.0652, ""bold and loud statement outfit"": 0.9348}","{""soft muted pastel colors"": 0.0714, ""bright bold colors"": 0.0714, ""dark moody colors"": 0.7857, ""neutral minimal colors"": 0.0714}","{""very formal outfit"": 0.1408, ""semi formal outfit"": 0.5199, ""casual informal outfit"": 0.3394}"
136,White Ethnic Print Mini Dress,₹869,https://assets.newme.asia/wp-content/uploads/2026/02/10113236cfb9860d/NM-IN-56-DRS-25-NOV-26321-WHITE(0).webp,https://newme.asia/product/white-ethnic-print-mini-dress,product_images/135.jpg,DRS,"{""casual everyday wear"": 0.0915, ""party outfit"": 0.2988, ""wedding guest outfit"": 0.3963, ""office wear"": 0.0061, ""date night outfit"": 0.1524, ""beach vacation outfit"": 0.0549}","{""subtle and understated outfit"": 0.0652, ""bold and loud statement outfit"": 0.9348}","{""soft muted pastel colors"": 0.0714, ""bright bold colors"": 0.0714, ""dark moody colors"": 0.0714, ""neutral minimal colors"": 0.7857}","{""very formal outfit"": 0.2328, ""semi formal outfit"": 0.4914, ""casual informal outfit"": 0.2759}"
137,Navy Blue Floral High Rise Trousers,₹619,https://assets.newme.asia/wp-content/uploads/2025/08/2813103383ea75a8/NM-PRC-146-TRS-25-AUG-21442-NAVYBLUE_(1).webp,https://newme.asia/product/navy-blue-floral-high-rise-trousers,product_images/136.jpg,TRS,"{""casual everyday wear"": 0.2077, ""party outfit"": 0.0846, ""wedding guest outfit"": 0.0077, ""office wear"": 0.4077, ""date night outfit"": 0.1923, ""beach vacation outfit"": 0.1}","{""subtle and understated outfit"": 0.1154, ""bold and loud statement outfit"": 0.8846}","{""soft muted pastel colors"": 0.0714, ""bright bold colors"": 0.0714, ""dark moody colors"": 0.7857, ""neutral minimal colors"": 0.0714}","{""very formal outfit"": 0.3058, ""semi formal outfit"": 0.4298, ""casual informal outfit"": 0.2645}"
138,Blue Floral Wrap Mini Skorts,₹679,https://assets.newme.asia/wp-content/uploads/2026/03/2714174004397467/NM-PRC-442-SKO-26-MAR-32114-BLUE(1).webp,https://newme.asia/product/blue-floral-wrap-mini-skorts,product_images/137.jpg,SKO,"{""casual everyday wear"": 0.4245, ""party outfit"": 0.1226, ""wedding guest outfit"": 0.0094, ""office wear"": 0.0094, ""date night outfit"": 0.0849, ""beach vacation outfit"": 0.3491}","{""subtle and understated outfit"": 0.1154, ""bold and loud statement outfit"": 0.8846}","{""soft muted pastel colors"": 0.0714, ""bright bold colors"": 0.7857, ""dark moody colors"": 0.0714, ""neutral minimal colors"": 0.0714}","{""very formal outfit"": 0.0203, ""semi formal outfit"": 0.198, ""casual informal outfit"": 0.7817}"
139,Green Ethnic Print Tie-Up Detail Top,₹499,https://assets.newme.asia/wp-content/uploads/2025/09/09124322a79a0010/NM-IN-56-BLS-25-AUG-21261-GREEN_(1).webp,https://newme.asia/product/green-ethnic-print-tie-up-detail-top,product_images/138.jpg,BLS,"{""casual everyday wear"": 0.1897, ""party outfit"": 0.2701, ""wedding guest outfit"": 0.2931, ""office wear"": 0.1092, ""date night outfit"": 0.1322, ""beach vacation outfit"": 0.0057}","{""subtle and understated outfit"": 0.0455, ""bold and loud statement outfit"": 0.9545}","{""soft muted pastel colors"": 0.0714, ""bright bold colors"": 0.7857, ""dark moody colors"": 0.0714, ""neutral minimal colors"": 0.0714}","{""very formal outfit"": 0.1718, ""semi formal outfit"": 0.4141, ""casual informal outfit"": 0.4141}"
140,Green Ethnic Print Buttoned Shirt,₹1199,https://assets.newme.asia/wp-content/uploads/2026/03/12140413ddb3b3ba/NM-PRC-417-SHT-26-JAN-30056-GREEN(1).webp,https://newme.asia/product/green-ethnic-print-buttoned-shirt,product_images/139.jpg,SHT,"{""casual everyday wear"": 0.148, ""party outfit"": 0.1888, ""wedding guest outfit"": 0.2092, ""office wear"": 0.3622, ""date night outfit"": 0.0867, ""beach vacation outfit"": 0.0051}","{""subtle and understated outfit"": 0.0652, ""bold and loud statement outfit"": 0.9348}","{""soft muted pastel colors"": 0.0714, ""bright bold colors"": 0.7857, ""dark moody colors"": 0.0714, ""neutral minimal colors"": 0.0714}","{""very formal outfit"": 0.2119, ""semi formal outfit"": 0.5762, ""casual informal outfit"": 0.2119}"
141,Black Embroidered Ethnic A-Line Dress,₹1219,https://assets.newme.asia/wp-content/uploads/2026/03/28134513fbe34d5f/NM-PRC-159-DRS-26-MAR-32194-BLACK(1).webp,https://newme.asia/product/black-embroidered-ethnic-a-line-dress,product_images/140.jpg,DRS,"{""casual everyday wear"": 0.0721, ""party outfit"": 0.2356, ""wedding guest outfit"": 0.524, ""office wear"": 0.0048, ""date night outfit"": 0.1202, ""beach vacation outfit"": 0.0433}","{""subtle and understated outfit"": 0.0652, ""bold and loud statement outfit"": 0.9348}","{""soft muted pastel colors"": 0.0417, ""bright bold colors"": 0.4583, ""dark moody colors"": 0.4583, ""neutral minimal colors"": 0.0417}","{""very formal outfit"": 0.2328, ""semi formal outfit"": 0.4914, ""casual informal outfit"": 0.2759}"
142,Teal Sequin Embellished Halter Top,₹429,https://assets.newme.asia/wp-content/uploads/2025/12/3008535114eb86ce/NM-IN-56-BLS-25-DEC-22169-TEAL(1).webp,https://newme.asia/product/teal-sequin-embellished-halter-top,product_images/141.jpg,BLS,"{""casual everyday wear"": 0.1051, ""party outfit"": 0.4236, ""wedding guest outfit"": 0.1752, ""office wear"": 0.0605, ""date night outfit"": 0.2325, ""beach vacation outfit"": 0.0032}","{""subtle and understated outfit"": 0.0652, ""bold and loud statement outfit"": 0.9348}","{""soft muted pastel colors"": 0.0714, ""bright bold colors"": 0.7857, ""dark moody colors"": 0.0714, ""neutral minimal colors"": 0.0714}","{""very formal outfit"": 0.1193, ""semi formal outfit"": 0.5933, ""casual informal outfit"": 0.2875}"
143,Off White Ethnic Print Mini Dress,₹979,https://assets.newme.asia/wp-content/uploads/2026/03/27143432dd8a9494/NM-PRC-442-DRS-26-MAR-32118-OFFWHITE(1).webp,https://newme.asia/product/off-white-ethnic-print-mini-dress,product_images/142.jpg,DRS,"{""casual everyday wear"": 0.0915, ""party outfit"": 0.2988, ""wedding guest outfit"": 0.3963, ""office wear"": 0.0061, ""date night outfit"": 0.1524, ""beach vacation outfit"": 0.0549}","{""subtle and understated outfit"": 0.0652, ""bold and loud statement outfit"": 0.9348}","{""soft muted pastel colors"": 0.0417, ""bright bold colors"": 0.0417, ""dark moody colors"": 0.0417, ""neutral minimal colors"": 0.875}","{""very formal outfit"": 0.2328, ""semi formal outfit"": 0.4914, ""casual informal outfit"": 0.2759}"
144,Off White Floral High Rise Pants,₹1099,https://assets.newme.asia/wp-content/uploads/2025/06/2021264367930be8/8b48abe0.webp,https://newme.asia/product/off-white-floral-high-rise-pants,product_images/143.jpg,,"{""casual everyday wear"": 0.2426, ""party outfit"": 0.1544, ""wedding guest outfit"": 0.0956, ""office wear"": 0.1397, ""date night outfit"": 0.2132, ""beach vacation outfit"": 0.1544}","{""subtle and understated outfit"": 0.1154, ""bold and loud statement outfit"": 0.8846}","{""soft muted pastel colors"": 0.0417, ""bright bold colors"": 0.0417, ""dark moody colors"": 0.0417, ""neutral minimal colors"": 0.875}","{""very formal outfit"": 0.1884, ""semi formal outfit"": 0.4058, ""casual informal outfit"": 0.4058}"
145,Light Blue Schiffli Co-Ord Set,₹1349,https://assets.newme.asia/wp-content/uploads/2026/04/01100354c72ea922/NM-IN-54-CRD-26-FEB-31472-LIGHTBLUE(0).webp,https://newme.asia/product/light-blue-schiffli-co-ord-set,product_images/144.jpg,CRD,"{""casual everyday wear"": 0.2177, ""party outfit"": 0.1532, ""wedding guest outfit"": 0.0081, ""office wear"": 0.0081, ""date night outfit"": 0.121, ""beach vacation outfit"": 0.4919}","{""subtle and understated outfit"": 0.5, ""bold and loud statement outfit"": 0.5}","{""soft muted pastel colors"": 0.875, ""bright bold colors"": 0.0417, ""dark moody colors"": 0.0417, ""neutral minimal colors"": 0.0417}","{""very formal outfit"": 0.0208, ""semi formal outfit"": 0.4896, ""casual informal outfit"": 0.4896}"
146,Black Ethnic Print Halter Tie-Up Top,₹429,https://assets.newme.asia/wp-content/uploads/2025/10/08081457635a1d1d/NM-IN-56-BLS-25-OCT-21747-BLACK_(1).webp,https://newme.asia/product/red-ethnic-print-halter-tie-up-top-2,product_images/145.jpg,BLS,"{""casual everyday wear"": 0.15, ""party outfit"": 0.3318, ""wedding guest outfit"": 0.2318, ""office wear"": 0.0864, ""date night outfit"": 0.1955, ""beach vacation outfit"": 0.0045}","{""subtle and understated outfit"": 0.0455, ""bold and loud statement outfit"": 0.9545}","{""soft muted pastel colors"": 0.0714, ""bright bold colors"": 0.0714, ""dark moody colors"": 0.7857, ""neutral minimal colors"": 0.0714}","{""very formal outfit"": 0.1718, ""semi formal outfit"": 0.4141, ""casual informal outfit"": 0.4141}"
147,Blue Ethnic Print V-Neck Top,₹459,https://assets.newme.asia/wp-content/uploads/2025/09/29063242f14a4569/NM-IN-56-BLS-25-AUG-21241-BLUE__(1).webp,https://newme.asia/product/blue-ethnic-print-v-neck-top,product_images/146.jpg,BLS,"{""casual everyday wear"": 0.1897, ""party outfit"": 0.2701, ""wedding guest outfit"": 0.2931, ""office wear"": 0.1092, ""date night outfit"": 0.1322, ""beach vacation outfit"": 0.0057}","{""subtle and understated outfit"": 0.0652, ""bold and loud statement outfit"": 0.9348}","{""soft muted pastel colors"": 0.0714, ""bright bold colors"": 0.7857, ""dark moody colors"": 0.0714, ""neutral minimal colors"": 0.0714}","{""very formal outfit"": 0.1718, ""semi formal outfit"": 0.4141, ""casual informal outfit"": 0.4141}"
148,Sage Embroidered Tie Up Maxi Dress,₹1349,https://assets.newme.asia/wp-content/uploads/2025/12/18140403100cb5a7/NM-PRC-391-DRS-25-DEC-28658-SAGE(1).webp,https://newme.asia/product/sage-embroidered-tie-up-maxi-dress,product_images/147.jpg,DRS,"{""casual everyday wear"": 0.075, ""party outfit"": 0.145, ""wedding guest outfit"": 0.465, ""office wear"": 0.005, ""date night outfit"": 0.185, ""beach vacation outfit"": 0.125}","{""subtle and understated outfit"": 0.1154, ""bold and loud statement outfit"": 0.8846}","{""soft muted pastel colors"": 0.0714, ""bright bold colors"": 0.7857, ""dark moody colors"": 0.0714, ""neutral minimal colors"": 0.0714}","{""very formal outfit"": 0.2328, ""semi formal outfit"": 0.4914, ""casual informal outfit"": 0.2759}"
149,Dark Blue Ethnic Print Square Neck Top,₹429,https://assets.newme.asia/wp-content/uploads/2025/10/080814142f4460a6/NM-IN-56-BLS-25-OCT-21742-DARKBLUE_(1).webp,https://newme.asia/product/dark-blue-ethnic-print-square-neck-top,product_images/148.jpg,BLS,"{""casual everyday wear"": 0.1897, ""party outfit"": 0.2701, ""wedding guest outfit"": 0.2931, ""office wear"": 0.1092, ""date night outfit"": 0.1322, ""beach vacation outfit"": 0.0057}","{""subtle and understated outfit"": 0.0652, ""bold and loud statement outfit"": 0.9348}","{""soft muted pastel colors"": 0.0714, ""bright bold colors"": 0.0714, ""dark moody colors"": 0.7857, ""neutral minimal colors"": 0.0714}","{""very formal outfit"": 0.1718, ""semi formal outfit"": 0.4141, ""casual informal outfit"": 0.4141}"
150,Black Sequinned Shirt,₹899,https://assets.newme.asia/wp-content/uploads/2025/07/232004433375b575/NM-IN-56-SHT-24-NOV-10884-BLACK_(1).webp,https://newme.asia/product/black-sequinned-shirt,product_images/149.jpg,SHT,"{""casual everyday wear"": 0.148, ""party outfit"": 0.3929, ""wedding guest outfit"": 0.0051, ""office wear"": 0.2092, ""date night outfit"": 0.2398, ""beach vacation outfit"": 0.0051}","{""subtle and understated outfit"": 0.1154, ""bold and loud statement outfit"": 0.8846}","{""soft muted pastel colors"": 0.0714, ""bright bold colors"": 0.0714, ""dark moody colors"": 0.7857, ""neutral minimal colors"": 0.0714}","{""very formal outfit"": 0.2192, ""semi formal outfit"": 0.5616, ""casual informal outfit"": 0.2192}"
151,Blue Striped Crop Shirt,₹409,https://assets.newme.asia/wp-content/uploads/2025/07/22171913a13ab80c/NM-IN-56-SHT-25-FEB-12802-BLUE(1).webp,https://newme.asia/product/blue-striped-crop-shirt,product_images/150.jpg,SHT,"{""casual everyday wear"": 0.3358, ""party outfit"": 0.2164, ""wedding guest outfit"": 0.0075, ""office wear"": 0.306, ""date night outfit"": 0.1269, ""beach vacation outfit"": 0.0075}","{""subtle and understated outfit"": 0.1154, ""bold and loud statement outfit"": 0.8846}","{""soft muted pastel colors"": 0.0714, ""bright bold colors"": 0.7857, ""dark moody colors"": 0.0714, ""neutral minimal colors"": 0.0714}","{""very formal outfit"": 0.2645, ""semi formal outfit"": 0.4711, ""casual informal outfit"": 0.2645}"
152,Black Floral Buttoned Shirt,₹769,https://assets.newme.asia/wp-content/uploads/2026/03/181413133de41952/NM-PRC-437-SHT-26-MAR-31675-BLACK(1).webp,https://newme.asia/product/black-floral-buttoned-shirt,product_images/151.jpg,SHT,"{""casual everyday wear"": 0.1859, ""party outfit"": 0.109, ""wedding guest outfit"": 0.0064, ""office wear"": 0.4551, ""date night outfit"": 0.1603, ""beach vacation outfit"": 0.0833}","{""subtle and understated outfit"": 0.1154, ""bold and loud statement outfit"": 0.8846}","{""soft muted pastel colors"": 0.0714, ""bright bold colors"": 0.0714, ""dark moody colors"": 0.7857, ""neutral minimal colors"": 0.0714}","{""very formal outfit"": 0.2119, ""semi formal outfit"": 0.5762, ""casual informal outfit"": 0.2119}"
153,Blue Striped Button Down Shirt,₹1189,https://assets.newme.asia/wp-content/uploads/2025/09/0513553841733467/NM-PRC-144-SHT-25-SEP-24560-BLUE(1).webp,https://newme.asia/product/blue-striped-button-down-shirt-4,product_images/152.jpg,SHT,"{""casual everyday wear"": 0.2132, ""party outfit"": 0.125, ""wedding guest outfit"": 0.0074, ""office wear"": 0.5221, ""date night outfit"": 0.125, ""beach vacation outfit"": 0.0074}","{""subtle and understated outfit"": 0.1154, ""bold and loud statement outfit"": 0.8846}","{""soft muted pastel colors"": 0.0714, ""bright bold colors"": 0.7857, ""dark moody colors"": 0.0714, ""neutral minimal colors"": 0.0714}","{""very formal outfit"": 0.2645, ""semi formal outfit"": 0.4711, ""casual informal outfit"": 0.2645}"
154,Green Ethnic Print Buttoned Shirt,₹1199,https://assets.newme.asia/wp-content/uploads/2026/03/12140413ddb3b3ba/NM-PRC-417-SHT-26-JAN-30056-GREEN(1).webp,https://newme.asia/product/green-ethnic-print-buttoned-shirt,product_images/153.jpg,SHT,"{""casual everyday wear"": 0.148, ""party outfit"": 0.1888, ""wedding guest outfit"": 0.2092, ""office wear"": 0.3622, ""date night outfit"": 0.0867, ""beach vacation outfit"": 0.0051}","{""subtle and understated outfit"": 0.0652, ""bold and loud statement outfit"": 0.9348}","{""soft muted pastel colors"": 0.0714, ""bright bold colors"": 0.7857, ""dark moody colors"": 0.0714, ""neutral minimal colors"": 0.0714}","{""very formal outfit"": 0.2119, ""semi formal outfit"": 0.5762, ""casual informal outfit"": 0.2119}"
155,Beige Striped Oversized Shirt,₹829,https://assets.newme.asia/wp-content/uploads/2025/11/26135442b88c40db/NM-PRC-391-SHT-25-NOV-27590-BEIGE(1).webp,https://newme.asia/product/beige-striped-oversized-shirt,product_images/154.jpg,SHT,"{""casual everyday wear"": 0.4338, ""party outfit"": 0.125, ""wedding guest outfit"": 0.0074, ""office wear"": 0.3015, ""date night outfit"": 0.125, ""beach vacation outfit"": 0.0074}","{""subtle and understated outfit"": 0.1154, ""bold and loud statement outfit"": 0.8846}","{""soft muted pastel colors"": 0.0714, ""bright bold colors"": 0.0714, ""dark moody colors"": 0.0714, ""neutral minimal colors"": 0.7857}","{""very formal outfit"": 0.2019, ""semi formal outfit"": 0.3596, ""casual informal outfit"": 0.4385}"
156,White Striped Button Down Shirt,₹1049,https://assets.newme.asia/wp-content/uploads/2025/08/071613524b022b33/NM-PRC-341-SHT-25-AUG-23552-WHITE(1).webp,https://newme.asia/product/white-striped-button-down-shirt,product_images/155.jpg,SHT,"{""casual everyday wear"": 0.2132, ""party outfit"": 0.125, ""wedding guest outfit"": 0.0074, ""office wear"": 0.5221, ""date night outfit"": 0.125, ""beach vacation outfit"": 0.0074}","{""subtle and understated outfit"": 0.1154, ""bold and loud statement outfit"": 0.8846}","{""soft muted pastel colors"": 0.0714, ""bright bold colors"": 0.0714, ""dark moody colors"": 0.0714, ""neutral minimal colors"": 0.7857}","{""very formal outfit"": 0.2645, ""semi formal outfit"": 0.4711, ""casual informal outfit"": 0.2645}"
157,Light Blue Striped Oversized Shirt,₹1049,https://assets.newme.asia/wp-content/uploads/2026/05/08095848f8ed6241/NM-IN-56-SHT-25-SEP-25067-LIGHTBLUE(0).webp,https://newme.asia/product/light-blue-striped-oversized-shirt-7,product_images/156.jpg,SHT,"{""casual everyday wear"": 0.4338, ""party outfit"": 0.125, ""wedding guest outfit"": 0.0074, ""office wear"": 0.3015, ""date night outfit"": 0.125, ""beach vacation outfit"": 0.0074}","{""subtle and understated outfit"": 0.1154, ""bold and loud statement outfit"": 0.8846}","{""soft muted pastel colors"": 0.875, ""bright bold colors"": 0.0417, ""dark moody colors"": 0.0417, ""neutral minimal colors"": 0.0417}","{""very formal outfit"": 0.2019, ""semi formal outfit"": 0.3596, ""casual informal outfit"": 0.4385}"
158,White Striped Ruched Shirt,₹799,https://assets.newme.asia/wp-content/uploads/2026/03/181414120be2decf/NM-PRC-374-SHT-26-MAR-31686-WHITE(1).webp,https://newme.asia/product/white-striped-ruched-shirt,product_images/157.jpg,SHT,"{""casual everyday wear"": 0.2736, ""party outfit"": 0.1604, ""wedding guest outfit"": 0.0094, ""office wear"": 0.3868, ""date night outfit"": 0.1604, ""beach vacation outfit"": 0.0094}","{""subtle and understated outfit"": 0.0652, ""bold and loud statement outfit"": 0.9348}","{""soft muted pastel colors"": 0.0714, ""bright bold colors"": 0.0714, ""dark moody colors"": 0.0714, ""neutral minimal colors"": 0.7857}","{""very formal outfit"": 0.2645, ""semi formal outfit"": 0.4711, ""casual informal outfit"": 0.2645}"
159,White Solid Buttoned Shirt,₹1069,https://assets.newme.asia/wp-content/uploads/2026/03/18141357f3b9fec6/NM-PRC-374-SHT-26-MAR-31685-WHITE(1).webp,https://newme.asia/product/white-solid-buttoned-shirt-7,product_images/158.jpg,SHT,"{""casual everyday wear"": 0.2132, ""party outfit"": 0.125, ""wedding guest outfit"": 0.0074, ""office wear"": 0.5221, ""date night outfit"": 0.125, ""beach vacation outfit"": 0.0074}","{""subtle and understated outfit"": 0.8846, ""bold and loud statement outfit"": 0.1154}","{""soft muted pastel colors"": 0.0714, ""bright bold colors"": 0.0714, ""dark moody colors"": 0.0714, ""neutral minimal colors"": 0.7857}","{""very formal outfit"": 0.1988, ""semi formal outfit"": 0.6025, ""casual informal outfit"": 0.1988}"
160,White Solid Spread Collar Oversized Shirt,₹639,https://assets.newme.asia/wp-content/uploads/2025/07/23194005322fdb1c/NM-IN-56-SHT-24-SEP-9219-WHITE(1).webp,https://newme.asia/product/white-solid-spread-collar-oversized-shirt,product_images/159.jpg,SHT,"{""casual everyday wear"": 0.4338, ""party outfit"": 0.125, ""wedding guest outfit"": 0.0074, ""office wear"": 0.3015, ""date night outfit"": 0.125, ""beach vacation outfit"": 0.0074}","{""subtle and understated outfit"": 0.8846, ""bold and loud statement outfit"": 0.1154}","{""soft muted pastel colors"": 0.0714, ""bright bold colors"": 0.0714, ""dark moody colors"": 0.0714, ""neutral minimal colors"": 0.7857}","{""very formal outfit"": 0.1899, ""semi formal outfit"": 0.3976, ""casual informal outfit"": 0.4125}"
161,Yellow Striped Regular Shirt,₹909,https://assets.newme.asia/wp-content/uploads/2025/08/250927390f2ef18f/NM-IN-56-SHT-25-MAY-16463-YELLOW(1).webp,https://newme.asia/product/yellow-striped-regular-shirt-2,product_images/160.jpg,SHT,"{""casual everyday wear"": 0.2736, ""party outfit"": 0.1604, ""wedding guest outfit"": 0.0094, ""office wear"": 0.3868, ""date night outfit"": 0.1604, ""beach vacation outfit"": 0.0094}","{""subtle and understated outfit"": 0.1154, ""bold and loud statement outfit"": 0.8846}","{""soft muted pastel colors"": 0.0714, ""bright bold colors"": 0.7857, ""dark moody colors"": 0.0714, ""neutral minimal colors"": 0.0714}","{""very formal outfit"": 0.2645, ""semi formal outfit"": 0.4711, ""casual informal outfit"": 0.2645}"
162,White Solid Button Down Shirt,₹1099,https://assets.newme.asia/wp-content/uploads/2025/10/30154059688188f7/NM-PRC-391-SHT-25-OCT-25811-WHITE(1).webp,https://newme.asia/product/white-solid-button-down-shirt-4,product_images/161.jpg,SHT,"{""casual everyday wear"": 0.2132, ""party outfit"": 0.125, ""wedding guest outfit"": 0.0074, ""office wear"": 0.5221, ""date night outfit"": 0.125, ""beach vacation outfit"": 0.0074}","{""subtle and understated outfit"": 0.8846, ""bold and loud statement outfit"": 0.1154}","{""soft muted pastel colors"": 0.0714, ""bright bold colors"": 0.0714, ""dark moody colors"": 0.0714, ""neutral minimal colors"": 0.7857}","{""very formal outfit"": 0.2443, ""semi formal outfit"": 0.5115, ""casual informal outfit"": 0.2443}"
163,Red Plaid Oversized Button Down Shirt,₹1439,https://assets.newme.asia/wp-content/uploads/2025/09/2911364948f3f771/NM-PRC-376-SHT-25-SEP-25069-RED(1).webp,https://newme.asia/product/red-plaid-oversized-button-down-shirt,product_images/162.jpg,SHT,"{""casual everyday wear"": 0.3554, ""party outfit"": 0.1024, ""wedding guest outfit"": 0.006, ""office wear"": 0.4277, ""date night outfit"": 0.1024, ""beach vacation outfit"": 0.006}","{""subtle and understated outfit"": 0.1154, ""bold and loud statement outfit"": 0.8846}","{""soft muted pastel colors"": 0.0714, ""bright bold colors"": 0.7857, ""dark moody colors"": 0.0714, ""neutral minimal colors"": 0.0714}","{""very formal outfit"": 0.2019, ""semi formal outfit"": 0.3596, ""casual informal outfit"": 0.4385}"
164,Light Brown Plaid Oversized Button Down Shirt,₹1669,https://assets.newme.asia/wp-content/uploads/2025/09/2911364429ebfb5f/NM-PRC-376-SHT-25-SEP-25069-LIGHTBROWN(1).webp,https://newme.asia/product/light-brown-plaid-oversized-button-down-shirt,product_images/163.jpg,SHT,"{""casual everyday wear"": 0.3554, ""party outfit"": 0.1024, ""wedding guest outfit"": 0.006, ""office wear"": 0.4277, ""date night outfit"": 0.1024, ""beach vacation outfit"": 0.006}","{""subtle and understated outfit"": 0.1154, ""bold and loud statement outfit"": 0.8846}","{""soft muted pastel colors"": 0.6176, ""bright bold colors"": 0.0294, ""dark moody colors"": 0.3235, ""neutral minimal colors"": 0.0294}","{""very formal outfit"": 0.2019, ""semi formal outfit"": 0.3596, ""casual informal outfit"": 0.4385}"
165,Beige Cinched Waist Plaid Shirt,₹819,https://assets.newme.asia/wp-content/uploads/2026/05/080958299c29b93f/NM-IN-56-SHT-25-DEC-29399-BEIGE(0).webp,https://newme.asia/product/beige-cinched-waist-plaid-shirt-4,product_images/164.jpg,SHT,"{""casual everyday wear"": 0.2736, ""party outfit"": 0.1604, ""wedding guest outfit"": 0.0094, ""office wear"": 0.3868, ""date night outfit"": 0.1604, ""beach vacation outfit"": 0.0094}","{""subtle and understated outfit"": 0.1154, ""bold and loud statement outfit"": 0.8846}","{""soft muted pastel colors"": 0.0714, ""bright bold colors"": 0.0714, ""dark moody colors"": 0.0714, ""neutral minimal colors"": 0.7857}","{""very formal outfit"": 0.2645, ""semi formal outfit"": 0.4711, ""casual informal outfit"": 0.2645}"
166,Wine Fitted Tie-Up Shirt,₹1599,https://assets.newme.asia/wp-content/uploads/2026/05/08095844875a5878/NM-IN-56-SHT-25-DEC-28134-WINE(0).webp,https://newme.asia/product/wine-fitted-tie-up-shirt-2,product_images/165.jpg,SHT,"{""casual everyday wear"": 0.2736, ""party outfit"": 0.1604, ""wedding guest outfit"": 0.0094, ""office wear"": 0.3868, ""date night outfit"": 0.1604, ""beach vacation outfit"": 0.0094}","{""subtle and understated outfit"": 0.5, ""bold and loud statement outfit"": 0.5}","{""soft muted pastel colors"": 0.0714, ""bright bold colors"": 0.0714, ""dark moody colors"": 0.7857, ""neutral minimal colors"": 0.0714}","{""very formal outfit"": 0.2645, ""semi formal outfit"": 0.4711, ""casual informal outfit"": 0.2645}"
167,Light Yellow Striped Oversized Shirt,₹1049,https://assets.newme.asia/wp-content/uploads/2025/09/29113635e6443665/NM-PRC-309-SHT-25-SEP-25067-LIGHTYELLOW(1).webp,https://newme.asia/product/light-yellow-striped-oversized-shirt,product_images/166.jpg,SHT,"{""casual everyday wear"": 0.4338, ""party outfit"": 0.125, ""wedding guest outfit"": 0.0074, ""office wear"": 0.3015, ""date night outfit"": 0.125, ""beach vacation outfit"": 0.0074}","{""subtle and understated outfit"": 0.1154, ""bold and loud statement outfit"": 0.8846}","{""soft muted pastel colors"": 0.6176, ""bright bold colors"": 0.3235, ""dark moody colors"": 0.0294, ""neutral minimal colors"": 0.0294}","{""very formal outfit"": 0.2019, ""semi formal outfit"": 0.3596, ""casual informal outfit"": 0.4385}"
168,White Lace Band Collar Shirt,₹1099,https://assets.newme.asia/wp-content/uploads/2026/03/1111232626dacd14/NM-PRC-339-SHT-26-FEB-31283-WHITE(1).webp,https://newme.asia/product/white-lace-band-collar-shirt,product_images/167.jpg,SHT,"{""casual everyday wear"": 0.2736, ""party outfit"": 0.1604, ""wedding guest outfit"": 0.0094, ""office wear"": 0.3868, ""date night outfit"": 0.1604, ""beach vacation outfit"": 0.0094}","{""subtle and understated outfit"": 0.1154, ""bold and loud statement outfit"": 0.8846}","{""soft muted pastel colors"": 0.0714, ""bright bold colors"": 0.0714, ""dark moody colors"": 0.0714, ""neutral minimal colors"": 0.7857}","{""very formal outfit"": 0.2645, ""semi formal outfit"": 0.4711, ""casual informal outfit"": 0.2645}"
169,Blue Pinstripe Fitted Button Down Shirt,₹679,https://assets.newme.asia/wp-content/uploads/2025/09/2911371956c6a0a3/NM-PRC-374-SHT-25-SEP-25079-BLUE(1).webp,https://newme.asia/product/blue-pinstripe-fitted-button-down-shirt,product_images/168.jpg,SHT,"{""casual everyday wear"": 0.1559, ""party outfit"": 0.0914, ""wedding guest outfit"": 0.0054, ""office wear"": 0.6505, ""date night outfit"": 0.0914, ""beach vacation outfit"": 0.0054}","{""subtle and understated outfit"": 0.8846, ""bold and loud statement outfit"": 0.1154}","{""soft muted pastel colors"": 0.0714, ""bright bold colors"": 0.7857, ""dark moody colors"": 0.0714, ""neutral minimal colors"": 0.0714}","{""very formal outfit"": 0.4795, ""semi formal outfit"": 0.3333, ""casual informal outfit"": 0.1871}"
170,White Solid Fitted Buttoned Shirt,₹1069,https://assets.newme.asia/wp-content/uploads/2026/03/311441430d7d8475/NM-PRC-448-SHT-26-MAR-32359-WHITE(1).webp,https://newme.asia/product/white-solid-fitted-buttoned-shirt-2,product_images/169.jpg,SHT,"{""casual everyday wear"": 0.2132, ""party outfit"": 0.125, ""wedding guest outfit"": 0.0074, ""office wear"": 0.5221, ""date night outfit"": 0.125, ""beach vacation outfit"": 0.0074}","{""subtle and understated outfit"": 0.9348, ""bold and loud statement outfit"": 0.0652}","{""soft muted pastel colors"": 0.0714, ""bright bold colors"": 0.0714, ""dark moody colors"": 0.0714, ""neutral minimal colors"": 0.7857}","{""very formal outfit"": 0.1988, ""semi formal outfit"": 0.6025, ""casual informal outfit"": 0.1988}"
171,Multi Color Striped Button Down Shirt,₹1179,https://assets.newme.asia/wp-content/uploads/2025/10/30154128093849ac/NM-PRC-341-SHT-25-OCT-25833-BEIGE(1).webp,https://newme.asia/product/multi-color-striped-button-down-shirt-2,product_images/170.jpg,SHT,"{""casual everyday wear"": 0.2132, ""party outfit"": 0.125, ""wedding guest outfit"": 0.0074, ""office wear"": 0.5221, ""date night outfit"": 0.125, ""beach vacation outfit"": 0.0074}","{""subtle and understated outfit"": 0.1154, ""bold and loud statement outfit"": 0.8846}","{""soft muted pastel colors"": 0.0714, ""bright bold colors"": 0.7857, ""dark moody colors"": 0.0714, ""neutral minimal colors"": 0.0714}","{""very formal outfit"": 0.2645, ""semi formal outfit"": 0.4711, ""casual informal outfit"": 0.2645}"
172,Red Ruffled Buttoned Gingham Shirt,₹1199,https://assets.newme.asia/wp-content/uploads/2026/05/21154114c5a8ce68/NM-PRC-184-SHT-26-MAY-33604-RED(1).webp,https://newme.asia/product/red-ruffled-buttoned-gingham-shirt,product_images/171.jpg,SHT,"{""casual everyday wear"": 0.2132, ""party outfit"": 0.125, ""wedding guest outfit"": 0.0074, ""office wear"": 0.5221, ""date night outfit"": 0.125, ""beach vacation outfit"": 0.0074}","{""subtle and understated outfit"": 0.1154, ""bold and loud statement outfit"": 0.8846}","{""soft muted pastel colors"": 0.0714, ""bright bold colors"": 0.7857, ""dark moody colors"": 0.0714, ""neutral minimal colors"": 0.0714}","{""very formal outfit"": 0.2119, ""semi formal outfit"": 0.5762, ""casual informal outfit"": 0.2119}"
173,Cream Embroidered Floral Collar Shirt,₹1189,https://assets.newme.asia/wp-content/uploads/2026/03/101136399298b81e/NM-PRC-417-SHT-26-FEB-31126-CREAM(1).webp,https://newme.asia/product/cream-embroidered-floral-collar-shirt,product_images/172.jpg,SHT,"{""casual everyday wear"": 0.1706, ""party outfit"": 0.1, ""wedding guest outfit"": 0.2647, ""office wear"": 0.2412, ""date night outfit"": 0.1471, ""beach vacation outfit"": 0.0765}","{""subtle and understated outfit"": 0.0652, ""bold and loud statement outfit"": 0.9348}","{""soft muted pastel colors"": 0.4583, ""bright bold colors"": 0.4583, ""dark moody colors"": 0.0417, ""neutral minimal colors"": 0.0417}","{""very formal outfit"": 0.2645, ""semi formal outfit"": 0.4711, ""casual informal outfit"": 0.2645}"
174,Beige Oversized Striped Button Down Shirt,₹1269,https://assets.newme.asia/wp-content/uploads/2025/08/071614106e5b4508/NM-PRC-347-SHT-25-AUG-23558-BEIGE(1).webp,https://newme.asia/product/beige-oversized-striped-button-down-shirt,product_images/173.jpg,SHT,"{""casual everyday wear"": 0.3554, ""party outfit"": 0.1024, ""wedding guest outfit"": 0.006, ""office wear"": 0.4277, ""date night outfit"": 0.1024, ""beach vacation outfit"": 0.006}","{""subtle and understated outfit"": 0.1154, ""bold and loud statement outfit"": 0.8846}","{""soft muted pastel colors"": 0.0714, ""bright bold colors"": 0.0714, ""dark moody colors"": 0.0714, ""neutral minimal colors"": 0.7857}","{""very formal outfit"": 0.2019, ""semi formal outfit"": 0.3596, ""casual informal outfit"": 0.4385}"
175,Black Fitted Button Down Shirt,₹619,https://assets.newme.asia/wp-content/uploads/2025/07/251007452f26cdae/NM-IN-56-SHT-25-FEB-14474-BLACK_(1).webp,https://newme.asia/product/black-fitted-button-down-shirt,product_images/174.jpg,SHT,"{""casual everyday wear"": 0.2132, ""party outfit"": 0.125, ""wedding guest outfit"": 0.0074, ""office wear"": 0.5221, ""date night outfit"": 0.125, ""beach vacation outfit"": 0.0074}","{""subtle and understated outfit"": 0.8846, ""bold and loud statement outfit"": 0.1154}","{""soft muted pastel colors"": 0.0714, ""bright bold colors"": 0.0714, ""dark moody colors"": 0.7857, ""neutral minimal colors"": 0.0714}","{""very formal outfit"": 0.2645, ""semi formal outfit"": 0.4711, ""casual informal outfit"": 0.2645}"
176,Light Yellow Solid Buttoned Shirt,₹1099,https://assets.newme.asia/wp-content/uploads/2026/05/151453308154823e/NM-PRC-374-SHT-26-MAR-31685-LIGHTYELLOW(1).webp,https://newme.asia/product/light-yellow-solid-buttoned-shirt,product_images/175.jpg,SHT,"{""casual everyday wear"": 0.2132, ""party outfit"": 0.125, ""wedding guest outfit"": 0.0074, ""office wear"": 0.5221, ""date night outfit"": 0.125, ""beach vacation outfit"": 0.0074}","{""subtle and understated outfit"": 0.8846, ""bold and loud statement outfit"": 0.1154}","{""soft muted pastel colors"": 0.6176, ""bright bold colors"": 0.3235, ""dark moody colors"": 0.0294, ""neutral minimal colors"": 0.0294}","{""very formal outfit"": 0.1988, ""semi formal outfit"": 0.6025, ""casual informal outfit"": 0.1988}"
177,Dark Blue Striped Buttoned Shirt,₹1199,https://assets.newme.asia/wp-content/uploads/2026/05/15144413caee0439/NM-PRC-448-SHT-26-MAY-33531-DARKBLUE(1).webp,https://newme.asia/product/dark-blue-striped-buttoned-shirt,product_images/176.jpg,SHT,"{""casual everyday wear"": 0.2132, ""party outfit"": 0.125, ""wedding guest outfit"": 0.0074, ""office wear"": 0.5221, ""date night outfit"": 0.125, ""beach vacation outfit"": 0.0074}","{""subtle and understated outfit"": 0.1154, ""bold and loud statement outfit"": 0.8846}","{""soft muted pastel colors"": 0.0714, ""bright bold colors"": 0.0714, ""dark moody colors"": 0.7857, ""neutral minimal colors"": 0.0714}","{""very formal outfit"": 0.2119, ""semi formal outfit"": 0.5762, ""casual informal outfit"": 0.2119}"
178,Red Striped Buttoned Shirt,₹1099,https://assets.newme.asia/wp-content/uploads/2026/05/15191335d56cefd5/NM-PRC-312-SHT-26-APR-33036-RED(1).webp,https://newme.asia/product/red-striped-buttoned-shirt,product_images/177.jpg,SHT,"{""casual everyday wear"": 0.2132, ""party outfit"": 0.125, ""wedding guest outfit"": 0.0074, ""office wear"": 0.5221, ""date night outfit"": 0.125, ""beach vacation outfit"": 0.0074}","{""subtle and understated outfit"": 0.1154, ""bold and loud statement outfit"": 0.8846}","{""soft muted pastel colors"": 0.0714, ""bright bold colors"": 0.7857, ""dark moody colors"": 0.0714, ""neutral minimal colors"": 0.0714}","{""very formal outfit"": 0.2119, ""semi formal outfit"": 0.5762, ""casual informal outfit"": 0.2119}"
179,Black Lace Band Collar Shirt,₹1099,https://assets.newme.asia/wp-content/uploads/2026/03/11112320beca7267/NM-PRC-339-SHT-26-FEB-31283-BLACK(1).webp,https://newme.asia/product/black-lace-band-collar-shirt,product_images/178.jpg,SHT,"{""casual everyday wear"": 0.2736, ""party outfit"": 0.1604, ""wedding guest outfit"": 0.0094, ""office wear"": 0.3868, ""date night outfit"": 0.1604, ""beach vacation outfit"": 0.0094}","{""subtle and understated outfit"": 0.1154, ""bold and loud statement outfit"": 0.8846}","{""soft muted pastel colors"": 0.0714, ""bright bold colors"": 0.0714, ""dark moody colors"": 0.7857, ""neutral minimal colors"": 0.0714}","{""very formal outfit"": 0.2645, ""semi formal outfit"": 0.4711, ""casual informal outfit"": 0.2645}"
180,White Studded Scoop Neck Crop Top,₹799,https://assets.newme.asia/wp-content/uploads/2026/04/01142140d0072d03/NM-PRC-339-BLS-26-APR-32444-WHITE(1).webp,https://newme.asia/product/white-studded-scoop-neck-crop-top,product_images/179.jpg,BLS,"{""casual everyday wear"": 0.3451, ""party outfit"": 0.2746, ""wedding guest outfit"": 0.0775, ""office wear"": 0.1338, ""date night outfit"": 0.162, ""beach vacation outfit"": 0.007}","{""subtle and understated outfit"": 0.5, ""bold and loud statement outfit"": 0.5}","{""soft muted pastel colors"": 0.0714, ""bright bold colors"": 0.0714, ""dark moody colors"": 0.0714, ""neutral minimal colors"": 0.7857}","{""very formal outfit"": 0.1718, ""semi formal outfit"": 0.4141, ""casual informal outfit"": 0.4141}"
181,Olive Green Square Neck Top,₹689,https://assets.newme.asia/wp-content/uploads/2026/01/02112637e5712406/NM-PRC-191-BLS-26-JAN-29548-OLIVE(1).webp,https://newme.asia/product/olive-green-square-neck-top,product_images/180.jpg,BLS,"{""casual everyday wear"": 0.2895, ""party outfit"": 0.2368, ""wedding guest outfit"": 0.0965, ""office wear"": 0.1667, ""date night outfit"": 0.2018, ""beach vacation outfit"": 0.0088}","{""subtle and understated outfit"": 0.5, ""bold and loud statement outfit"": 0.5}","{""soft muted pastel colors"": 0.0417, ""bright bold colors"": 0.4583, ""dark moody colors"": 0.4583, ""neutral minimal colors"": 0.0417}","{""very formal outfit"": 0.1718, ""semi formal outfit"": 0.4141, ""casual informal outfit"": 0.4141}"
182,Printed Halter Neck Top,₹679,https://assets.newme.asia/wp-content/uploads/2025/06/021859489a185a59/NM-IN-56-BLS-23-JUN-917-DKBLUE(1).webp,https://newme.asia/product/printed-halter-neck-top-2,product_images/181.jpg,BLS,"{""casual everyday wear"": 0.2063, ""party outfit"": 0.3312, ""wedding guest outfit"": 0.0688, ""office wear"": 0.1188, ""date night outfit"": 0.2687, ""beach vacation outfit"": 0.0063}","{""subtle and understated outfit"": 0.0652, ""bold and loud statement outfit"": 0.9348}","{""soft muted pastel colors"": 0.25, ""bright bold colors"": 0.25, ""dark moody colors"": 0.25, ""neutral minimal colors"": 0.25}","{""very formal outfit"": 0.1718, ""semi formal outfit"": 0.4141, ""casual informal outfit"": 0.4141}"
183,Light Brown Square Neck Top,₹679,https://assets.newme.asia/wp-content/uploads/2026/01/021126379c61748c/NM-PRC-191-BLS-26-JAN-29548-LIGHTBROWN(1).webp,https://newme.asia/product/light-brown-square-neck-top,product_images/182.jpg,BLS,"{""casual everyday wear"": 0.2895, ""party outfit"": 0.2368, ""wedding guest outfit"": 0.0965, ""office wear"": 0.1667, ""date night outfit"": 0.2018, ""beach vacation outfit"": 0.0088}","{""subtle and understated outfit"": 0.5, ""bold and loud statement outfit"": 0.5}","{""soft muted pastel colors"": 0.6176, ""bright bold colors"": 0.0294, ""dark moody colors"": 0.3235, ""neutral minimal colors"": 0.0294}","{""very formal outfit"": 0.1718, ""semi formal outfit"": 0.4141, ""casual informal outfit"": 0.4141}"
184,Black Pu Textured Scoop Neck Top,₹799,https://assets.newme.asia/wp-content/uploads/2026/05/1514300992b04d68/NM-PRC-186-BLS-26-MAY-33511-BLACK(1).webp,https://newme.asia/product/black-pu-textured-scoop-neck-top,product_images/183.jpg,BLS,"{""casual everyday wear"": 0.2895, ""party outfit"": 0.2368, ""wedding guest outfit"": 0.0965, ""office wear"": 0.1667, ""date night outfit"": 0.2018, ""beach vacation outfit"": 0.0088}","{""subtle and understated outfit"": 0.5, ""bold and loud statement outfit"": 0.5}","{""soft muted pastel colors"": 0.0417, ""bright bold colors"": 0.4583, ""dark moody colors"": 0.4583, ""neutral minimal colors"": 0.0417}","{""very formal outfit"": 0.1718, ""semi formal outfit"": 0.4141, ""casual informal outfit"": 0.4141}"
185,Polyamide Crop Tank Top,₹369,https://assets.newme.asia/wp-content/uploads/2025/07/23205923af245425/NM-IN-56-BLS-25-MAY-16534-LIGHTPINK(1).webp,https://newme.asia/product/light-pink-crop-tank-top,product_images/184.jpg,BLS,"{""casual everyday wear"": 0.3451, ""party outfit"": 0.2746, ""wedding guest outfit"": 0.0775, ""office wear"": 0.1338, ""date night outfit"": 0.162, ""beach vacation outfit"": 0.007}","{""subtle and understated outfit"": 0.5, ""bold and loud statement outfit"": 0.5}","{""soft muted pastel colors"": 0.0714, ""bright bold colors"": 0.0714, ""dark moody colors"": 0.0714, ""neutral minimal colors"": 0.7857}","{""very formal outfit"": 0.1718, ""semi formal outfit"": 0.4141, ""casual informal outfit"": 0.4141}"
186,Maroon Solid Fitted Scoop Neck Top,₹739,https://assets.newme.asia/wp-content/uploads/2025/06/202123191483e1c6/0771047c.webp,https://newme.asia/product/maroon-solid-fitted-scoop-neck-top,product_images/185.jpg,,"{""casual everyday wear"": 0.2845, ""party outfit"": 0.181, ""wedding guest outfit"": 0.1121, ""office wear"": 0.1638, ""date night outfit"": 0.181, ""beach vacation outfit"": 0.0776}","{""subtle and understated outfit"": 0.9348, ""bold and loud statement outfit"": 0.0652}","{""soft muted pastel colors"": 0.0714, ""bright bold colors"": 0.0714, ""dark moody colors"": 0.7857, ""neutral minimal colors"": 0.0714}","{""very formal outfit"": 0.1718, ""semi formal outfit"": 0.4581, ""casual informal outfit"": 0.37}"
187,Graphic Tshirt,₹279,https://assets.newme.asia/wp-content/uploads/2025/07/232059072817acae/NM-IN-56-BLS-25-MAY-16527-BLACK_(1).webp,https://newme.asia/product/graphic-tshirt-42,product_images/186.jpg,BLS,"{""casual everyday wear"": 0.5061, ""party outfit"": 0.1646, ""wedding guest outfit"": 0.0671, ""office wear"": 0.1159, ""date night outfit"": 0.1402, ""beach vacation outfit"": 0.0061}","{""subtle and understated outfit"": 0.1154, ""bold and loud statement outfit"": 0.8846}","{""soft muted pastel colors"": 0.25, ""bright bold colors"": 0.25, ""dark moody colors"": 0.25, ""neutral minimal colors"": 0.25}","{""very formal outfit"": 0.1193, ""semi formal outfit"": 0.2875, ""casual informal outfit"": 0.5933}"
188,Black Studded Scoop Neck Crop Top,₹859,https://assets.newme.asia/wp-content/uploads/2026/04/01142134fcdd68ef/NM-PRC-339-BLS-26-APR-32444-BLACK(1).webp,https://newme.asia/product/black-studded-scoop-neck-crop-top,product_images/187.jpg,BLS,"{""casual everyday wear"": 0.3451, ""party outfit"": 0.2746, ""wedding guest outfit"": 0.0775, ""office wear"": 0.1338, ""date night outfit"": 0.162, ""beach vacation outfit"": 0.007}","{""subtle and understated outfit"": 0.5, ""bold and loud statement outfit"": 0.5}","{""soft muted pastel colors"": 0.0714, ""bright bold colors"": 0.0714, ""dark moody colors"": 0.7857, ""neutral minimal colors"": 0.0714}","{""very formal outfit"": 0.1718, ""semi formal outfit"": 0.4141, ""casual informal outfit"": 0.4141}"
190,White Fitted Solid Tank Top,₹459,https://assets.newme.asia/wp-content/uploads/2026/04/271041309fb1cdc5/NM-IN-56-TAT-24-APR-4740-WHITE(0).webp,https://newme.asia/product/white-fitted-solid-tank-top-3,product_images/189.jpg,TAT,"{""casual everyday wear"": 0.5698, ""party outfit"": 0.2209, ""wedding guest outfit"": 0.0116, ""office wear"": 0.0116, ""date night outfit"": 0.1744, ""beach vacation outfit"": 0.0116}","{""subtle and understated outfit"": 0.9348, ""bold and loud statement outfit"": 0.0652}","{""soft muted pastel colors"": 0.0417, ""bright bold colors"": 0.0417, ""dark moody colors"": 0.0417, ""neutral minimal colors"": 0.875}","{""very formal outfit"": 0.0189, ""semi formal outfit"": 0.3019, ""casual informal outfit"": 0.6792}"
191,Brown Striped Round Neck Top,₹499,https://assets.newme.asia/wp-content/uploads/2026/03/3014305549b32518/NM-PRC-198-BLS-26-MAR-32278-BROWN(1).webp,https://newme.asia/product/brown-striped-round-neck-top,product_images/190.jpg,BLS,"{""casual everyday wear"": 0.2895, ""party outfit"": 0.2368, ""wedding guest outfit"": 0.0965, ""office wear"": 0.1667, ""date night outfit"": 0.2018, ""beach vacation outfit"": 0.0088}","{""subtle and understated outfit"": 0.1154, ""bold and loud statement outfit"": 0.8846}","{""soft muted pastel colors"": 0.0714, ""bright bold colors"": 0.0714, ""dark moody colors"": 0.7857, ""neutral minimal colors"": 0.0714}","{""very formal outfit"": 0.1718, ""semi formal outfit"": 0.4141, ""casual informal outfit"": 0.4141}"
192,Graphic Tshirt,₹459,https://assets.newme.asia/wp-content/uploads/2026/04/220704292520fb50/NM-IN-56-BLS-25-MAY-16526-WHITE(0).webp,https://newme.asia/product/graphic-tshirt-21,product_images/191.jpg,BLS,"{""casual everyday wear"": 0.5061, ""party outfit"": 0.1646, ""wedding guest outfit"": 0.0671, ""office wear"": 0.1159, ""date night outfit"": 0.1402, ""beach vacation outfit"": 0.0061}","{""subtle and understated outfit"": 0.1154, ""bold and loud statement outfit"": 0.8846}","{""soft muted pastel colors"": 0.25, ""bright bold colors"": 0.25, ""dark moody colors"": 0.25, ""neutral minimal colors"": 0.25}","{""very formal outfit"": 0.1193, ""semi formal outfit"": 0.2875, ""casual informal outfit"": 0.5933}"
193,Light Blue Scoop Neck Top,₹699,https://assets.newme.asia/wp-content/uploads/2026/05/15142916be0f5ce4/NM-PRC-445-BLS-26-MAY-33500-LIGHTBLUE(1).webp,https://newme.asia/product/light-blue-scoop-neck-top-4,product_images/192.jpg,BLS,"{""casual everyday wear"": 0.2895, ""party outfit"": 0.2368, ""wedding guest outfit"": 0.0965, ""office wear"": 0.1667, ""date night outfit"": 0.2018, ""beach vacation outfit"": 0.0088}","{""subtle and understated outfit"": 0.5, ""bold and loud statement outfit"": 0.5}","{""soft muted pastel colors"": 0.875, ""bright bold colors"": 0.0417, ""dark moody colors"": 0.0417, ""neutral minimal colors"": 0.0417}","{""very formal outfit"": 0.1718, ""semi formal outfit"": 0.4141, ""casual informal outfit"": 0.4141}"
194,Greyish Blue Asymmetric Neck Tank Top,₹669,https://assets.newme.asia/wp-content/uploads/2024/05/02092435dc41b5ac/NM-PRC-3-TAT-24-APR-5415-GREYBLUE(1).webp,https://newme.asia/product/greyish-blue-asymmetric-neck-tank-top,product_images/193.jpg,TAT,"{""casual everyday wear"": 0.5698, ""party outfit"": 0.2209, ""wedding guest outfit"": 0.0116, ""office wear"": 0.0116, ""date night outfit"": 0.1744, ""beach vacation outfit"": 0.0116}","{""subtle and understated outfit"": 0.5, ""bold and loud statement outfit"": 0.5}","{""soft muted pastel colors"": 0.0294, ""bright bold colors"": 0.3235, ""dark moody colors"": 0.0294, ""neutral minimal colors"": 0.6176}","{""very formal outfit"": 0.0208, ""semi formal outfit"": 0.2292, ""casual informal outfit"": 0.75}"
195,Brown Set Of 2 Embroidered Scoop Top,₹999,https://assets.newme.asia/wp-content/uploads/2026/05/151924298bb1cfce/NM-PRC-347-BLS-26-MAY-33504-BROWN(1).webp,https://newme.asia/product/brown-set-of-2-embroidered-scoop-top,product_images/194.jpg,BLS,"{""casual everyday wear"": 0.2089, ""party outfit"": 0.1709, ""wedding guest outfit"": 0.3481, ""office wear"": 0.1203, ""date night outfit"": 0.1456, ""beach vacation outfit"": 0.0063}","{""subtle and understated outfit"": 0.1154, ""bold and loud statement outfit"": 0.8846}","{""soft muted pastel colors"": 0.0417, ""bright bold colors"": 0.4583, ""dark moody colors"": 0.4583, ""neutral minimal colors"": 0.0417}","{""very formal outfit"": 0.1718, ""semi formal outfit"": 0.4141, ""casual informal outfit"": 0.4141}"
196,White Crop Tank Top,₹499,https://assets.newme.asia/wp-content/uploads/2024/04/25135348d115d7a9/NM-PRC-61-TAT-24-APR-5293-WHITE(1).webp,https://newme.asia/product/white-crop-tank-top,product_images/195.jpg,TAT,"{""casual everyday wear"": 0.5702, ""party outfit"": 0.2719, ""wedding guest outfit"": 0.0088, ""office wear"": 0.0088, ""date night outfit"": 0.1316, ""beach vacation outfit"": 0.0088}","{""subtle and understated outfit"": 0.5, ""bold and loud statement outfit"": 0.5}","{""soft muted pastel colors"": 0.0417, ""bright bold colors"": 0.0417, ""dark moody colors"": 0.0417, ""neutral minimal colors"": 0.875}","{""very formal outfit"": 0.0208, ""semi formal outfit"": 0.2292, ""casual informal outfit"": 0.75}"
197,Black Boat Neck Fitted Tank Top,₹729,https://assets.newme.asia/wp-content/uploads/2024/04/26122608806dcbbe/NM-PRC-108-TAT-24-APR-5310-BLACK(1).webp,https://newme.asia/product/black-boat-neck-fitted-tank-top,product_images/196.jpg,TAT,"{""casual everyday wear"": 0.5698, ""party outfit"": 0.2209, ""wedding guest outfit"": 0.0116, ""office wear"": 0.0116, ""date night outfit"": 0.1744, ""beach vacation outfit"": 0.0116}","{""subtle and understated outfit"": 0.8846, ""bold and loud statement outfit"": 0.1154}","{""soft muted pastel colors"": 0.0417, ""bright bold colors"": 0.0417, ""dark moody colors"": 0.4583, ""neutral minimal colors"": 0.4583}","{""very formal outfit"": 0.0208, ""semi formal outfit"": 0.2292, ""casual informal outfit"": 0.75}"
198,Grey Solid Backless Scoop Neck Top,₹349,https://assets.newme.asia/wp-content/uploads/2025/10/24065958ce2a6a75/NM-IN-56-BLS-25-JUN-20163-GREY(1).webp,https://newme.asia/product/grey-solid-backless-scoop-neck-top-2,product_images/197.jpg,BLS,"{""casual everyday wear"": 0.1793, ""party outfit"": 0.3641, ""wedding guest outfit"": 0.0598, ""office wear"": 0.1033, ""date night outfit"": 0.288, ""beach vacation outfit"": 0.0054}","{""subtle and understated outfit"": 0.5, ""bold and loud statement outfit"": 0.5}","{""soft muted pastel colors"": 0.0714, ""bright bold colors"": 0.0714, ""dark moody colors"": 0.0714, ""neutral minimal colors"": 0.7857}","{""very formal outfit"": 0.1579, ""semi formal outfit"": 0.4615, ""casual informal outfit"": 0.3806}"
199,Light Olive Crop Tank Top,₹409,https://assets.newme.asia/wp-content/uploads/2025/05/23121530abad64da/NM-IN-56-BLS-25-MAY-16534-LIGHTOLIVE(1).webp,https://newme.asia/product/light-olive-crop-tank-top,product_images/198.jpg,BLS,"{""casual everyday wear"": 0.3451, ""party outfit"": 0.2746, ""wedding guest outfit"": 0.0775, ""office wear"": 0.1338, ""date night outfit"": 0.162, ""beach vacation outfit"": 0.007}","{""subtle and understated outfit"": 0.5, ""bold and loud statement outfit"": 0.5}","{""soft muted pastel colors"": 0.4773, ""bright bold colors"": 0.0227, ""dark moody colors"": 0.25, ""neutral minimal colors"": 0.25}","{""very formal outfit"": 0.1718, ""semi formal outfit"": 0.4141, ""casual informal outfit"": 0.4141}"
200,Light Yellow Scoop Neck Tank Top,₹449,https://assets.newme.asia/wp-content/uploads/2025/07/25100734925fe7ee/NM-IN-56-BLS-25-JAN-12505-LIGHTYELLOW_(1).webp,https://newme.asia/product/light-yellow-scoop-neck-tank-top,product_images/199.jpg,BLS,"{""casual everyday wear"": 0.2895, ""party outfit"": 0.2368, ""wedding guest outfit"": 0.0965, ""office wear"": 0.1667, ""date night outfit"": 0.2018, ""beach vacation outfit"": 0.0088}","{""subtle and understated outfit"": 0.5, ""bold and loud statement outfit"": 0.5}","{""soft muted pastel colors"": 0.4773, ""bright bold colors"": 0.25, ""dark moody colors"": 0.0227, ""neutral minimal colors"": 0.25}","{""very formal outfit"": 0.1718, ""semi formal outfit"": 0.4141, ""casual informal outfit"": 0.4141}"
201,Peach Printed Tank Top,₹819,https://assets.newme.asia/wp-content/uploads/2023/11/30094121/NM-PRC-87-BLS-23-NOV-1619-GREEN-1.webp,https://newme.asia/product/peach-printed-tank-top-3,product_images/200.jpg,BLS,"{""casual everyday wear"": 0.2895, ""party outfit"": 0.2368, ""wedding guest outfit"": 0.0965, ""office wear"": 0.1667, ""date night outfit"": 0.2018, ""beach vacation outfit"": 0.0088}","{""subtle and understated outfit"": 0.0652, ""bold and loud statement outfit"": 0.9348}","{""soft muted pastel colors"": 0.4583, ""bright bold colors"": 0.0417, ""dark moody colors"": 0.0417, ""neutral minimal colors"": 0.4583}","{""very formal outfit"": 0.1718, ""semi formal outfit"": 0.4141, ""casual informal outfit"": 0.4141}"
202,Black Typographic Tank Top,₹549,https://assets.newme.asia/wp-content/uploads/2024/06/06124122f236d70f/NM-PRC-152-TAT-24-JUN-6176-BLACK(1).webp,https://newme.asia/product/black-typographic-tank-top-2,product_images/201.jpg,TAT,"{""casual everyday wear"": 0.8011, ""party outfit"": 0.1022, ""wedding guest outfit"": 0.0054, ""office wear"": 0.0054, ""date night outfit"": 0.0806, ""beach vacation outfit"": 0.0054}","{""subtle and understated outfit"": 0.0652, ""bold and loud statement outfit"": 0.9348}","{""soft muted pastel colors"": 0.0417, ""bright bold colors"": 0.0417, ""dark moody colors"": 0.4583, ""neutral minimal colors"": 0.4583}","{""very formal outfit"": 0.0137, ""semi formal outfit"": 0.1507, ""casual informal outfit"": 0.8356}"
203,Black Solid Lace Crop Top,₹799,https://assets.newme.asia/wp-content/uploads/2026/05/2115300800190a32/NM-PRC-313-BLS-26-MAY-33894-BLACK(1).webp,https://newme.asia/product/black-solid-lace-crop-top-2,product_images/202.jpg,BLS,"{""casual everyday wear"": 0.3451, ""party outfit"": 0.2746, ""wedding guest outfit"": 0.0775, ""office wear"": 0.1338, ""date night outfit"": 0.162, ""beach vacation outfit"": 0.007}","{""subtle and understated outfit"": 0.5, ""bold and loud statement outfit"": 0.5}","{""soft muted pastel colors"": 0.0714, ""bright bold colors"": 0.0714, ""dark moody colors"": 0.7857, ""neutral minimal colors"": 0.0714}","{""very formal outfit"": 0.1579, ""semi formal outfit"": 0.4615, ""casual informal outfit"": 0.3806}"
204,Black Typography Ombre Crop Top,₹799,https://assets.newme.asia/wp-content/uploads/2026/05/2115074372cb897f/NM-PRC-91-BLS-26-MAY-33727-BLACK(1).webp,https://newme.asia/product/black-typography-ombre-crop-top,product_images/203.jpg,BLS,"{""casual everyday wear"": 0.5156, ""party outfit"": 0.2031, ""wedding guest outfit"": 0.0573, ""office wear"": 0.099, ""date night outfit"": 0.1198, ""beach vacation outfit"": 0.0052}","{""subtle and understated outfit"": 0.1154, ""bold and loud statement outfit"": 0.8846}","{""soft muted pastel colors"": 0.0714, ""bright bold colors"": 0.0714, ""dark moody colors"": 0.7857, ""neutral minimal colors"": 0.0714}","{""very formal outfit"": 0.1718, ""semi formal outfit"": 0.4141, ""casual informal outfit"": 0.4141}"
205,Yellow Solid Cut Out Top,₹599,https://assets.newme.asia/wp-content/uploads/2026/05/2115080930aca6b2/NM-PRC-194-BLS-25-JUL-23339-YELLOW(1).webp,https://newme.asia/product/yellow-solid-cut-out-top,product_images/204.jpg,BLS,"{""casual everyday wear"": 0.1941, ""party outfit"": 0.3706, ""wedding guest outfit"": 0.0647, ""office wear"": 0.1118, ""date night outfit"": 0.2529, ""beach vacation outfit"": 0.0059}","{""subtle and understated outfit"": 0.5, ""bold and loud statement outfit"": 0.5}","{""soft muted pastel colors"": 0.0714, ""bright bold colors"": 0.7857, ""dark moody colors"": 0.0714, ""neutral minimal colors"": 0.0714}","{""very formal outfit"": 0.1579, ""semi formal outfit"": 0.4615, ""casual informal outfit"": 0.3806}"
206,Brown Leopard Printed Top,₹699,https://assets.newme.asia/wp-content/uploads/2026/05/21144506d5f5263f/NM-PRC-186-BLS-26-MAY-33642-BROWN(1).webp,https://newme.asia/product/brown-leopard-printed-top,product_images/205.jpg,BLS,"{""casual everyday wear"": 0.2895, ""party outfit"": 0.2368, ""wedding guest outfit"": 0.0965, ""office wear"": 0.1667, ""date night outfit"": 0.2018, ""beach vacation outfit"": 0.0088}","{""subtle and understated outfit"": 0.0455, ""bold and loud statement outfit"": 0.9545}","{""soft muted pastel colors"": 0.0714, ""bright bold colors"": 0.0714, ""dark moody colors"": 0.7857, ""neutral minimal colors"": 0.0714}","{""very formal outfit"": 0.1718, ""semi formal outfit"": 0.4141, ""casual informal outfit"": 0.4141}"
207,Light Pink Strappy Slim Fit Tank Top,₹799,https://assets.newme.asia/wp-content/uploads/2024/12/05133829fb9c8dfc/NM-PRC-3-TAT-24-NOV-13241-LIGHTPINK(1).webp,https://newme.asia/product/light-pink-strappy-slim-fit-tank-top,product_images/206.jpg,TAT,"{""casual everyday wear"": 0.5698, ""party outfit"": 0.2209, ""wedding guest outfit"": 0.0116, ""office wear"": 0.0116, ""date night outfit"": 0.1744, ""beach vacation outfit"": 0.0116}","{""subtle and understated outfit"": 0.5, ""bold and loud statement outfit"": 0.5}","{""soft muted pastel colors"": 0.4773, ""bright bold colors"": 0.25, ""dark moody colors"": 0.0227, ""neutral minimal colors"": 0.25}","{""very formal outfit"": 0.0208, ""semi formal outfit"": 0.2292, ""casual informal outfit"": 0.75}"
208,Blue Solid High-Rise Jeans,₹1499,https://assets.newme.asia/wp-content/uploads/2026/05/1512141952455167/NM-PRC-392-JNS-26-MAY-33544-BLUE(1).webp,https://newme.asia/product/blue-solid-high-rise-jeans-2,product_images/207.jpg,JNS,"{""casual everyday wear"": 0.6771, ""party outfit"": 0.1146, ""wedding guest outfit"": 0.0104, ""office wear"": 0.0729, ""date night outfit"": 0.1146, ""beach vacation outfit"": 0.0104}","{""subtle and understated outfit"": 0.8846, ""bold and loud statement outfit"": 0.1154}","{""soft muted pastel colors"": 0.0714, ""bright bold colors"": 0.7857, ""dark moody colors"": 0.0714, ""neutral minimal colors"": 0.0714}","{""very formal outfit"": 0.0372, ""semi formal outfit"": 0.2438, ""casual informal outfit"": 0.719}"
209,Dark Blue Embellished High-Rise Jeans,₹1719,https://assets.newme.asia/wp-content/uploads/2026/05/110954374c5e28d9/NM-IN-56-JNS-26-MAR-22631-DARKBLUE(0).webp,https://newme.asia/product/dark-blue-embellished-high-rise-jeans,product_images/208.jpg,JNS,"{""casual everyday wear"": 0.4062, ""party outfit"": 0.1938, ""wedding guest outfit"": 0.2812, ""office wear"": 0.0437, ""date night outfit"": 0.0688, ""beach vacation outfit"": 0.0063}","{""subtle and understated outfit"": 0.1154, ""bold and loud statement outfit"": 0.8846}","{""soft muted pastel colors"": 0.0714, ""bright bold colors"": 0.0714, ""dark moody colors"": 0.7857, ""neutral minimal colors"": 0.0714}","{""very formal outfit"": 0.0331, ""semi formal outfit"": 0.3272, ""casual informal outfit"": 0.6397}"
210,Blue Mid Rise Straight Fit Jeans,₹1749,https://assets.newme.asia/wp-content/uploads/2025/11/1414410526ce50a5/NM-PRC-386-JNS-25-NOV-26682-LIGHTBLUE(1).webp,https://newme.asia/product/blue-mid-rise-straight-fit-jeans-29,product_images/209.jpg,JNS,"{""casual everyday wear"": 0.6771, ""party outfit"": 0.1146, ""wedding guest outfit"": 0.0104, ""office wear"": 0.0729, ""date night outfit"": 0.1146, ""beach vacation outfit"": 0.0104}","{""subtle and understated outfit"": 0.8846, ""bold and loud statement outfit"": 0.1154}","{""soft muted pastel colors"": 0.0714, ""bright bold colors"": 0.7857, ""dark moody colors"": 0.0714, ""neutral minimal colors"": 0.0714}","{""very formal outfit"": 0.0405, ""semi formal outfit"": 0.1757, ""casual informal outfit"": 0.7838}"
211,Light Blue High Rise Ripped Jeans,₹1719,https://assets.newme.asia/wp-content/uploads/2025/10/06142415b4e2db67/NM-PRC-356-JNS-25-OCT-25206-LIGHTBLUE(1).webp,https://newme.asia/product/light-blue-high-rise-ripped-jeans-7,product_images/210.jpg,JNS,"{""casual everyday wear"": 0.6771, ""party outfit"": 0.1146, ""wedding guest outfit"": 0.0104, ""office wear"": 0.0729, ""date night outfit"": 0.1146, ""beach vacation outfit"": 0.0104}","{""subtle and understated outfit"": 0.5, ""bold and loud statement outfit"": 0.5}","{""soft muted pastel colors"": 0.875, ""bright bold colors"": 0.0417, ""dark moody colors"": 0.0417, ""neutral minimal colors"": 0.0417}","{""very formal outfit"": 0.0405, ""semi formal outfit"": 0.1757, ""casual informal outfit"": 0.7838}"
212,Black Monotone High-Rise Jeans,₹1599,https://assets.newme.asia/wp-content/uploads/2026/03/050802326dd1f33d/NM-PRC-392-JNS-26-JAN-30685-BLACK(1).webp,https://newme.asia/product/black-monotone-high-rise-jeans,product_images/211.jpg,JNS,"{""casual everyday wear"": 0.6771, ""party outfit"": 0.1146, ""wedding guest outfit"": 0.0104, ""office wear"": 0.0729, ""date night outfit"": 0.1146, ""beach vacation outfit"": 0.0104}","{""subtle and understated outfit"": 0.5, ""bold and loud statement outfit"": 0.5}","{""soft muted pastel colors"": 0.0714, ""bright bold colors"": 0.0714, ""dark moody colors"": 0.7857, ""neutral minimal colors"": 0.0714}","{""very formal outfit"": 0.0405, ""semi formal outfit"": 0.1757, ""casual informal outfit"": 0.7838}"
213,Dark Blue Solid High-Rise Jeans,₹1699,https://assets.newme.asia/wp-content/uploads/2026/03/050803420c1e49b5/NM-PRC-386-JNS-26-JAN-30746-DARKBLUE(1).webp,https://newme.asia/product/dark-blue-solid-high-rise-jeans-7,product_images/212.jpg,JNS,"{""casual everyday wear"": 0.6771, ""party outfit"": 0.1146, ""wedding guest outfit"": 0.0104, ""office wear"": 0.0729, ""date night outfit"": 0.1146, ""beach vacation outfit"": 0.0104}","{""subtle and understated outfit"": 0.8846, ""bold and loud statement outfit"": 0.1154}","{""soft muted pastel colors"": 0.0714, ""bright bold colors"": 0.0714, ""dark moody colors"": 0.7857, ""neutral minimal colors"": 0.0714}","{""very formal outfit"": 0.0372, ""semi formal outfit"": 0.2438, ""casual informal outfit"": 0.719}"
215,Blue Lace Insert Wide-Leg Jeans,₹1099,https://assets.newme.asia/wp-content/uploads/2025/11/14144034236d525d/NM-PRC-386-JNS-25-NOV-26651-LIGHTBLUE(1).webp,https://newme.asia/product/blue-lace-insert-wide-leg-jeans,product_images/214.jpg,JNS,"{""casual everyday wear"": 0.6771, ""party outfit"": 0.1146, ""wedding guest outfit"": 0.0104, ""office wear"": 0.0729, ""date night outfit"": 0.1146, ""beach vacation outfit"": 0.0104}","{""subtle and understated outfit"": 0.1154, ""bold and loud statement outfit"": 0.8846}","{""soft muted pastel colors"": 0.0714, ""bright bold colors"": 0.7857, ""dark moody colors"": 0.0714, ""neutral minimal colors"": 0.0714}","{""very formal outfit"": 0.0405, ""semi formal outfit"": 0.1757, ""casual informal outfit"": 0.7838}"
216,Whie Solid High Rise Jeans,₹1099,https://assets.newme.asia/wp-content/uploads/2026/01/310711030309820b/NM-IN-56-JNS-25-DEC-22297-WHITE(0).webp,https://newme.asia/product/whie-solid-high-rise-jeans,product_images/215.jpg,JNS,"{""casual everyday wear"": 0.6771, ""party outfit"": 0.1146, ""wedding guest outfit"": 0.0104, ""office wear"": 0.0729, ""date night outfit"": 0.1146, ""beach vacation outfit"": 0.0104}","{""subtle and understated outfit"": 0.8846, ""bold and loud statement outfit"": 0.1154}","{""soft muted pastel colors"": 0.25, ""bright bold colors"": 0.25, ""dark moody colors"": 0.25, ""neutral minimal colors"": 0.25}","{""very formal outfit"": 0.0372, ""semi formal outfit"": 0.2438, ""casual informal outfit"": 0.719}"
217,Red Solid Mid Rise Jeans,₹1649,https://assets.newme.asia/wp-content/uploads/2026/01/2213470730cbee46/NM-PRC-306-JNS-26-JAN-29859-RED(1).webp,https://newme.asia/product/red-solid-mid-rise-jeans,product_images/216.jpg,JNS,"{""casual everyday wear"": 0.6771, ""party outfit"": 0.1146, ""wedding guest outfit"": 0.0104, ""office wear"": 0.0729, ""date night outfit"": 0.1146, ""beach vacation outfit"": 0.0104}","{""subtle and understated outfit"": 0.8846, ""bold and loud statement outfit"": 0.1154}","{""soft muted pastel colors"": 0.0714, ""bright bold colors"": 0.7857, ""dark moody colors"": 0.0714, ""neutral minimal colors"": 0.0714}","{""very formal outfit"": 0.0372, ""semi formal outfit"": 0.2438, ""casual informal outfit"": 0.719}"
218,Straight Fit Cargo Jeans,₹789,https://assets.newme.asia/wp-content/uploads/2025/07/23235944820bbf72/NM-IN-56-JNS-25-MAY-16517-LIGHTGREY_(1).webp,https://newme.asia/product/straight-fit-cargo-jeans-7,product_images/217.jpg,JNS,"{""casual everyday wear"": 0.8013, ""party outfit"": 0.0705, ""wedding guest outfit"": 0.0064, ""office wear"": 0.0449, ""date night outfit"": 0.0705, ""beach vacation outfit"": 0.0064}","{""subtle and understated outfit"": 0.8846, ""bold and loud statement outfit"": 0.1154}","{""soft muted pastel colors"": 0.25, ""bright bold colors"": 0.25, ""dark moody colors"": 0.25, ""neutral minimal colors"": 0.25}","{""very formal outfit"": 0.0242, ""semi formal outfit"": 0.1048, ""casual informal outfit"": 0.871}"
219,Black Solid Mid Rise Straight Jeans,₹999,https://assets.newme.asia/wp-content/uploads/2025/09/23125545581c5fd7/NM-IN-56-JNS-25-AUG-21315-BLACK_(1).webp,https://newme.asia/product/black-solid-mid-rise-straight-jeans,product_images/218.jpg,JNS,"{""casual everyday wear"": 0.6771, ""party outfit"": 0.1146, ""wedding guest outfit"": 0.0104, ""office wear"": 0.0729, ""date night outfit"": 0.1146, ""beach vacation outfit"": 0.0104}","{""subtle and understated outfit"": 0.8846, ""bold and loud statement outfit"": 0.1154}","{""soft muted pastel colors"": 0.0714, ""bright bold colors"": 0.0714, ""dark moody colors"": 0.7857, ""neutral minimal colors"": 0.0714}","{""very formal outfit"": 0.0372, ""semi formal outfit"": 0.2438, ""casual informal outfit"": 0.719}"
220,Blue Solid Mid Rise Straight Jeans,₹909,https://assets.newme.asia/wp-content/uploads/2025/09/23125648168d093c/NM-IN-56-JNS-25-AUG-21332-BLUE_(1).webp,https://newme.asia/product/blue-solid-mid-rise-straight-jeans-4,product_images/219.jpg,JNS,"{""casual everyday wear"": 0.6771, ""party outfit"": 0.1146, ""wedding guest outfit"": 0.0104, ""office wear"": 0.0729, ""date night outfit"": 0.1146, ""beach vacation outfit"": 0.0104}","{""subtle and understated outfit"": 0.8846, ""bold and loud statement outfit"": 0.1154}","{""soft muted pastel colors"": 0.0714, ""bright bold colors"": 0.7857, ""dark moody colors"": 0.0714, ""neutral minimal colors"": 0.0714}","{""very formal outfit"": 0.0372, ""semi formal outfit"": 0.2438, ""casual informal outfit"": 0.719}"
221,Brown High Rise Cargo Jeans,₹1699,https://assets.newme.asia/wp-content/uploads/2026/03/05080139215377ee/NM-PRC-306-JNS-26-JAN-30635-BROWN(1).webp,https://newme.asia/product/brown-high-rise-cargo-jeans,product_images/220.jpg,JNS,"{""casual everyday wear"": 0.8013, ""party outfit"": 0.0705, ""wedding guest outfit"": 0.0064, ""office wear"": 0.0449, ""date night outfit"": 0.0705, ""beach vacation outfit"": 0.0064}","{""subtle and understated outfit"": 0.5, ""bold and loud statement outfit"": 0.5}","{""soft muted pastel colors"": 0.0714, ""bright bold colors"": 0.0714, ""dark moody colors"": 0.7857, ""neutral minimal colors"": 0.0714}","{""very formal outfit"": 0.0242, ""semi formal outfit"": 0.1048, ""casual informal outfit"": 0.871}"
222,Dark Blue Solid Mid Rise Jeans,₹539,https://assets.newme.asia/wp-content/uploads/2025/09/1913292447049096/NM-IN-56-JNS-25-AUG-21320-DARKBLUE_(1).webp,https://newme.asia/product/dark-blue-solid-mid-rise-jeans,product_images/221.jpg,JNS,"{""casual everyday wear"": 0.6771, ""party outfit"": 0.1146, ""wedding guest outfit"": 0.0104, ""office wear"": 0.0729, ""date night outfit"": 0.1146, ""beach vacation outfit"": 0.0104}","{""subtle and understated outfit"": 0.8846, ""bold and loud statement outfit"": 0.1154}","{""soft muted pastel colors"": 0.0714, ""bright bold colors"": 0.0714, ""dark moody colors"": 0.7857, ""neutral minimal colors"": 0.0714}","{""very formal outfit"": 0.0372, ""semi formal outfit"": 0.2438, ""casual informal outfit"": 0.719}"
223,Darkblue Highrise Straight Jeans,₹699,https://assets.newme.asia/wp-content/uploads/2025/07/31160706f95f6ea3/NM-IN-56-JNS-25-JUL-21138-DARKBLUE_(1).webp,https://newme.asia/product/darkblue-highrise-straight-jeans,product_images/222.jpg,JNS,"{""casual everyday wear"": 0.6771, ""party outfit"": 0.1146, ""wedding guest outfit"": 0.0104, ""office wear"": 0.0729, ""date night outfit"": 0.1146, ""beach vacation outfit"": 0.0104}","{""subtle and understated outfit"": 0.5, ""bold and loud statement outfit"": 0.5}","{""soft muted pastel colors"": 0.0714, ""bright bold colors"": 0.7857, ""dark moody colors"": 0.0714, ""neutral minimal colors"": 0.0714}","{""very formal outfit"": 0.0405, ""semi formal outfit"": 0.1757, ""casual informal outfit"": 0.7838}"
224,Straight Fit Cargo Jeans,₹699,https://assets.newme.asia/wp-content/uploads/2025/07/232359327ff1d142/NM-IN-56-JNS-25-MAY-16517-GREEN_(1).webp,https://newme.asia/product/straight-fit-cargo-jeans-4,product_images/223.jpg,JNS,"{""casual everyday wear"": 0.8013, ""party outfit"": 0.0705, ""wedding guest outfit"": 0.0064, ""office wear"": 0.0449, ""date night outfit"": 0.0705, ""beach vacation outfit"": 0.0064}","{""subtle and understated outfit"": 0.8846, ""bold and loud statement outfit"": 0.1154}","{""soft muted pastel colors"": 0.25, ""bright bold colors"": 0.25, ""dark moody colors"": 0.25, ""neutral minimal colors"": 0.25}","{""very formal outfit"": 0.0242, ""semi formal outfit"": 0.1048, ""casual informal outfit"": 0.871}"
225,White Bow Print Mid Rise Jeans,₹1199,https://assets.newme.asia/wp-content/uploads/2025/09/15065113c2cfb1a8/NM-PRC-325-JNS-25-AUG-24094-WHITE(1).webp,https://newme.asia/product/white-bow-print-mid-rise-jeans,product_images/224.jpg,JNS,"{""casual everyday wear"": 0.6771, ""party outfit"": 0.1146, ""wedding guest outfit"": 0.0104, ""office wear"": 0.0729, ""date night outfit"": 0.1146, ""beach vacation outfit"": 0.0104}","{""subtle and understated outfit"": 0.1154, ""bold and loud statement outfit"": 0.8846}","{""soft muted pastel colors"": 0.0714, ""bright bold colors"": 0.0714, ""dark moody colors"": 0.0714, ""neutral minimal colors"": 0.7857}","{""very formal outfit"": 0.0405, ""semi formal outfit"": 0.1757, ""casual informal outfit"": 0.7838}"
226,Straight Fit Cargo Jeans,₹699,https://assets.newme.asia/wp-content/uploads/2025/07/232359119cef5a73/NM-IN-56-JNS-25-MAY-16517-DARKGREY_(1).webp,https://newme.asia/product/straight-fit-cargo-jeans,product_images/225.jpg,JNS,"{""casual everyday wear"": 0.8013, ""party outfit"": 0.0705, ""wedding guest outfit"": 0.0064, ""office wear"": 0.0449, ""date night outfit"": 0.0705, ""beach vacation outfit"": 0.0064}","{""subtle and understated outfit"": 0.8846, ""bold and loud statement outfit"": 0.1154}","{""soft muted pastel colors"": 0.25, ""bright bold colors"": 0.25, ""dark moody colors"": 0.25, ""neutral minimal colors"": 0.25}","{""very formal outfit"": 0.0242, ""semi formal outfit"": 0.1048, ""casual informal outfit"": 0.871}"
227,Blue Solid Mid Rise Jeans,₹1099,https://assets.newme.asia/wp-content/uploads/2026/02/27132847b266835f/NM-IN-56-JNS-26-FEB-22604-BLUE(0).webp,https://newme.asia/product/blue-solid-mid-rise-jeans,product_images/226.jpg,JNS,"{""casual everyday wear"": 0.6771, ""party outfit"": 0.1146, ""wedding guest outfit"": 0.0104, ""office wear"": 0.0729, ""date night outfit"": 0.1146, ""beach vacation outfit"": 0.0104}","{""subtle and understated outfit"": 0.8846, ""bold and loud statement outfit"": 0.1154}","{""soft muted pastel colors"": 0.0714, ""bright bold colors"": 0.7857, ""dark moody colors"": 0.0714, ""neutral minimal colors"": 0.0714}","{""very formal outfit"": 0.0372, ""semi formal outfit"": 0.2438, ""casual informal outfit"": 0.719}"
228,Blue Solid Mid Rise Straight Jeans,₹699,https://assets.newme.asia/wp-content/uploads/2025/09/231255271e7dbe47/NM-IN-56-JNS-25-AUG-21312-BLUE_(1).webp,https://newme.asia/product/blue-solid-mid-rise-straight-jeans,product_images/227.jpg,JNS,"{""casual everyday wear"": 0.6771, ""party outfit"": 0.1146, ""wedding guest outfit"": 0.0104, ""office wear"": 0.0729, ""date night outfit"": 0.1146, ""beach vacation outfit"": 0.0104}","{""subtle and understated outfit"": 0.8846, ""bold and loud statement outfit"": 0.1154}","{""soft muted pastel colors"": 0.0714, ""bright bold colors"": 0.7857, ""dark moody colors"": 0.0714, ""neutral minimal colors"": 0.0714}","{""very formal outfit"": 0.0372, ""semi formal outfit"": 0.2438, ""casual informal outfit"": 0.719}"
229,Burgundy Mid Rise Straight Fit Stretch Jeans,₹759,https://assets.newme.asia/wp-content/uploads/2025/05/171446380303d737/NM-IN-56-JNS-25-MAR-12844-BURGUNDY_(1).webp,https://newme.asia/product/burgundy-mid-rise-straight-fit-stretch-jeans,product_images/228.jpg,JNS,"{""casual everyday wear"": 0.6771, ""party outfit"": 0.1146, ""wedding guest outfit"": 0.0104, ""office wear"": 0.0729, ""date night outfit"": 0.1146, ""beach vacation outfit"": 0.0104}","{""subtle and understated outfit"": 0.8846, ""bold and loud statement outfit"": 0.1154}","{""soft muted pastel colors"": 0.0714, ""bright bold colors"": 0.0714, ""dark moody colors"": 0.7857, ""neutral minimal colors"": 0.0714}","{""very formal outfit"": 0.0405, ""semi formal outfit"": 0.1757, ""casual informal outfit"": 0.7838}"
230,Dark Blue Pinstripe Straight Fit Jeans,₹1309,https://assets.newme.asia/wp-content/uploads/2025/09/150648578f9633a5/NM-PRC-306-JNS-25-JUL-23348-DARKBLUE(1).webp,https://newme.asia/product/dark-blue-pinstripe-straight-fit-jeans,product_images/229.jpg,JNS,"{""casual everyday wear"": 0.4452, ""party outfit"": 0.0753, ""wedding guest outfit"": 0.0068, ""office wear"": 0.3904, ""date night outfit"": 0.0753, ""beach vacation outfit"": 0.0068}","{""subtle and understated outfit"": 0.8846, ""bold and loud statement outfit"": 0.1154}","{""soft muted pastel colors"": 0.0714, ""bright bold colors"": 0.0714, ""dark moody colors"": 0.7857, ""neutral minimal colors"": 0.0714}","{""very formal outfit"": 0.3385, ""semi formal outfit"": 0.1211, ""casual informal outfit"": 0.5404}"
231,Blue Solid Mid Rise Wide Leg Jeans,₹909,https://assets.newme.asia/wp-content/uploads/2025/09/2312562837ffd3b1/NM-IN-56-JNS-25-AUG-21323-BLUE_(1).webp,https://newme.asia/product/blue-solid-mid-rise-wide-leg-jeans-22,product_images/230.jpg,JNS,"{""casual everyday wear"": 0.6771, ""party outfit"": 0.1146, ""wedding guest outfit"": 0.0104, ""office wear"": 0.0729, ""date night outfit"": 0.1146, ""beach vacation outfit"": 0.0104}","{""subtle and understated outfit"": 0.8846, ""bold and loud statement outfit"": 0.1154}","{""soft muted pastel colors"": 0.0714, ""bright bold colors"": 0.7857, ""dark moody colors"": 0.0714, ""neutral minimal colors"": 0.0714}","{""very formal outfit"": 0.0372, ""semi formal outfit"": 0.2438, ""casual informal outfit"": 0.719}"
232,Black Mid Rise Straight Fit Jeans,₹1149,https://assets.newme.asia/wp-content/uploads/2025/07/23203619cb67dcb4/NM-PRC-306-JNS-25-MAR-15765-BLACK(1).webp,https://newme.asia/product/black-mid-rise-straight-fit-jeans,product_images/231.jpg,JNS,"{""casual everyday wear"": 0.6771, ""party outfit"": 0.1146, ""wedding guest outfit"": 0.0104, ""office wear"": 0.0729, ""date night outfit"": 0.1146, ""beach vacation outfit"": 0.0104}","{""subtle and understated outfit"": 0.8846, ""bold and loud statement outfit"": 0.1154}","{""soft muted pastel colors"": 0.0714, ""bright bold colors"": 0.0714, ""dark moody colors"": 0.7857, ""neutral minimal colors"": 0.0714}","{""very formal outfit"": 0.0405, ""semi formal outfit"": 0.1757, ""casual informal outfit"": 0.7838}"
233,Mid Rise Straight Fit Off-White Jeans,₹859,https://assets.newme.asia/wp-content/uploads/2024/01/04082557/NM-IN-55-JNS-24-JAN-83-OFFWHITE-1.webp,https://newme.asia/product/midrise-straight-fit-offwhite-jeans,product_images/232.jpg,JNS,"{""casual everyday wear"": 0.6771, ""party outfit"": 0.1146, ""wedding guest outfit"": 0.0104, ""office wear"": 0.0729, ""date night outfit"": 0.1146, ""beach vacation outfit"": 0.0104}","{""subtle and understated outfit"": 0.8846, ""bold and loud statement outfit"": 0.1154}","{""soft muted pastel colors"": 0.0417, ""bright bold colors"": 0.0417, ""dark moody colors"": 0.0417, ""neutral minimal colors"": 0.875}","{""very formal outfit"": 0.0405, ""semi formal outfit"": 0.1757, ""casual informal outfit"": 0.7838}"
234,Darkblue Highrise Straight Jeans,₹769,https://assets.newme.asia/wp-content/uploads/2025/07/31160704849e4c57/NM-IN-56-JNS-25-JUL-21137-DARKBLUE_(1).webp,https://newme.asia/product/darkblue-highrise-straight-jeans-2,product_images/233.jpg,JNS,"{""casual everyday wear"": 0.6771, ""party outfit"": 0.1146, ""wedding guest outfit"": 0.0104, ""office wear"": 0.0729, ""date night outfit"": 0.1146, ""beach vacation outfit"": 0.0104}","{""subtle and understated outfit"": 0.5, ""bold and loud statement outfit"": 0.5}","{""soft muted pastel colors"": 0.0714, ""bright bold colors"": 0.7857, ""dark moody colors"": 0.0714, ""neutral minimal colors"": 0.0714}","{""very formal outfit"": 0.0405, ""semi formal outfit"": 0.1757, ""casual informal outfit"": 0.7838}"
235,Black High Rise Straight Fit Jeans,₹799,https://assets.newme.asia/wp-content/uploads/2025/11/1315294073573b87/NM-IN-56-JNS-25-NOV-21920-BLACK(1).webp,https://newme.asia/product/black-high-rise-straight-fit-jeans-16,product_images/234.jpg,JNS,"{""casual everyday wear"": 0.6771, ""party outfit"": 0.1146, ""wedding guest outfit"": 0.0104, ""office wear"": 0.0729, ""date night outfit"": 0.1146, ""beach vacation outfit"": 0.0104}","{""subtle and understated outfit"": 0.8846, ""bold and loud statement outfit"": 0.1154}","{""soft muted pastel colors"": 0.0714, ""bright bold colors"": 0.0714, ""dark moody colors"": 0.7857, ""neutral minimal colors"": 0.0714}","{""very formal outfit"": 0.0405, ""semi formal outfit"": 0.1757, ""casual informal outfit"": 0.7838}"
236,Light Blue High Rise Straight Fit Jeans,₹1129,https://assets.newme.asia/wp-content/uploads/2025/10/180752160a0fc849/NM-PRC-337-JNS-25-OCT-25548-LIGHTBLUE(1).webp,https://newme.asia/product/light-blue-high-rise-straight-fit-jeans-16,product_images/235.jpg,JNS,"{""casual everyday wear"": 0.6771, ""party outfit"": 0.1146, ""wedding guest outfit"": 0.0104, ""office wear"": 0.0729, ""date night outfit"": 0.1146, ""beach vacation outfit"": 0.0104}","{""subtle and understated outfit"": 0.8846, ""bold and loud statement outfit"": 0.1154}","{""soft muted pastel colors"": 0.875, ""bright bold colors"": 0.0417, ""dark moody colors"": 0.0417, ""neutral minimal colors"": 0.0417}","{""very formal outfit"": 0.0405, ""semi formal outfit"": 0.1757, ""casual informal outfit"": 0.7838}"
237,Red Draped Detail Mini Dress,₹749,https://assets.newme.asia/wp-content/uploads/2025/05/171834445a6b7ead/NM-IN-56-DRS-24-DEC-13851-DARKBROWN(1)_c.webp,https://newme.asia/product/red-draped-detail-mini-dress,product_images/236.jpg,DRS,"{""casual everyday wear"": 0.1442, ""party outfit"": 0.2788, ""wedding guest outfit"": 0.2404, ""office wear"": 0.0096, ""date night outfit"": 0.2404, ""beach vacation outfit"": 0.0865}","{""subtle and understated outfit"": 0.5, ""bold and loud statement outfit"": 0.5}","{""soft muted pastel colors"": 0.0714, ""bright bold colors"": 0.7857, ""dark moody colors"": 0.0714, ""neutral minimal colors"": 0.0714}","{""very formal outfit"": 0.2328, ""semi formal outfit"": 0.4914, ""casual informal outfit"": 0.2759}"
238,Sleeveless Bodycon Tie Detail Dress,₹499,https://assets.newme.asia/wp-content/uploads/2025/06/150959530d1677a4/NM-IN-56-DRS-25-MAY-16701-DARKGREY(1).webp,https://newme.asia/product/sleeveless-bodycon-tie-detail-dress,product_images/237.jpg,DRS,"{""casual everyday wear"": 0.0815, ""party outfit"": 0.4293, ""wedding guest outfit"": 0.1359, ""office wear"": 0.0054, ""date night outfit"": 0.2989, ""beach vacation outfit"": 0.0489}","{""subtle and understated outfit"": 0.5, ""bold and loud statement outfit"": 0.5}","{""soft muted pastel colors"": 0.25, ""bright bold colors"": 0.25, ""dark moody colors"": 0.25, ""neutral minimal colors"": 0.25}","{""very formal outfit"": 0.1915, ""semi formal outfit"": 0.5816, ""casual informal outfit"": 0.227}"
239,Red Belted Tube Mini Dress,₹1489,https://assets.newme.asia/wp-content/uploads/2026/03/201110237a7a0031/NM-PRC-391-DRS-26-MAR-31783-RED(1).webp,https://newme.asia/product/red-belted-tube-mini-dress,product_images/238.jpg,DRS,"{""casual everyday wear"": 0.1442, ""party outfit"": 0.2788, ""wedding guest outfit"": 0.2404, ""office wear"": 0.0096, ""date night outfit"": 0.2404, ""beach vacation outfit"": 0.0865}","{""subtle and understated outfit"": 0.5, ""bold and loud statement outfit"": 0.5}","{""soft muted pastel colors"": 0.0714, ""bright bold colors"": 0.7857, ""dark moody colors"": 0.0714, ""neutral minimal colors"": 0.0714}","{""very formal outfit"": 0.2328, ""semi formal outfit"": 0.4914, ""casual informal outfit"": 0.2759}"
240,Blue Striped Crop Shirt,₹409,https://assets.newme.asia/wp-content/uploads/2025/07/22171913a13ab80c/NM-IN-56-SHT-25-FEB-12802-BLUE(1).webp,https://newme.asia/product/blue-striped-crop-shirt,product_images/239.jpg,SHT,"{""casual everyday wear"": 0.3358, ""party outfit"": 0.2164, ""wedding guest outfit"": 0.0075, ""office wear"": 0.306, ""date night outfit"": 0.1269, ""beach vacation outfit"": 0.0075}","{""subtle and understated outfit"": 0.1154, ""bold and loud statement outfit"": 0.8846}","{""soft muted pastel colors"": 0.0714, ""bright bold colors"": 0.7857, ""dark moody colors"": 0.0714, ""neutral minimal colors"": 0.0714}","{""very formal outfit"": 0.2645, ""semi formal outfit"": 0.4711, ""casual informal outfit"": 0.2645}"
241,Grey Mid Rise Wrap Formal Pants,₹1449,https://assets.newme.asia/wp-content/uploads/2025/11/12053224c56f25b5/NM-PRC-346-TRS-25-NOV-26513-DARKGREY(1).webp,https://newme.asia/product/grey-mid-rise-wrap-formal-pants,product_images/240.jpg,TRS,"{""casual everyday wear"": 0.1688, ""party outfit"": 0.0688, ""wedding guest outfit"": 0.0063, ""office wear"": 0.6437, ""date night outfit"": 0.1063, ""beach vacation outfit"": 0.0063}","{""subtle and understated outfit"": 0.5, ""bold and loud statement outfit"": 0.5}","{""soft muted pastel colors"": 0.0714, ""bright bold colors"": 0.0714, ""dark moody colors"": 0.0714, ""neutral minimal colors"": 0.7857}","{""very formal outfit"": 0.5422, ""semi formal outfit"": 0.2834, ""casual informal outfit"": 0.1744}"
242,Light Blue Striped Wrap Mini Dress,₹1399,https://assets.newme.asia/wp-content/uploads/2026/05/190717064e597d73/NM-PRC-425-DRS-26-APR-32962-LIGHTBLUE(1).webp,https://newme.asia/product/light-blue-striped-wrap-mini-dress,product_images/241.jpg,DRS,"{""casual everyday wear"": 0.1442, ""party outfit"": 0.2788, ""wedding guest outfit"": 0.2404, ""office wear"": 0.0096, ""date night outfit"": 0.2404, ""beach vacation outfit"": 0.0865}","{""subtle and understated outfit"": 0.1154, ""bold and loud statement outfit"": 0.8846}","{""soft muted pastel colors"": 0.875, ""bright bold colors"": 0.0417, ""dark moody colors"": 0.0417, ""neutral minimal colors"": 0.0417}","{""very formal outfit"": 0.2328, ""semi formal outfit"": 0.4914, ""casual informal outfit"": 0.2759}"
243,Black Striped Collared Mini Dress,₹1499,https://assets.newme.asia/wp-content/uploads/2026/03/11095722a1031a5a/NM-PRC-425-DRS-26-FEB-31158-BLACK(1).webp,https://newme.asia/product/black-striped-collared-mini-dress,product_images/242.jpg,DRS,"{""casual everyday wear"": 0.1442, ""party outfit"": 0.2788, ""wedding guest outfit"": 0.2404, ""office wear"": 0.0096, ""date night outfit"": 0.2404, ""beach vacation outfit"": 0.0865}","{""subtle and understated outfit"": 0.1154, ""bold and loud statement outfit"": 0.8846}","{""soft muted pastel colors"": 0.0417, ""bright bold colors"": 0.4583, ""dark moody colors"": 0.4583, ""neutral minimal colors"": 0.0417}","{""very formal outfit"": 0.2328, ""semi formal outfit"": 0.4914, ""casual informal outfit"": 0.2759}"
244,Black Fitted Lapel Collar Top,₹1189,https://assets.newme.asia/wp-content/uploads/2025/12/310944064713672e/NM-PRC-178-BLS-25-DEC-29545-BLACK(1).webp,https://newme.asia/product/black-fitted-lapel-collar-top,product_images/243.jpg,BLS,"{""casual everyday wear"": 0.2292, ""party outfit"": 0.1875, ""wedding guest outfit"": 0.0764, ""office wear"": 0.3403, ""date night outfit"": 0.1597, ""beach vacation outfit"": 0.0069}","{""subtle and understated outfit"": 0.8846, ""bold and loud statement outfit"": 0.1154}","{""soft muted pastel colors"": 0.0714, ""bright bold colors"": 0.0714, ""dark moody colors"": 0.7857, ""neutral minimal colors"": 0.0714}","{""very formal outfit"": 0.3449, ""semi formal outfit"": 0.3275, ""casual informal outfit"": 0.3275}"
245,Off White Lapel Collar Blazer,₹1199,https://assets.newme.asia/wp-content/uploads/2026/01/14130605b6aa3eb2/NM-IN-56-BLZ-25-AUG-23472-OFFWHITE_(1).webp,https://newme.asia/product/off-white-lapel-collar-blazer,product_images/244.jpg,BLZ,"{""casual everyday wear"": 0.0071, ""party outfit"": 0.1071, ""wedding guest outfit"": 0.0786, ""office wear"": 0.65, ""date night outfit"": 0.15, ""beach vacation outfit"": 0.0071}","{""subtle and understated outfit"": 0.5, ""bold and loud statement outfit"": 0.5}","{""soft muted pastel colors"": 0.0417, ""bright bold colors"": 0.0417, ""dark moody colors"": 0.0417, ""neutral minimal colors"": 0.875}","{""very formal outfit"": 0.612, ""semi formal outfit"": 0.3281, ""casual informal outfit"": 0.0599}"
246,Black Striped Tube Neck Co-Ord Set,₹1179,https://assets.newme.asia/wp-content/uploads/2026/04/09141049f84ef270/NM-PRC-159-CRD-26-APR-32847-BLACK(1).webp,https://newme.asia/product/black-striped-tube-neck-co-ord-set,product_images/245.jpg,CRD,"{""casual everyday wear"": 0.2872, ""party outfit"": 0.2021, ""wedding guest outfit"": 0.0106, ""office wear"": 0.0106, ""date night outfit"": 0.1596, ""beach vacation outfit"": 0.3298}","{""subtle and understated outfit"": 0.1154, ""bold and loud statement outfit"": 0.8846}","{""soft muted pastel colors"": 0.0714, ""bright bold colors"": 0.0714, ""dark moody colors"": 0.7857, ""neutral minimal colors"": 0.0714}","{""very formal outfit"": 0.0208, ""semi formal outfit"": 0.4896, ""casual informal outfit"": 0.4896}"
247,Brown High Rise Wide-Leg Pants,₹1399,https://assets.newme.asia/wp-content/uploads/2025/12/3109491043f93635/NM-PRC-313-TRS-25-DEC-29433-BROWN(1).webp,https://newme.asia/product/brown-high-rise-wide-leg-pants-2,product_images/246.jpg,TRS,"{""casual everyday wear"": 0.2455, ""party outfit"": 0.1, ""wedding guest outfit"": 0.0091, ""office wear"": 0.4818, ""date night outfit"": 0.1545, ""beach vacation outfit"": 0.0091}","{""subtle and understated outfit"": 0.5, ""bold and loud statement outfit"": 0.5}","{""soft muted pastel colors"": 0.0714, ""bright bold colors"": 0.0714, ""dark moody colors"": 0.7857, ""neutral minimal colors"": 0.0714}","{""very formal outfit"": 0.3058, ""semi formal outfit"": 0.4298, ""casual informal outfit"": 0.2645}"
248,Light Grey High Rise Pleated Skirt,₹1299,https://assets.newme.asia/wp-content/uploads/2026/03/1715264619f2d5a5/NM-PRC-427-SKT-26-MAR-31647-LIGHTGREY(1).webp,https://newme.asia/product/light-grey-high-rise-pleated-skirt,product_images/247.jpg,SKT,"{""casual everyday wear"": 0.2872, ""party outfit"": 0.2872, ""wedding guest outfit"": 0.0106, ""office wear"": 0.2021, ""date night outfit"": 0.2021, ""beach vacation outfit"": 0.0106}","{""subtle and understated outfit"": 0.5, ""bold and loud statement outfit"": 0.5}","{""soft muted pastel colors"": 0.6176, ""bright bold colors"": 0.0294, ""dark moody colors"": 0.0294, ""neutral minimal colors"": 0.3235}","{""very formal outfit"": 0.1797, ""semi formal outfit"": 0.4793, ""casual informal outfit"": 0.341}"
249,White V-Neck Solid Bodysuit,₹1299,https://assets.newme.asia/wp-content/uploads/2026/03/120858435eb329ef/NM-PRC-312-BLS-26-FEB-31033-WHITE(1).webp,https://newme.asia/product/white-v-neck-solid-bodysuit,product_images/248.jpg,BLS,"{""casual everyday wear"": 0.2895, ""party outfit"": 0.2368, ""wedding guest outfit"": 0.0965, ""office wear"": 0.1667, ""date night outfit"": 0.2018, ""beach vacation outfit"": 0.0088}","{""subtle and understated outfit"": 0.8846, ""bold and loud statement outfit"": 0.1154}","{""soft muted pastel colors"": 0.0714, ""bright bold colors"": 0.0714, ""dark moody colors"": 0.0714, ""neutral minimal colors"": 0.7857}","{""very formal outfit"": 0.1579, ""semi formal outfit"": 0.4615, ""casual informal outfit"": 0.3806}"
250,Light Green V-Neck Check Co-Ord Set,₹2199,https://assets.newme.asia/wp-content/uploads/2025/12/241115185f0062c8/NM-PRC-374-CRD-25-DEC-29032-LIGHTGREEN(1).webp,https://newme.asia/product/light-green-v-neck-check-co-ord-set,product_images/249.jpg,CRD,"{""casual everyday wear"": 0.2872, ""party outfit"": 0.2021, ""wedding guest outfit"": 0.0106, ""office wear"": 0.0106, ""date night outfit"": 0.1596, ""beach vacation outfit"": 0.3298}","{""subtle and understated outfit"": 0.5, ""bold and loud statement outfit"": 0.5}","{""soft muted pastel colors"": 0.6176, ""bright bold colors"": 0.3235, ""dark moody colors"": 0.0294, ""neutral minimal colors"": 0.0294}","{""very formal outfit"": 0.0208, ""semi formal outfit"": 0.4896, ""casual informal outfit"": 0.4896}"
251,Light Brown Square Neck Co-Ords Set,₹1069,https://assets.newme.asia/wp-content/uploads/2026/03/161041496133e728/NM-PRC-313-CRD-26-MAR-31533-LIGHTBROWN(1).webp,https://newme.asia/product/light-brown-square-neck-co-ords-set,product_images/250.jpg,CRD,"{""casual everyday wear"": 0.2872, ""party outfit"": 0.2021, ""wedding guest outfit"": 0.0106, ""office wear"": 0.0106, ""date night outfit"": 0.1596, ""beach vacation outfit"": 0.3298}","{""subtle and understated outfit"": 0.5, ""bold and loud statement outfit"": 0.5}","{""soft muted pastel colors"": 0.6176, ""bright bold colors"": 0.0294, ""dark moody colors"": 0.3235, ""neutral minimal colors"": 0.0294}","{""very formal outfit"": 0.0208, ""semi formal outfit"": 0.4896, ""casual informal outfit"": 0.4896}"
252,Beige High Rise Pleated Pants,₹1299,https://assets.newme.asia/wp-content/uploads/2026/04/09124010e0585119/NM-PRC-9998-TRS-26-MAR-32335-BEIGE(1).webp,https://newme.asia/product/beige-high-rise-pleated-pants-4,product_images/251.jpg,TRS,"{""casual everyday wear"": 0.18, ""party outfit"": 0.0733, ""wedding guest outfit"": 0.0067, ""office wear"": 0.62, ""date night outfit"": 0.1133, ""beach vacation outfit"": 0.0067}","{""subtle and understated outfit"": 0.5, ""bold and loud statement outfit"": 0.5}","{""soft muted pastel colors"": 0.0714, ""bright bold colors"": 0.0714, ""dark moody colors"": 0.0714, ""neutral minimal colors"": 0.7857}","{""very formal outfit"": 0.47, ""semi formal outfit"": 0.3281, ""casual informal outfit"": 0.2019}"
253,Beige Mid Rise Wrap Skorts,₹1099,https://assets.newme.asia/wp-content/uploads/2026/03/301357228ae735d6/NM-PRC-443-SKO-26-MAR-32273-BEIGE(1).webp,https://newme.asia/product/beige-mid-rise-wrap-skorts,product_images/252.jpg,SKO,"{""casual everyday wear"": 0.5233, ""party outfit"": 0.1512, ""wedding guest outfit"": 0.0116, ""office wear"": 0.0116, ""date night outfit"": 0.0116, ""beach vacation outfit"": 0.2907}","{""subtle and understated outfit"": 0.5, ""bold and loud statement outfit"": 0.5}","{""soft muted pastel colors"": 0.0714, ""bright bold colors"": 0.0714, ""dark moody colors"": 0.0714, ""neutral minimal colors"": 0.7857}","{""very formal outfit"": 0.0203, ""semi formal outfit"": 0.198, ""casual informal outfit"": 0.7817}"
254,White Front Cut Top,₹699,https://assets.newme.asia/wp-content/uploads/2025/07/221748178193987d/NM-IN-56-BLS-25-MAY-16685-OFFWHITE(1).webp,https://newme.asia/product/white-front-cut-top,product_images/253.jpg,BLS,"{""casual everyday wear"": 0.2895, ""party outfit"": 0.2368, ""wedding guest outfit"": 0.0965, ""office wear"": 0.1667, ""date night outfit"": 0.2018, ""beach vacation outfit"": 0.0088}","{""subtle and understated outfit"": 0.5, ""bold and loud statement outfit"": 0.5}","{""soft muted pastel colors"": 0.0714, ""bright bold colors"": 0.0714, ""dark moody colors"": 0.0714, ""neutral minimal colors"": 0.7857}","{""very formal outfit"": 0.1718, ""semi formal outfit"": 0.4141, ""casual informal outfit"": 0.4141}"
255,Black Solid Bodycon Mini Dress,₹1199,https://assets.newme.asia/wp-content/uploads/2026/04/0914171040d407b0/NM-PRC-339-DRS-26-APR-32831-BLACK(1).webp,https://newme.asia/product/black-solid-bodycon-mini-dress-7,product_images/254.jpg,DRS,"{""casual everyday wear"": 0.0815, ""party outfit"": 0.4293, ""wedding guest outfit"": 0.1359, ""office wear"": 0.0054, ""date night outfit"": 0.2989, ""beach vacation outfit"": 0.0489}","{""subtle and understated outfit"": 0.8846, ""bold and loud statement outfit"": 0.1154}","{""soft muted pastel colors"": 0.0714, ""bright bold colors"": 0.0714, ""dark moody colors"": 0.7857, ""neutral minimal colors"": 0.0714}","{""very formal outfit"": 0.1788, ""semi formal outfit"": 0.6093, ""casual informal outfit"": 0.2119}"
256,Dark Grey Plaid Pleated Skirt Co-Ord Set,₹1499,https://assets.newme.asia/wp-content/uploads/2025/11/0713423894a78523/NM-PRC-374-CRD-25-NOV-26049-DARKGREY(1).webp,https://newme.asia/product/dark-grey-plaid-pleated-skirt-co-ord-set,product_images/255.jpg,CRD,"{""casual everyday wear"": 0.2872, ""party outfit"": 0.2021, ""wedding guest outfit"": 0.0106, ""office wear"": 0.0106, ""date night outfit"": 0.1596, ""beach vacation outfit"": 0.3298}","{""subtle and understated outfit"": 0.1154, ""bold and loud statement outfit"": 0.8846}","{""soft muted pastel colors"": 0.0714, ""bright bold colors"": 0.0714, ""dark moody colors"": 0.0714, ""neutral minimal colors"": 0.7857}","{""very formal outfit"": 0.0208, ""semi formal outfit"": 0.4896, ""casual informal outfit"": 0.4896}"
257,Cream Solid Mid Rise Trousers,₹1399,https://assets.newme.asia/wp-content/uploads/2026/04/0914055558439f76/NM-PRC-313-TRS-26-APR-32850-CREAM(1).webp,https://newme.asia/product/cream-solid-mid-rise-trousers,product_images/256.jpg,TRS,"{""casual everyday wear"": 0.2455, ""party outfit"": 0.1, ""wedding guest outfit"": 0.0091, ""office wear"": 0.4818, ""date night outfit"": 0.1545, ""beach vacation outfit"": 0.0091}","{""subtle and understated outfit"": 0.8846, ""bold and loud statement outfit"": 0.1154}","{""soft muted pastel colors"": 0.7857, ""bright bold colors"": 0.0714, ""dark moody colors"": 0.0714, ""neutral minimal colors"": 0.0714}","{""very formal outfit"": 0.2824, ""semi formal outfit"": 0.4733, ""casual informal outfit"": 0.2443}"
258,Wine V-Neck Solid Bodysuit,₹1399,https://assets.newme.asia/wp-content/uploads/2026/03/120858138e870617/NM-PRC-312-BLS-26-FEB-31033-WINE(1).webp,https://newme.asia/product/wine-v-neck-solid-bodysuit,product_images/257.jpg,BLS,"{""casual everyday wear"": 0.2895, ""party outfit"": 0.2368, ""wedding guest outfit"": 0.0965, ""office wear"": 0.1667, ""date night outfit"": 0.2018, ""beach vacation outfit"": 0.0088}","{""subtle and understated outfit"": 0.8846, ""bold and loud statement outfit"": 0.1154}","{""soft muted pastel colors"": 0.0714, ""bright bold colors"": 0.0714, ""dark moody colors"": 0.7857, ""neutral minimal colors"": 0.0714}","{""very formal outfit"": 0.1579, ""semi formal outfit"": 0.4615, ""casual informal outfit"": 0.3806}"
259,Black One Shoulder Bodycon Midi Dress,₹1309,https://assets.newme.asia/wp-content/uploads/2025/10/221518101f38761e/NM-PRC-44-DRS-25-OCT-25644-BLACK(1).webp,https://newme.asia/product/black-one-shoulder-bodycon-midi-dress,product_images/258.jpg,DRS,"{""casual everyday wear"": 0.0564, ""party outfit"": 0.3947, ""wedding guest outfit"": 0.094, ""office wear"": 0.0639, ""date night outfit"": 0.3571, ""beach vacation outfit"": 0.0338}","{""subtle and understated outfit"": 0.1154, ""bold and loud statement outfit"": 0.8846}","{""soft muted pastel colors"": 0.0714, ""bright bold colors"": 0.0714, ""dark moody colors"": 0.7857, ""neutral minimal colors"": 0.0714}","{""very formal outfit"": 0.1915, ""semi formal outfit"": 0.5816, ""casual informal outfit"": 0.227}"
260,Burgundy High Rise Pleated Pants,₹1399,https://assets.newme.asia/wp-content/uploads/2026/04/091357109ba412b1/NM-PRC-9998-TRS-26-MAR-32335-BURGUNDY(1).webp,https://newme.asia/product/burgundy-high-rise-pleated-pants,product_images/259.jpg,TRS,"{""casual everyday wear"": 0.18, ""party outfit"": 0.0733, ""wedding guest outfit"": 0.0067, ""office wear"": 0.62, ""date night outfit"": 0.1133, ""beach vacation outfit"": 0.0067}","{""subtle and understated outfit"": 0.5, ""bold and loud statement outfit"": 0.5}","{""soft muted pastel colors"": 0.0714, ""bright bold colors"": 0.0714, ""dark moody colors"": 0.7857, ""neutral minimal colors"": 0.0714}","{""very formal outfit"": 0.47, ""semi formal outfit"": 0.3281, ""casual informal outfit"": 0.2019}"
261,Dark Brown Embroidered Lapel Collar Blazer,₹1249,https://assets.newme.asia/wp-content/uploads/2026/03/11111908699ae27a/NM-PRC-340-BLZ-26-FEB-31208-DARKBROWN(1).webp,https://newme.asia/product/dark-brown-embroidered-lapel-collar-blazer,product_images/260.jpg,BLZ,"{""casual everyday wear"": 0.0054, ""party outfit"": 0.0815, ""wedding guest outfit"": 0.2989, ""office wear"": 0.4946, ""date night outfit"": 0.1141, ""beach vacation outfit"": 0.0054}","{""subtle and understated outfit"": 0.1154, ""bold and loud statement outfit"": 0.8846}","{""soft muted pastel colors"": 0.0417, ""bright bold colors"": 0.4583, ""dark moody colors"": 0.4583, ""neutral minimal colors"": 0.0417}","{""very formal outfit"": 0.612, ""semi formal outfit"": 0.3281, ""casual informal outfit"": 0.0599}"
262,White High Rise Wide Leg Pants,₹1249,https://assets.newme.asia/wp-content/uploads/2026/04/091356312467d170/NM-PRC-9998-TRS-26-APR-32822-WHITE(1).webp,https://newme.asia/product/white-high-rise-wide-leg-pants,product_images/261.jpg,TRS,"{""casual everyday wear"": 0.2455, ""party outfit"": 0.1, ""wedding guest outfit"": 0.0091, ""office wear"": 0.4818, ""date night outfit"": 0.1545, ""beach vacation outfit"": 0.0091}","{""subtle and understated outfit"": 0.5, ""bold and loud statement outfit"": 0.5}","{""soft muted pastel colors"": 0.0714, ""bright bold colors"": 0.0714, ""dark moody colors"": 0.0714, ""neutral minimal colors"": 0.7857}","{""very formal outfit"": 0.3058, ""semi formal outfit"": 0.4298, ""casual informal outfit"": 0.2645}"
263,Brown High Rise Houndstooth Midi Skirt,₹1299,https://assets.newme.asia/wp-content/uploads/2026/04/09124346ff03bfa5/NM-PRC-443-SKT-26-MAR-32272-BROWN(1).webp,https://newme.asia/product/brown-high-rise-houndstooth-midi-skirt,product_images/262.jpg,SKT,"{""casual everyday wear"": 0.2077, ""party outfit"": 0.2077, ""wedding guest outfit"": 0.0077, ""office wear"": 0.2692, ""date night outfit"": 0.3, ""beach vacation outfit"": 0.0077}","{""subtle and understated outfit"": 0.1154, ""bold and loud statement outfit"": 0.8846}","{""soft muted pastel colors"": 0.0714, ""bright bold colors"": 0.0714, ""dark moody colors"": 0.7857, ""neutral minimal colors"": 0.0714}","{""very formal outfit"": 0.1797, ""semi formal outfit"": 0.4793, ""casual informal outfit"": 0.341}"
264,Black Solid High Rise Wrap Pants,₹1299,https://assets.newme.asia/wp-content/uploads/2026/03/3110031692f35d06/NM-PRC-9998-TRS-26-MAR-32336-BLACK(1).webp,https://newme.asia/product/black-solid-high-rise-wrap-pants,product_images/263.jpg,TRS,"{""casual everyday wear"": 0.2455, ""party outfit"": 0.1, ""wedding guest outfit"": 0.0091, ""office wear"": 0.4818, ""date night outfit"": 0.1545, ""beach vacation outfit"": 0.0091}","{""subtle and understated outfit"": 0.8846, ""bold and loud statement outfit"": 0.1154}","{""soft muted pastel colors"": 0.0714, ""bright bold colors"": 0.0714, ""dark moody colors"": 0.7857, ""neutral minimal colors"": 0.0714}","{""very formal outfit"": 0.2824, ""semi formal outfit"": 0.4733, ""casual informal outfit"": 0.2443}"
265,Light Grey Bootcut Trouser,₹729,https://assets.newme.asia/wp-content/uploads/2025/12/22073000972aa5b7/NM-IN-56-TRS-25-MAY-16636-DARKGREY(1).webp,https://newme.asia/product/light-grey-bootcut-trouser,product_images/264.jpg,TRS,"{""casual everyday wear"": 0.2455, ""party outfit"": 0.1, ""wedding guest outfit"": 0.0091, ""office wear"": 0.4818, ""date night outfit"": 0.1545, ""beach vacation outfit"": 0.0091}","{""subtle and understated outfit"": 0.5, ""bold and loud statement outfit"": 0.5}","{""soft muted pastel colors"": 0.6176, ""bright bold colors"": 0.0294, ""dark moody colors"": 0.0294, ""neutral minimal colors"": 0.3235}","{""very formal outfit"": 0.3058, ""semi formal outfit"": 0.4298, ""casual informal outfit"": 0.2645}"
266,Black Highrise Aline Midi Skirt,₹1089,https://assets.newme.asia/wp-content/uploads/2025/07/30141353b1b8dacc/NM-PRC-313-SKT-25-JUL-23416-BLACK(1).webp,https://newme.asia/product/black-highrise-aline-midi-skirt,product_images/265.jpg,SKT,"{""casual everyday wear"": 0.2077, ""party outfit"": 0.2077, ""wedding guest outfit"": 0.0077, ""office wear"": 0.2692, ""date night outfit"": 0.3, ""beach vacation outfit"": 0.0077}","{""subtle and understated outfit"": 0.5, ""bold and loud statement outfit"": 0.5}","{""soft muted pastel colors"": 0.0714, ""bright bold colors"": 0.0714, ""dark moody colors"": 0.7857, ""neutral minimal colors"": 0.0714}","{""very formal outfit"": 0.1797, ""semi formal outfit"": 0.4793, ""casual informal outfit"": 0.341}"
